" file.BYTESIZE"
"\"graphical\""
"\"graphical\"\r\n"
"\"login\""
"\"logout\""
"\"online\""
"\"report\""
"\"view\""
"( ( DoublePDF(unit=\"unit\")[ (1.0; 0.02236000) (2.0; 0.04665000) (3.0; 0.10387000) (4.0; 0.16062000) (5.0; 0.20390000) (6.0; 0.18827000) (7.0; 0.11373000) (8.0; 0.06853000) (9.0; 0.02933000) (10.0; 0.01731000) (11.0; 0.00938000) (12.0; 0.00890000) (13.0; 0.00433000) (14.0; 0.00505000) (15.0; 0.00192000) (16.0; 0.00216000) (17.0; 0.00120000) ] * 0.04 ) + 0.18 ) * 14"
"(DoublePDF[(0.03;0.1)(0.05;0.9)])/20/100"
"(DoublePDF[(0.24;0.3)(0.25;0.4)(0.26;0.3)])/10/100"
"(DoublePDF[(0.3;0.3)(0.31;0.3)(0.32;0.3)(0.33;0.1)])/10/100\r\n"
"(DoublePDF[(1.2;0.15)(1.3;0.4)(1.4;0.3)(1.5;0.15)]+1.2)/20/100\r\n"
"(Trunc(Trunc(audioRequest.Count.VALUE)/2)+Trunc(audioRequest.Count.VALUE)%2)*DoublePDF[(2.7599156144E10;0.0)(2.7845577181E10;0.03571428571428571)(2.8091998218E10;0.1)(2.8338419255E10;0.014285714285714285)(2.8584840292E10;0.0)(2.8831261329E10;0.0)(2.9077682366E10;0.0)(2.9324103403E10;0.0)(2.957052444E10;0.0)(2.9816945477E10;0.0)(3.0063366514E10;0.0)(3.0309787551E10;0.0)(3.0556208588E10;0.0)(3.0802629625E10;0.0)(3.1049050662E10;0.1)(3.1295471699E10;0.09285714285714286)(3.1541892736E10;0.014285714285714285)(3.1788313773E10;0.007142857142857143)(3.203473481E10;0.0)(3.2281155847E10;0.0)(3.2527576884E10;0.0)(3.2773997921E10;0.0)(3.3020418958E10;0.0)(3.3266839995E10;0.007142857142857143)(3.3513261032E10;0.12857142857142856)(3.3759682069E10;0.02857142857142857)(3.4006103106E10;0.0)(3.4252524143E10;0.007142857142857143)(3.449894518E10;0.0)(3.4745366217E10;0.0)(3.4991787254E10;0.0)(3.5238208291E10;0.0)(3.5484629328E10;0.0)(3.5731050365E10;0.0)(3.5977471402E10;0.0)(3.6223892439E10;0.0)(3.6470313476E10;0.0)(3.6716734513E10;0.0)(3.696315555E10;0.007142857142857143)(3.7209576587E10;0.0)(3.7455997624E10;0.0)(3.7702418661E10;0.0)(3.7948839698E10;0.0)(3.8195260735E10;0.0)(3.8441681772E10;0.0)(3.8688102809E10;0.0)(3.8934523846E10;0.0)(3.9180944883E10;0.0)(3.942736592E10;0.0)(3.9673786957E10;0.0)(3.9920207994E10;0.0)(4.0166629031E10;0.0)(4.0413050068E10;0.0)(4.0659471105E10;0.0)(4.0905892142E10;0.0)(4.1152313179E10;0.0)(4.1398734216E10;0.007142857142857143)(4.1645155253E10;0.1)(4.189157629E10;0.1357142857142857)(4.2137997327E10;0.02142857142857143)(4.2384418364E10;0.0)(4.2630839401E10;0.0)(4.2877260438E10;0.0)(4.3123681475E10;0.0)(4.3370102512E10;0.0)(4.3616523549E10;0.0)(4.3862944586E10;0.0)(4.4109365623E10;0.0)(4.435578666E10;0.0)(4.4602207697E10;0.0)(4.4848628734E10;0.0)(4.5095049771E10;0.0)(4.5341470808E10;0.0)(4.5587891845E10;0.0)(4.5834312882E10;0.0)(4.6080733919E10;0.0)(4.6327154956E10;0.0)(4.6573575993E10;0.0)(4.681999703E10;0.0)(4.7066418067E10;0.0)(4.7312839104E10;0.0)(4.7559260141E10;0.0)(4.7805681178E10;0.0)(4.8052102215E10;0.0)(4.8298523252E10;0.0)(4.8544944289E10;0.0)(4.8791365326E10;0.0)(4.9037786363E10;0.0)(4.92842074E10;0.0)(4.9530628437E10;0.0)(4.9777049474E10;0.0)(5.0023470511E10;0.0)(5.0269891548E10;0.0)(5.0516312585E10;0.0)(5.0762733622E10;0.0)(5.1009154659E10;0.0)(5.1255575696E10;0.0)(5.1501996733E10;0.0)(5.174841777E10;0.05)(5.1994838807E10;0.1)(5.2241259844E10;0.02857142857142857)(5.2487680881E10;0.014285714285714285)]"
"-1"
"0"
"0.0"
"0.00000005 * 1000000"
"0.00000005 * 32000"
"0.00000005 * 48000"
"0.00000005 * 64000"
"0.00000005 * 80000"
"0.00000005 * 96000"
"0.00000005 * DoublePMF[(16050.0; 0.99996)(3210000.0; 0.00003)]"
"0.00000005 * DoublePMF[(1637100.0; 0.99003)(3210000.0; 0.008568)(6420000.0; 0.000975)(9630000.0; 0.000189)(1.284E7; 0.000094)(1.605E7; 0.000113)(1.926E7; 0.000025)(3.21E7; 0.000004)(1.605E8; 0.000002)]"
"0.00000005 * DoublePMF[(205440.0; 0.999769)(3210000.0; 0.000213)(6420000.0; 0.000012)(9630000.0; 0.000003)(1.284E7; 0.000002)(1.605E7; 0.000001)]"
"0.00000005 * DoublePMF[(2210000.0; 0.1476)(5420000.0; 0.7765)(8630000.0; 0.0281)(1.184E7; 0.0098)(1.505E7; 0.0267)(1.826E7; 0.0077)(2.147E7; 0.0012)(2.468E7; 0.0017)(2.789E7; 0.0004)(3.11E7; 0.0003)]"
"0.00000005 * DoublePMF[(2210000.0; 0.56551)(5420000.0; 0.40035)(8630000.0; 0.01181)(1.184E7; 0.00785)(1.505E7; 0.01373)(1.826E7; 0.00043)(2.147E7; 0.00003)(2.468E7; 0.00024)(2.789E7; 0.00002)(3.11E7; 0.00003)]"
"0.00000005 * DoublePMF[(28890.0; 0.98561)(6420000.0; 0.00014)(9630000.0; 0.01107)(1.284E7; 0.00212)(1.605E7; 0.00078)(1.926E7; 0.00021)(2.247E7; 0.00002)(2.568E7; 0.00003)(2.889E7; 0.00001)(3.21E7; 0.00001)]"
"0.00000005 * DoublePMF[(28890.0; 0.999952)(3210000.0; 0.000032)(6420000.0; 0.000015)(9630000.0; 0.000001)]"
"0.00000005 * DoublePMF[(28890.0; 0.999964)(3210000.0; 0.000035)(6420000.0; 0.000001)]"
"0.00000005 * DoublePMF[(353100.0; 0.999939)(6420000.0; 0.000047)(1.605E7; 0.000011)(2.247E7; 0.000002)(3.21E7; 0.000001)]"
"0.00000005 * DoublePMF[(385200.0; 0.999959)(9630000.0; 0.00003)(1.605E7; 0.000008)(2.568E7; 0.000002)]"
"0.00000005 * DoublePMF[(513600.0; 0.9983)(1605000.0; 0.0011)(3210000.0; 0.00044)(6420000.0; 0.00013)(9630000.0; 0.00002)(1.284E7; 0.00001)]"
"0.00000005 * DoublePMF[(8025.0; 0.99996)(3210000.0; 0.00003)(6420000.0; 0.00001)]"
"0.00000149 * StoredFiles.NUMBER_OF_ELEMENTS + 0.0096"
"0.00001"
"0.000015"
"0.001"
"0.001/100"
"0.0015"
"0.0028700828552246094"
"0.0032835006713867188"
"0.0036792755126953125"
"0.0038590431213378906"
"0.00511 * ( fileToMark.BYTESIZE )"
"0.01"
"0.0109"
"0.013"
"0.0145"
"0.015"
"0.0209"
"0.04"
"0.04\r\n"
"0.04 * ( StoredFiles.INNER.BYTESIZE ) + 0.08"
"0.05"
"0.05\r\n"
"0.1"
"0.1\r\n"
"0.1/100"
"0.2"
"0.2\r\n"
"0.2416393756866455"
"0.25"
"0.29"
"0.3"
"0.3\n"
"0.3*2.67E+9"
"0.3493513513514"
"0.4"
"0.5"
"0.50215"
"1"
"1 * 1024 * 1024"
"1.0"
"1.0512*audios.BYTESIZE+ 400000000"
"1.0810638521955225"
"1.2"
"1.5"
"10"
"10*(0.7*file.BYTESIZE/1000000)"
"10*(192/file.VALUE)*file.BYTESIZE/1000000"
"10*(192/file.VALUE)*file.BYTESIZE/1000000*0.7"
"10*file.BYTESIZE/1000000"
"10.0"
"10.0E+9"
"100"
"100 * a.VALUE"
"100.0"
"1000"
"1000 * 1000"
"1000 * 1000 * 1000"
"1000*1000"
"1000.0"
"10000"
"100000"
"100000.0"
"1000000"
"10000000"
"100000000"
"1000000000"
"10348672"
"11"
"12"
"150/100"
"1500"
"15000"
"1500000000"
"16+20"
"192"
"192/file.VALUE*file.BYTESIZE"
"192/file.VALUE*file.BYTESIZE*0.7"
"2"
"2.0"
"2.5"
"2.6 / 2.4"
"2.6/2.4"
"2.67E+9"
"2.8 / 2.4"
"2.85"
"20"
"200"
"2000"
"20000"
"20000000"
"200000000.0"
"2000000000"
"24 * 1000000"
"24*1000000"
"25+15*(file.BYTESIZE/1000000)"
"250000.0"
"256"
"3"
"3 / 2.4"
"3.0"
"3.15"
"3.5"
"30"
"300"
"300 * a.VALUE"
"30000"
"315"
"32000"
"333"
"3400000000.0"
"3400000000.0 * 0.01"
"3400000000.0 * 0.5"
"3500000000.0"
"399355.7771\r\n"
"4"
"4\r\n"
"4.0"
"4.3E+9"
"4000"
"40000"
"4000000"
"42"
"42 * dummyInput.VALUE"
"4500000"
"48*1024"
"48000"
"5"
"5 * callReturnInput.VALUE"
"5.0"
"50"
"50 * 1000 * 1000"
"500"
"5000"
"50000"
"6.25 * 1000 * 1000"
"600 * 1000 * 1000"
"64+20\r\n"
"64000"
"7"
"75"
"75182981.91"
"75600 * factor.VALUE"
"8.9"
"80000"
"8900"
"96000"
"99.0"
"BoolPMF[ (true;0.8) (false;0.2) ]"
"BoolPMF[(true;0.4)(false;0.6)]"
"BoolPMF[(true;0.5)(false;0.5)]"
"BoolPMF[(true;0.8)(false;0.2)]"
"CompParam.VALUE"
"DoublePDF(unit=\"s\")[ (0.3; 0.0) (0.4; 1.0) (0.5; 0.0) ]"
"DoublePDF(unit=\"s\")[ (3.0; 0.00000000) (3.5; 0.30000000) (4.0; 0.60000000) (4.5; 0.10000000) ]"
"DoublePDF(unit=\"s\")[(3.0;0.0)(3.5;0.3)(4.0;0.6)(4.5;0.1)] "
"DoublePDF[ (0.0060; 0.00000000) (0.0061; 0.02631579) (0.0062; 0.19736842) (0.0063; 0.31578947) (0.0064; 0.18421053) (0.0065; 0.07894737) (0.0066; 0.02631579) (0.0067; 0.02631579) (0.0068; 0.01315789) (0.0069; 0.00000000) (0.0070; 0.00000000) (0.0071; 0.01315789) (0.0072; 0.01315789) (0.0073; 0.00000000) (0.0074; 0.01315789) (0.0075; 0.01315789) (0.0076; 0.02631579) (0.0077; 0.01315789) (0.0078; 0.00000000) (0.0079; 0.01315789) (0.0080; 0.00000000) (0.0081; 0.00000000) (0.0082; 0.00000000) (0.0083; 0.00000000) (0.0084; 0.00000000) (0.0085; 0.00000000) (0.0086; 0.00000000) (0.0087; 0.00000000) (0.0088; 0.00000000) (0.0089; 0.00000000) (0.0090; 0.00000000) (0.0091; 0.00000000) (0.0092; 0.00000000) (0.0093; 0.00000000) (0.0094; 0.00000000) (0.0095; 0.00000000) (0.0096; 0.00000000) (0.0097; 0.01315789) (0.0098; 0.00000000) (0.0099; 0.01315789) ]"
"DoublePDF[ (0.01; 0.20000000) (0.02; 0.30000000) (0.03; 0.50000000) ]"
"DoublePDF[ (0.01; 0.90000000) (0.05; 0.10000000) ]"
"DoublePDF[ (0.028; 0.00000000) (0.029; 0.01818182) (0.03; 0.01818182) (0.031; 0.02727273) (0.032; 0.07272727) (0.033; 0.04545455) (0.034; 0.12727273) (0.035; 0.15454546) (0.036; 0.09090909) (0.037; 0.10000000) (0.038; 0.04545455) (0.039; 0.02727273) (0.04; 0.03636364) (0.041; 0.02727273) (0.042; 0.04545455) (0.043; 0.02727273) (0.044; 0.02727273) (0.045; 0.01818182) (0.046; 0.00000000) (0.047; 0.00000000) (0.048; 0.00000000) (0.049; 0.01818182) (0.05; 0.00000000) (0.051; 0.00000000) (0.052; 0.00000000) (0.053; 0.00000000) (0.054; 0.00000000) (0.055; 0.00000000) (0.056; 0.00000000) (0.057; 0.00000000) (0.058; 0.00000000) (0.059; 0.00000000) (0.06; 0.00000000) (0.061; 0.00000000) (0.062; 0.00000000) (0.063; 0.00000000) (0.064; 0.00909091) (0.065; 0.00000000) (0.066; 0.00000000) (0.067; 0.00000000) (0.068; 0.00000000) (0.069; 0.00000000) (0.07; 0.00000000) (0.071; 0.00000000) (0.072; 0.00000000) (0.073; 0.00000000) (0.074; 0.00000000) (0.075; 0.00000000) (0.076; 0.00000000) (0.077; 0.00000000) (0.078; 0.00000000) (0.079; 0.00000000) (0.08; 0.00000000) (0.081; 0.00000000) (0.082; 0.00000000) (0.083; 0.00909091) (0.084; 0.00000000) (0.085; 0.00000000) (0.086; 0.00000000) (0.087; 0.00000000) (0.088; 0.00000000) (0.089; 0.00000000) (0.09; 0.00000000) (0.091; 0.00909091) (0.092; 0.00000000) (0.093; 0.00000000) (0.094; 0.00000000) (0.095; 0.00000000) (0.096; 0.00000000) (0.097; 0.00000000) (0.098; 0.00000000) (0.099; 0.00000000) (0.1; 0.00000000) (0.101; 0.00000000) (0.102; 0.00000000) (0.103; 0.00000000) (0.104; 0.00000000) (0.105; 0.00000000) (0.106; 0.00000000) (0.107; 0.00000000) (0.108; 0.00000000) (0.109; 0.00000000) (0.11; 0.00000000) (0.111; 0.00000000) (0.12; 0.01818182) (0.13; 0.00909091) (0.14; 0.00909091) (0.15; 0.00000000) (0.2; 0.00000000) (0.23; 0.00909091) ]"
"DoublePDF[ (0.02; 0.20000000) (0.03; 0.80000000) ]"
"DoublePDF[ (0.17; 0.20000000) (0.19; 0.30000000) (0.23; 0.50000000) ]"
"DoublePDF[ (1.0; 0.02236000) (2.0; 0.04665000) (3.0; 0.10387000) (4.0; 0.16062000) (5.0; 0.20390000) (6.0; 0.18827000) (7.0; 0.11373000) (8.0; 0.06853000) (9.0; 0.02933000) (10.0; 0.01731000) (11.0; 0.00938000) (12.0; 0.00890000) (13.0; 0.00433000) (14.0; 0.00505000) (15.0; 0.00192000) (16.0; 0.00216000) (17.0; 0.00120000) ]"
"DoublePDF[ (1.0; 0.25000000) (2.0; 0.50000000) (3.0; 0.25000000) ]"
"DoublePDF[ (2.0; 1.00000000) ]"
"DoublePDF[ (3.0500000000000004E-4; 0.00000000) (3.1500000000000007E-4; 0.00004000) (3.250000000000001E-4; 0.06844000) (3.35E-4; 0.59768000) (3.4500000000000004E-4; 0.21221000) (3.5500000000000006E-4; 0.07866000) (3.650000000000001E-4; 0.02875000) (3.75E-4; 0.01422000) ] / 2"
"DoublePDF[ (3.0; 1.00000000) ]"
"DoublePDF[ (3.9500000000000006E-4; 0.00000000) (4.050000000000001E-4; 0.07065000) (4.1500000000000006E-4; 0.48902000) (4.250000000000001E-4; 0.19040000) (4.3500000000000006E-4; 0.08020000) (4.450000000000001E-4; 0.03977000) (4.5500000000000006E-4; 0.03577000) (4.650000000000001E-4; 0.02377000) (4.750000000000001E-4; 0.00955000) (4.8500000000000013E-4; 0.01400000) (4.95E-4; 0.01977000) (5.05E-4; 0.01333000) (5.15E-4; 0.01244000) (5.250000000000001E-4; 0.00133000) ] / 2"
"DoublePDF[ (3.9E-4; 0.00000000) (4.0E-4; 1.00000000) ]"
"DoublePDF[ (4.0; 1.00000000) ]"
"DoublePDF[ (6.0E-4; 0.00000000) (6.2E-4; 0.80000000) (9.5E-4; 0.20000000) ]"
"DoublePDF[( 1.0 ; 0.6 ) ( 2.0 ; 0.2 ) ( 4.0 ; 0.2 )]"
"DoublePDF[(0.001;90.47)(0.003;6.61)(0.004;1.55)(0.006;0.36)(0.007;0.16)(0.008;0.08)(0.01;0.14)(0.011;0.06)(0.013;0.13)(0.014;0.09)(0.015;0.04)(0.017;0.03)(0.018;0.07)(0.02;0.06)(0.021;0.04)(0.024;0.01)(0.025;0.01)(0.028;0.02)(0.031;0.01)(0.032;0.02)(0.035;0.01)(0.041;0.01)(0.051;0.01)(0.071;0.01)]\n"
"DoublePDF[(0.001;93.31)(0.003;4.66)(0.005;0.68)(0.007;0.25)(0.008;0.17)(0.01;0.03)(0.012;0.14)(0.013;0.16)(0.015;0.08)(0.017;0.09)(0.019;0.05)(0.02;0.01)(0.022;0.02)(0.024;0.01)(0.026;0.03)(0.027;0.01)(0.029;0.05)(0.031;0.02)(0.032;0.03)(0.034;0.03)(0.036;0.03)(0.038;0.04)(0.039;0.02)(0.043;0.01)(0.045;0.03)(0.046;0.01)(0.053;0.01)(0.06;0.01)(0.086;0.01)]\n"
"DoublePDF[(0.0021691322326660156;0)(0.004986763000488281;0.9712942588517703)(0.007692813873291016;0.02440488097619524)(0.010526180267333984;0.0011002200440088017)(0.011830402374267579;1.0002000400080016E-4)(0.03710031509399414;0)(0.0389251708984375;0.0014002800560112022)(0.04148530960083008;7.001400280056011E-4)(0.04410982131958008;4.0008001600320064E-4)(0.04750211334228516;1.0002000400080016E-4)(0.05321788787841797;0)(0.055278778076171875;3.000600120024005E-4)(0.08433914184570312;0)(0.08710718154907227;2.0004000800160032E-4)]"
"DoublePDF[(0.0022521018981933594;0)(0.002589702606201172;0.01315657326503967)(0.0029277801513671875;0.11228281610926986)(0.003265857696533203;0.3189715777844732)(0.0036039352416992188;0.3196746007833685)(0.003942012786865234;0.13477955207391784)(0.00428009033203125;0.03444812694586723)(0.0046176910400390625;0.014261323691875064)(0.004944801330566406;0.00833584412975796)(0.005291938781738281;0.006327206990057246)(0.005629062652587891;0.004419001707341569)(0.005960941314697266;0.0018077734257306419)(0.006191253662109375;7.030229988952496E-4)(0.006627082824707031;3.0129557095510696E-4)(0.007749629974365234;1.0043185698503566E-4)(0.007277965545654297;2.0086371397007131E-4)(0.007645130157470703;0.0012051822838204278)(0.007992267608642578;0.005523752134176961)(0.0083160400390625;0.006025911419102139)(0.008672237396240234;0.007331525559907603)(0.008990764617919922;0.004419001707341569)(0.009338855743408203;0.0027116601385959627)(0.009686946868896484;0.0016069097117605705)(0.01000833511352539;4.0172742794014263E-4)(0.010261058807373047;2.0086371397007131E-4)(0.010622024536132812;2.0086371397007131E-4)(0.011023998260498047;2.0086371397007131E-4)(0.012220932006835938;1.0043185698503566E-4)(0.011461734771728516;2.0086371397007131E-4)(0.012392044067382812;0)(0.013392044067382813;1.0043185698503566E-4)]"
"DoublePDF[(0.0024819374084472656;0)(0.005406379699707031;0.9359743897559024)(0.008250236511230469;0.05732292917166867)(0.010378360748291016;0.0014005602240896359)(0.03702592849731445;0)(0.038025928497314454;1.0004001600640257E-4)(0.040445804595947266;0.0038015206082432974)(0.04312276840209961;6.002400960384153E-4)(0.04658222198486328;0)(0.04758222198486328;1.0004001600640257E-4)(0.05280113220214844;0)(0.054384708404541016;2.0008003201280514E-4)(0.057543277740478516;2.0008003201280514E-4)(0.06380891799926758;0)(0.06480891799926758;1.0004001600640257E-4)(0.0835113525390625;0)(0.0845113525390625;1.0004001600640257E-4)(0.09026193618774414;0)(0.09126193618774414;1.0004001600640257E-4)]"
"DoublePDF[(0.002;0.9752)(0.004;0.0197)(0.006;0.0011)(0.008;0.0004)(0.01;0.0001)(0.012;0.0011)(0.014;0.0001)(0.016;0.0005)(0.019;0.0004)(0.021;0.0003)(0.023;0.0001)(0.025;0.0001)(0.027;0.0001)(0.029;0.0001)(0.031;0.0001)(0.035;0.0001)(0.052;0.0001)(0.065;0.0001)(0.067;0.0002)(0.105;0.0001)]"
"DoublePDF[(0.002;97.52)(0.004;1.97)(0.006;0.11)(0.008;0.04)(0.01;0.01)(0.012;0.11)(0.014;0.01)(0.016;0.05)(0.019;0.04)(0.021;0.03)(0.023;0.01)(0.025;0.01)(0.027;0.01)(0.029;0.01)(0.031;0.01)(0.035;0.01)(0.052;0.01)(0.065;0.01)(0.067;0.02)(0.105;0.01)]\n"
"DoublePDF[(0.003;45.2380952380952)(0.007;21.3650793650794)(0.011;8.25396825396825)(0.016;5.23809523809524)(0.02;2.95238095238095)(0.024;2.31746031746032)(0.029;3.20634920634921)(0.033;2.57142857142857)(0.037;3.3015873015873)(0.041;2.0952380952381)(0.046;1.58730158730159)(0.05;0.666666666666667)(0.054;0.444444444444444)(0.059;0.222222222222222)(0.063;0.126984126984127)(0.067;0.158730158730159)(0.072;0.0317460317460317)(0.076;0.0317460317460317)(0.08;0.0317460317460317)(0.093;0.0317460317460317)(0.102;0.0317460317460317)(0.136;0.0317460317460317)(0.179;0.0317460317460317)(0.214;0.0317460317460317)]\n"
"DoublePDF[(0.00535;0.0017)(0.0076;0.153)(0.00605;0.531)(0.00635;0.290)(0.00893; 0.0243)]"
"DoublePDF[(0.005495512324074904;1.644479248238058)(0.009820532314479352;17.253980683894547)(0.0141455523048838;9.762464108587835)(0.018470572295288246;4.541895066562255)(0.02279559228569269;3.001827199164709)(0.02712061227609714;3.0801357347950926)(0.031445632266501586;2.975724353954581)(0.03577065225690604;4.776820673453407)(0.040095672247310477;7.073871051944662)(0.04442069223771493;5.638214565387627)(0.048745712228119374;5.037849125554685)(0.05307073221852382;8.274601931610546)(0.05739575220892827;7.909162098668755)(0.06172077219933272;6.134168624380058)(0.06604579218973716;3.6805011746280343)(0.0703708121801416;2.2709475332811273)(0.07469583217054607;1.8794048551292093)(0.0790208521609505;1.4356564865570347)(0.08334587215135494;0.9135995823544766)(0.0876708921417594;0.6264682850430697)(0.09199591213216385;0.5742625946228139)(0.09632093212256829;0.31323414252153486)(0.10064595211297274;0.15661707126076743)(0.10497097210337719;0.10441138084051162)(0.10929599209378163;0.15661707126076743)(0.11362101208418608;0.10441138084051162)(0.11794603207459053;0.07830853563038372)(0.12227105206499497;0.10441138084051162)(0.1265960720553994;0.05220569042025581)(0.13092109204580388;0.07830853563038372)(0.13957113202661275;0.05220569042025581)(0.14389615201701722;0.026102845210127904)(0.1525461919978261;0.026102845210127904)(0.161196231978635;0.05220569042025581)(0.1698462719594439;0.026102845210127904)(0.19147137191146613;0.026102845210127904)(0.1957963919018706;0.026102845210127904)(0.25634667176753284;0.026102845210127904)(0.2693217317387462;0.026102845210127904)(0.29959687167157734;0.026102845210127904)(0.654248510884742;0.026102845210127904)(1.2986764894550045;0.026102845210127904)]"
"DoublePDF[(0.005;0.634375)(0.007;0.2415)(0.01;0.025)(0.012;0.015875)(0.014;0.023)(0.017;0.019625)(0.019;0.010875)(0.021;0.00875)(0.024;0.005625)(0.026;0.003875)(0.028;0.002625)(0.031;0.001125)(0.033;0.001875)(0.035;0.00125)(0.038;0.0005)(0.04;0.0005)(0.042;0.000625)(0.045;0.00075)(0.047;0.00025)(0.049;0.00075)(0.052;0.000125)(0.054;0.000125)(0.059;0.00025)(0.061;0.00025)(0.068;0.000125)(0.071;0.000125)(0.087;0.000125)(0.12;0.000125)]"
"DoublePDF[(0.005;63.4375)(0.007;24.15)(0.01;2.5)(0.012;1.5875)(0.014;2.3)(0.017;1.9625)(0.019;1.0875)(0.021;0.875)(0.024;0.5625)(0.026;0.3875)(0.028;0.2625)(0.031;0.1125)(0.033;0.1875)(0.035;0.125)(0.038;0.05)(0.04;0.05)(0.042;0.0625)(0.045;0.075)(0.047;0.025)(0.049;0.075)(0.052;0.0125)(0.054;0.0125)(0.059;0.025)(0.061;0.025)(0.068;0.0125)(0.071;0.0125)(0.087;0.0125)(0.12;0.0125)]\n"
"DoublePDF[(0.0085;0.0221)(0.0095;0.477)(0.0105;0.48)(0.0115;0.0209)]"
"DoublePDF[(0.0095;0.0221)(0.0105;0.477)(0.0115;0.48)(0.0125;0.0209)]"
"DoublePDF[(0.009;20.7)(0.013;12.1)(0.017;5.1)(0.022;7.4)(0.026;4.5)(0.03;3.8)(0.035;4.6)(0.039;6.2)(0.043;5.9)(0.048;6.7)(0.052;4)(0.056;4.2)(0.061;3.7)(0.065;3.5)(0.069;1.7)(0.074;0.9)(0.078;0.8)(0.082;1.2)(0.087;0.8)(0.091;0.5)(0.095;0.8)(0.1;0.1)(0.104;0.2)(0.108;0.2)(0.13;0.1)(0.134;0.1)(0.147;0.1)(0.221;0.1)]\n"
"DoublePDF[(0.011;0.419671326956095)(0.031;0.279617365710081)(0.05;0.218052489575668)(0.07;0.0532254108413049)(0.09;0.0174147657591366)(0.109;0.00564140299239637)(0.129;0.00245278390973755)(0.149;0.00147167034584253)(0.168;0.00049055678194751)(0.188;0.000245278390973755)(0.207;0.000245278390973755)(0.247;0.000735835172921266)(0.286;0.000245278390973755)(0.737;0.000245278390973755)(0.973;0.000245278390973755)]"
"DoublePDF[(0.012472804589197039;19.0)(0.016366414586082102;12.0)(0.020260024582967162;14.000000000000002)(0.024153634579852222;8.0)(0.028047244576737285;9.0)(0.03194085457362235;2.0)(0.0358344645705074;1.0)(0.03972807456739247;3.0)(0.043621684564277535;3.0)(0.04751529456116259;1.0)(0.051408904558047655;1.0)(0.06308973454870283;1.0)(0.0669833445455879;1.0)(0.1760044244583696;1.0)(0.18768525444902479;1.0)(0.19547247444279492;2.0)(0.19936608443967996;1.0)(0.20325969443656505;1.0)(0.2071533044334501;2.0)(0.2266213544178754;3.0)(0.23051496441476046;2.0)(0.23440857441164553;1.0)(0.2460894044023007;1.0)(0.2577702343929559;1.0)(0.2811318943742662;1.0)(0.2850255043711513;1.0)(0.29281272436492145;2.0)(0.3044935543555766;1.0)(0.32006799434311684;1.0)(0.33953604432754214;1.0)(0.36679131430573764;1.0)(0.39794019428081806;1.0)]"
"DoublePDF[(0.013;99.7)(0.038;0.26)(0.112;0.01)(0.433;0.01)(0.557;0.01)(1.224;0.01)]\n"
"DoublePDF[(0.015;0.485)(0.065;0.4951)(0.11;0.0199)]"
"DoublePDF[(0.015;40)(0.021;10)(0.028;10)(0.041;5)(0.047;5)(0.06;5)(0.203;5)(0.223;5)(0.262;5)(0.268;5)(0.333;5)]\n"
"DoublePDF[(0.01967906951904297;0)(0.023871898651123047;0.9421710855427714)(0.02806377410888672;0.029014507253626812)(0.03184175491333008;0.0033016508254127062)(0.03642416000366211;5.002501250625312E-4)(0.041287017822265626;1.0005002501250626E-4)(0.04483509063720703;0.002701350675337669)(0.04887676239013672;0.005102551275637819)(0.05318593978881836;0.00560280140070035)(0.05726432800292969;0.003701850925462731)(0.06085395812988281;5.002501250625312E-4)(0.0671229362487793;0)(0.06963300704956055;4.0020010005002504E-4)(0.0734720230102539;3.0015007503751874E-4)(0.0762338638305664;2.0010005002501252E-4)(0.08347184753417969;1.0005002501250626E-4)(0.08480596542358398;2.0010005002501252E-4)(0.08854587173461914;1.0005002501250626E-4)(0.09338903427124023;5.002501250625312E-4)(0.09909772872924805;0.0019009504752376188)(0.10292673110961914;0.0019009504752376188)(0.10773324966430664;8.004002001000501E-4)(0.11383819580078125;0)(0.11469602584838867;2.0010005002501252E-4)(0.12296104431152344;0)(0.12396104431152344;1.0005002501250626E-4)(0.12564189529418945;1.0005002501250626E-4)(0.13603830337524414;0)(0.13616514205932617;2.0010005002501252E-4)(0.1406651268005371;1.0005002501250626E-4)(0.14552736282348633;2.0010005002501252E-4)]"
"DoublePDF[(0.01;0.05)(0.02;0.05)(0.03;0.9)] + 0.0000001 * Entries.NUMBER_OF_ELEMENTS*2"
"DoublePDF[(0.01;0.2)(0.02;0.6)(0.03;0.2)]*4*2\r\n\r\n"
"DoublePDF[(0.01;0.5285)(0.025;0.1585)(0.04;0.08)(0.056;0.089)(0.071;0.0585)(0.086;0.0445)(0.102;0.022)(0.117;0.0075)(0.132;0.005)(0.147;0.0025)(0.163;0.0005)(0.209;0.0005)(0.285;0.0005)(0.346;0.0005)(0.423;0.001)(0.729;0.0005)(0.76;0.0005)]"
"DoublePDF[(0.01;0.6553125)(0.02;0.1003125)(0.03;0.125)(0.04;0.075)(0.05;0.0284375)(0.06;0.009375)(0.07;0.0025)(0.1;0.000625)(0.11;0.0015625)(0.13;0.0003125)(0.17;0.000625)(0.25;0.0003125)(0.46;0.0003125)(0.55;0.0003125)]"
"DoublePDF[(0.01;52.85)(0.025;15.85)(0.04;8)(0.056;8.9)(0.071;5.85)(0.086;4.45)(0.102;2.2)(0.117;0.75)(0.132;0.5)(0.147;0.25)(0.163;0.05)(0.209;0.05)(0.285;0.05)(0.346;0.05)(0.423;0.1)(0.729;0.05)(0.76;0.05)]\n"
"DoublePDF[(0.020628929138183594;0)(0.02608489990234375;0.9714743268942048)(0.031238079071044922;0.005204684215794215)(0.033138275146484375;5.004504053648283E-4)(0.04226596450805664;1.0009008107296567E-4)(0.04588508605957031;2.0018016214593134E-4)(0.05335092544555664;4.003603242918627E-4)(0.058838844299316406;0.01411270143128816)(0.0626211166381836;0.005204684215794215)(0.06839997863769531;1.0009008107296567E-4)(0.0750889778137207;2.0018016214593134E-4)(0.0800180435180664;6.00540486437794E-4)(0.08530378341674805;2.0018016214593134E-4)(0.09008407592773438;6.00540486437794E-4)(0.10549306869506836;0)(0.1076197624206543;2.0018016214593134E-4)(0.11307199096679688;1.0009008107296567E-4)(0.1182637939453125;1.0009008107296567E-4)(0.1259751319885254;0)(0.1269751319885254;1.0009008107296567E-4)(0.13388068771362305;1.0009008107296567E-4)(0.13771398162841797;1.0009008107296567E-4)(0.1459360122680664;2.0018016214593134E-4)(0.17511510848999023;0)(0.17611510848999024;1.0009008107296567E-4)(0.18540008163452149;1.0009008107296567E-4)]"
"DoublePDF[(0.02099466323852539;0)(0.025899887084960938;0.9649614576033637)(0.03062915802001953;0.010111122234457903)(0.03565263748168945;0.0010011012113324658)(0.03976869583129883;2.0022024226649314E-4)(0.04597616195678711;0)(0.04944324493408203;3.0033036339973974E-4)(0.054234981536865234;3.0033036339973974E-4)(0.06014394760131836;0.01811993192511763)(0.06471633911132812;0.002803083391730904)(0.06873130798339844;3.0033036339973974E-4)(0.07332611083984375;3.0033036339973974E-4)(0.0796351432800293;5.005506056662329E-4)(0.08407790756225586;1.0011012113324657E-4)(0.0862508544921875;1.0011012113324657E-4)(0.09617805480957031;0)(0.09717805480957031;1.0011012113324657E-4)(0.10286617279052734;2.0022024226649314E-4)(0.11890697479248047;0)(0.11990697479248047;1.0011012113324657E-4)(0.12315995788574219;1.0011012113324657E-4)(0.13348674774169922;0)(0.13448674774169922;1.0011012113324657E-4)(0.15656518936157227;0)(0.15756518936157227;1.0011012113324657E-4)(0.15996081924438477;1.0011012113324657E-4)(0.16920383071899414;1.0011012113324657E-4)]"
"DoublePDF[(0.023005962371826172;0)(0.02420330047607422;0.1189237847569514)(0.02540111541748047;0.6463292658531706)(0.02659893035888672;0.15353070614122824)(0.02777385711669922;0.023404680936187236)(0.02899312973022461;0.015503100620124026)(0.030185222625732422;0.010702140428085618)(0.03134870529174805;0.004800960192038408)(0.032491207122802734;0.0014002800560112022)(0.032907962799072266;2.0004000800160032E-4)(0.03452587127685547;4.0008001600320064E-4)(0.03802824020385742;0)(0.038329124450683594;2.0004000800160032E-4)(0.039628028869628906;2.0004000800160032E-4)(0.040791988372802734;2.0004000800160032E-4)(0.04257400131225586;1.0002000400080016E-4)(0.0431671142578125;5.001000200040008E-4)(0.04402303695678711;8.001600320064013E-4)(0.04570198059082031;6.00120024004801E-4)(0.04694795608520508;0.0016003200640128026)(0.04814481735229492;0.0068013602720544105)(0.04935312271118164;0.007601520304060812)(0.05054903030395508;0.002600520104020804)(0.051699161529541016;0.001900380076015203)(0.052835941314697266;0.0011002200440088017)(0.05462796783447266;1.0002000400080016E-4)(0.05530691146850586;2.0004000800160032E-4)(0.056121826171875;2.0004000800160032E-4)(0.05893707275390625;0)(0.05993707275390625;1.0002000400080016E-4)]"
"DoublePDF[(0.023485183715820312;0)(0.024913311004638672;0.10162032406481296)(0.026340961456298828;0.6421284256851371)(0.027765274047851562;0.1774354870974195)(0.02919769287109375;0.02490498099619924)(0.03061819076538086;0.01280256051210242)(0.03204965591430664;0.006901380276055211)(0.03335428237915039;0.0016003200640128026)(0.034807682037353516;8.001600320064013E-4)(0.03584575653076172;4.0008001600320064E-4)(0.037640167236328126;1.0002000400080016E-4)(0.0391697883605957;4.0008001600320064E-4)(0.040364742279052734;3.000600120024005E-4)(0.04215574264526367;0)(0.042733192443847656;3.000600120024005E-4)(0.04460334777832031;0.0010002000400080016)(0.04607105255126953;8.001600320064013E-4)(0.04772138595581055;0.0010002000400080016)(0.049173831939697266;0.009201840368073614)(0.05060386657714844;0.006601320264052811)(0.052041053771972656;0.0058011602320464095)(0.053374290466308594;0.003200640128025605)(0.05482673645019531;0.0010002000400080016)(0.05619096755981445;7.001400280056011E-4)(0.05759096145629883;2.0004000800160032E-4)(0.05837821960449219;4.0008001600320064E-4)(0.06018495559692383;2.0004000800160032E-4)(0.06355905532836914;0)(0.06455905532836914;1.0002000400080016E-4)(0.0673290023803711;1.0002000400080016E-4)]"
"DoublePDF[(0.02382183074951172;0)(0.025230884552001953;0.11293388016404922)(0.026639938354492188;0.6260878263479044)(0.028049945831298828;0.16654996498949684)(0.029449939727783203;0.03341002300690207)(0.03086566925048828;0.014504351305391617)(0.032269954681396484;0.008802640792237672)(0.03338432312011719;0.0023006902070621185)(0.03488016128540039;0.0012003601080324098)(0.03632402420043945;5.001500450135041E-4)(0.03735923767089844;4.0012003601080324E-4)(0.03920602798461914;3.0009002700810244E-4)(0.0418701171875;0)(0.0428701171875;1.0003000900270081E-4)(0.043519020080566406;3.0009002700810244E-4)(0.04471397399902344;7.002100630189057E-4)(0.0463709831237793;7.002100630189057E-4)(0.047698020935058594;0.001100330099029709)(0.04918098449707031;0.007502250675202561)(0.05059099197387695;0.01100330099029709)(0.05200004577636719;0.005901770531159348)(0.05328178405761719;0.003200960288086426)(0.05466318130493164;9.002700810243073E-4)(0.05605506896972656;5.001500450135041E-4)(0.05715799331665039;2.0006001800540162E-4)(0.058820247650146484;4.0012003601080324E-4)(0.06127357482910156;0)(0.06149005889892578;2.0006001800540162E-4)(0.06351995468139648;0)(0.06369686126708984;2.0006001800540162E-4)(0.06710584259033203;1.0003000900270081E-4)]"
"DoublePDF[(0.02421712875366211;0)(0.025386333465576172;0.06852055616685006)(0.02655506134033203;0.5725717715314594)(0.027724266052246094;0.25327598279483843)(0.028889179229736328;0.036510953285985796)(0.03004169464111328;0.012103631089326798)(0.031212806701660156;0.01370411123337001)(0.03239917755126953;0.009102730819245773)(0.03356504440307617;0.0031009302790837253)(0.034732818603515625;0.0010003000900270082)(0.035192012786865234;5.001500450135041E-4)(0.03629589080810547;2.0006001800540162E-4)(0.03833484649658203;0)(0.038887977600097656;4.0012003601080324E-4)(0.04105377197265625;0)(0.04205377197265625;1.0003000900270081E-4)(0.04305315017700195;0)(0.044053150177001954;1.0003000900270081E-4)(0.04507923126220703;5.001500450135041E-4)(0.04597902297973633;3.0009002700810244E-4)(0.0475459098815918;9.002700810243073E-4)(0.04875898361206055;0.001600480144043213)(0.0499420166015625;0.008402520756226868)(0.05108785629272461;0.008602580774232269)(0.05226278305053711;0.0043012903871161344)(0.053316593170166016;0.0023006902070621185)(0.05409717559814453;7.002100630189057E-4)(0.05549764633178711;7.002100630189057E-4)(0.05676889419555664;2.0006001800540162E-4)(0.058197975158691406;0)(0.059298038482666016;3.0009002700810244E-4)]"
"DoublePDF[(0.024;92.5471698113208)(0.069;6.79245283018868)(0.115;0.330188679245283)(0.161;0.0471698113207547)(0.297;0.0943396226415094)(0.388;0.0471698113207547)(0.479;0.0471698113207547)(0.57;0.0471698113207547)(2.256;0.0471698113207547)]\n"
"DoublePDF[(0.026263713836669922;0)(0.03910493850708008;0.95995995995996)(0.048455238342285156;0.004704704704704705)(0.06484079360961914;0.022622622622622622)(0.07752513885498047;0.008408408408408409)(0.08994293212890625;0.002002002002002002)(0.09955072402954102;8.008008008008008E-4)(0.11429309844970703;5.005005005005005E-4)(0.12026166915893555;2.002002002002002E-4)(0.14157438278198242;2.002002002002002E-4)(0.15243108367919922;1.001001001001001E-4)(0.17808914184570312;0)(0.17908914184570313;1.001001001001001E-4)(0.1845346221923828;1.001001001001001E-4)(0.24690818786621094;0)(0.24790818786621094;1.001001001001001E-4)(0.3141512870788574;0)(0.3151512870788574;1.001001001001001E-4)(0.41213417053222656;0)(0.41313417053222656;1.001001001001001E-4)]"
"DoublePDF[(0.02;0.56525)(0.051;0.16025)(0.083;0.13025)(0.114;0.07675)(0.146;0.04175)(0.177;0.01725)(0.208;0.00425)(0.24;0.00175)(0.271;0.0015)(0.303;0.00025)(0.265;0.00025)(0.523;0.00025)(1.559;0.00025)]"
"DoublePDF[(0.02;0.56525)(0.051;0.16025)(0.083;0.13025)(0.114;0.07675)(0.146;0.04175)(0.177;0.01725)(0.208;0.00425)(0.24;0.00175)(0.271;0.0015)(0.303;0.00025)(0.265;0.00025)(0.523;0.00025)(1.559;0.00025)]\n"
"DoublePDF[(0.02;0.9987)(0.05;0.0011)(0.07;0.0001)(1.46;0.0001)]"
"DoublePDF[(0.03264623069902882;99.63)(0.09679469269933179;0.04)(0.16094315469963477;0.01)(0.2250916166999377;0.01)(0.3533885407005437;0.01)(0.4175370027008466;0.01)(0.4816854647011496;0.11)(0.5458339267014526;0.06)(0.7382793127023615;0.02)(0.8024277747026645;0.03)(1.6363577807066032;0.01)(4.073999336718115;0.01)(7.538016284734477;0.01)(18.44325482478598;0.01)(21.586529462800826;0.01)(28.450414896833244;0.01)(64.1169597690017;0.01)]"
"DoublePDF[(0.032;99.3801140590132)(0.093;0.520704190428961)(0.217;0.0247954376394743)(0.279;0.0247954376394743)(0.34;0.0247954376394743)(3.058;0.0247954376394743)]\n"
"DoublePDF[(0.03;99.22)(0.09;0.31)(0.15;0.13)(0.21;0.09)(0.27;0.11)(0.33;0.03)(0.39;0.03)(0.45;0.03)(0.51;0.01)(0.69;0.01)(1.4;0.01)(2.29;0.01)(2.95;0.01)]\n"
"DoublePDF[(0.06176328659057617;0)(0.07787322998046875;0.9147573786893447)(0.0939798355102539;0.01470735367683842)(0.1100320816040039;0.06123061530765383)(0.12528085708618164;0.0034017008504252126)(0.14156007766723633;0.0014007003501750874)(0.15812015533447266;0.0015007503751875938)(0.1738262176513672;5.002501250625312E-4)(0.1898179054260254;0.001200600300150075)(0.20174884796142578;5.002501250625312E-4)(0.21657903289794922;1.0005002501250626E-4)(0.22698743438720703;1.0005002501250626E-4)(0.2610597610473633;0)(0.2620597610473633;1.0005002501250626E-4)(0.27422666549682617;2.0010005002501252E-4)(0.390347957611084;0)(0.3917427062988281;2.0010005002501252E-4)(0.5452961921691895;0)(0.5462961921691895;1.0005002501250626E-4)]"
"DoublePDF[(0.066;0.9997)(0.198;0.0002)(6.521;0.0001)]\n"
"DoublePDF[(0.066;99.97)(0.198;0.02)(6.521;0.01)]\n"
"DoublePDF[(0.06836513213813306;97.23118279569893)(0.19686140216887;2.3655913978494625)(0.32535767219960693;0.13440860215053765)(0.45385394223034387;0.053763440860215055)(0.5823502122610809;0.026881720430107527)(0.7108464822918177;0.026881720430107527)(0.9678390223532916;0.026881720430107527)(1.0963352923840286;0.026881720430107527)(1.3533278324455025;0.026881720430107527)(2.381297992691398;0.026881720430107527)(3.923253233060241;0.026881720430107527)(12.789495865181088;0.026881720430107527)]"
"DoublePDF[(0.06986847933381796;98.35223245924875)(0.20223144937306642;1.3997165131112685)(0.3345944194123149;0.03543586109142452)(0.46695738945156334;0.01771793054571226)(0.7316833295300602;0.01771793054571226)(0.8640462995693088;0.03543586109142452)(1.2611352096870543;0.01771793054571226)(2.320038970001042;0.01771793054571226)(3.246579760275781;0.01771793054571226)(5.364387280903756;0.01771793054571226)(6.026202131099998;0.01771793054571226)(6.688016981296242;0.01771793054571226)(7.746920741610229;0.01771793054571226)(13.173802513219416;0.01771793054571226)]"
"DoublePDF[(0.07035074674710631;99.78)(0.20976423974707722;0.02)(0.3491777327470481;0.01)(0.4885912257470191;0.1)(0.6280047187469899;0.01)(1.6038991697467864;0.01)(2.16155314174667;0.01)(3.1374475927464665;0.01)(9.271641284745186;0.01)(11.781084158744664;0.01)(12.617565116744489;0.01)(21.400615175742654;0.01)(139.34443025371803;0.01)]"
"DoublePDF[(0.07318233563797548;98.97)(0.2180430066375993;0.18)(0.3629036776372231;0.08)(0.5077643486368469;0.03)(0.6526250196364708;0.04)(0.7974856906360945;0.02)(0.9423463616357184;0.04)(1.0872070326353422;0.06)(1.232067703634966;0.01)(1.37692837463459;0.01)(1.8115103876334613;0.03)(5.433027162624057;0.01)(5.577887833623681;0.01)(6.012469846622553;0.01)(7.026494543619918;0.01)(8.040519240617286;0.01)(8.90968326661503;0.01)(9.054543937614653;0.01)(15.573274132597724;0.01)(16.442438158595465;0.01)(16.587298829595092;0.01)(16.87702017159434;0.01)(17.891044868591706;0.02)(19.049930236588693;0.01)(19.339651578587947;0.01)(20.35367627558531;0.01)(20.64339761758456;0.01)(20.93311895958381;0.01)(21.222840301583055;0.01)(21.657422314581925;0.01)(22.67144701157929;0.01)(22.961168353578543;0.01)(23.106029024578163;0.02)(23.25088969557779;0.01)(27.88643116756575;0.01)(28.32101318056462;0.01)(30.349062574559355;0.01)(31.218226600557095;0.01)(32.37711196855409;0.01)(38.750981492537534;0.01)(47.44262175251497;0.01)(50.33983517250744;0.01)(51.93330255350331;0.01)(52.07816322450293;0.01)(57.00342603849014;0.01)(61.638967510478096;0.01)(63.08757422047434;0.01)(65.8399269694672;0.01)(69.02686173145892;0.01)(77.4287806494371;0.01)(82.9334861474228;0.01)(102.19995539037276;0.01)(116.10657980633667;0.01)(129.57862220930167;0.01)(133.34499965529187;0.01)(137.11137710128213;0.01)(138.12540179827948;0.01)(140.44317253427346;0.01)(143.1955252832663;0.01)(144.35441065126332;0.01)(144.49927132226293;0.01)(144.7889926642622;0.01)]"
"DoublePDF[(0.11;99.98)(0.32;0.01)(10.42;0.01)]\n"
"DoublePDF[(0.152;99.8266039137974)(0.452;0.0990834778300718)(2.556;0.024770869457518)(3.157;0.024770869457518)(14.878;0.024770869457518)]\n"
"DoublePDF[(0.162;99.91)(0.485;0.03)(1.455;0.01)(5.657;0.01)(7.92;0.01)(10.182;0.01)(10.829;0.01)(16;0.01)]\n"
"DoublePDF[(0.16;99.3896713615024)(0.475;0.328638497652582)(0.79;0.0469483568075117)(1.421;0.0938967136150235)(1.736;0.0469483568075117)(3.942;0.0469483568075117)(15.603;0.0469483568075117)]\n"
"DoublePDF[(0.16;99.78)(0.48;0.04)(0.8;0.03)(1.12;0.01)(1.44;0.01)(1.75;0.01)(2.07;0.03)(2.71;0.02)(3.67;0.04)(7.17;0.01)(13.87;0.01)(15.78;0.01)]\n"
"DoublePDF[(0.17590093612670898;0)(0.19270801544189453;0.3643410852713178)(0.20951032638549805;0.3447861965491373)(0.22632312774658203;0.17164291072768192)(0.24311304092407227;0.06391597899474868)(0.2596616744995117;0.014603650912728182)(0.27628278732299805;0.0053513378344586145)(0.29326295852661133;0.0037509377344336083)(0.31023120880126953;0.005501375343835959)(0.327150821685791;0.008502125531382845)(0.34348011016845703;0.006351587896974244)(0.3607358932495117;0.005851462865716429)(0.3758387565612793;0.0018504626156539135)(0.39403486251831055;0.0011502875718929731)(0.4111061096191406;4.0010002500625154E-4)(0.4275641441345215;7.001750437609402E-4)(0.4411749839782715;3.000750187546887E-4)(0.45571374893188477;3.000750187546887E-4)(0.47077178955078125;2.0005001250312577E-4)(0.4959859848022461;0)(0.5051760673522949;1.5003750937734434E-4)(0.5263329277038574;5.001250312578144E-5)(0.548365592956543;0)(0.549365592956543;5.001250312578144E-5)(0.5659619102478027;5.001250312578144E-5)(0.6037158966064453;0)(0.6047158966064453;5.001250312578144E-5)(0.6293650398254395;5.001250312578144E-5)(0.6431723365783691;5.001250312578144E-5)(0.6801309585571289;0)(0.6811309585571289;5.001250312578144E-5)]"
"DoublePDF[(0.179;0.9991)(0.535;0.0003)(1.247;0.0001)(4.095;0.0001)(4.451;0.0002)(11.573;0.0001)(17.626;0.0001)]"
"DoublePDF[(0.179;99.91)(0.535;0.03)(1.247;0.01)(4.095;0.01)(4.451;0.02)(11.573;0.01)(17.626;0.01)]\n"
"DoublePDF[(0.192;0.9997)(0.576;0.0001)(4.795;0.0001)(18.986;0.0001)]\n"
"DoublePDF[(0.19;0.9986)(0.57;0.0003)(0.96;0.0001)(1.34;0.0001)(1.72;0.0002)(2.1;0.0001)(3.25;0.0001)(4.78;0.0001)(6.68;0.0001)(7.07;0.0001)(18.14;0.0001)(18.91;0.0001)]"
"DoublePDF[(0.19;99.86)(0.57;0.03)(0.96;0.01)(1.34;0.01)(1.72;0.02)(2.1;0.01)(3.25;0.01)(4.78;0.01)(6.68;0.01)(7.07;0.01)(18.14;0.01)(18.91;0.01)]\n"
"DoublePDF[(0.215;0.999690450394676)(5.701;0.000154774802662127)(20.893;0.000154774802662127)]"
"DoublePDF[(0.22892189025878906;0)(0.32619762420654297;0.9526668668067647)(0.4232192039489746;0.03652556789752827)(0.5176668167114258;0.004303012108475933)(0.6000418663024902;0.0016011207845491844)(0.7009782791137695;8.005603922745922E-4)(0.7736849784851074;5.003502451716201E-4)(0.8778057098388672;4.002801961372961E-4)(0.9887380599975586;3.002101471029721E-4)(1.0646390914916992;3.002101471029721E-4)(1.3399238586425781;0)(1.3938689231872559;5.003502451716201E-4)(1.4804110527038574;0.0010007004903432402)(1.6811871528625488;0)(1.6821871528625487;1.0007004903432403E-4)(1.7403841018676758;2.0014009806864806E-4)(2.0036168098449707;0)(2.0046168098449706;1.0007004903432403E-4)(2.3644509315490723;0)(2.365450931549072;1.0007004903432403E-4)(2.4238081703186034;1.0007004903432403E-4)(2.475478244781494;1.0007004903432403E-4)(2.875840187072754;0)(2.9401488304138184;3.002101471029721E-4)(3.150209426879883;0)(3.1512094268798827;1.0007004903432403E-4)]"
"DoublePDF[(0.23400010077282787;59.35692412385165)(0.6744623007811607;27.917659067710105)(1.1149245007894935;9.458999659748214)(1.5553867007978261;2.2626743790404897)(1.995848900806159;0.25518883974140866)(2.4363111008144918;0.08506294658046955)(2.8767733008228245;0.08506294658046955)(3.317235500831157;0.05103776794828172)(3.75769770083949;0.01701258931609391)(4.1981599008478225;0.03402517863218782)(4.638622100856155;0.10207553589656344)(5.079084300864489;0.06805035726437564)(5.519546500872821;0.01701258931609391)(6.400470900889486;0.01701258931609391)(6.84093310089782;0.01701258931609391)(7.281395300906151;0.01701258931609391)(8.60278190093115;0.06805035726437564)(10.364630700964481;0.01701258931609391)(12.566941701006144;0.01701258931609391)(13.888328301031143;0.01701258931609391)(16.53110150108114;0.01701258931609391)(16.971563701089472;0.01701258931609391)(18.29295030111447;0.01701258931609391)(23.138034501206132;0.01701258931609391)(27.98311870129779;0.01701258931609391)(42.51837130157277;0.01701258931609391)(43.839757901597764;0.01701258931609391)]"
"DoublePDF[(0.25;0.03)(0.55;0.558)(0.85;0.404)(1.15;0.009)]"
"DoublePDF[(0.275;99.9259076315139)(3.003;0.0246974561620153)(5.186;0.0246974561620153)(27.008;0.0246974561620153)]\n"
"DoublePDF[(0.2892169952392578;0)(0.4163689613342285;0.9774898704416988)(0.542658805847168;0.013305987694462508)(0.6687650680541992;0.0022510129558301235)(0.7836217880249023;8.003601620729328E-4)(0.9026012420654297;4.001800810364664E-4)(1.0243940353393555;1.000450202591166E-4)(1.15256929397583;2.501125506477915E-4)(1.253422737121582;3.001350607773498E-4)(1.419081211090088;0.0032014406482917313)(1.5522089004516602;6.002701215546997E-4)(1.5839738845825195;1.000450202591166E-4)(1.7865543365478516;2.000900405182332E-4)(1.93983793258667;1.500675303886749E-4)(2.186947822570801;0)(2.1879478225708007;5.00225101295583E-5)(2.221026969909668;5.00225101295583E-5)(2.442920207977295;4.001800810364664E-4)(2.5718069801330565;5.00225101295583E-5)(2.6615161895751953;1.500675303886749E-4)(2.81997497177124;5.00225101295583E-5)(3.388361930847168;0)(3.389361930847168;5.00225101295583E-5)(4.104209899902344;0)(4.105209899902344;5.00225101295583E-5)]"
"DoublePDF[(0.296;0.999810030395137)(28.864;0.000189969604863222)]"
"DoublePDF[(0.2;0.1)(0.3;0.6)(0.4;0.3)] + 0.000002 * Entries.NUMBER_OF_ELEMENTS *2\r\n"
"DoublePDF[(0.321;99.99)(31.722;0.01)]\n"
"DoublePDF[(0.326;0.9992)(0.975;0.0003)(4.225;0.0001)(12.023;0.0001)(20.471;0.0001)(21.771;0.0001)(32.168;0.0001)]"
"DoublePDF[(0.326;99.92)(0.975;0.03)(4.225;0.01)(12.023;0.01)(20.471;0.01)(21.771;0.01)(32.168;0.01)]\n"
"DoublePDF[(0.328734757758677;0.2120229483661761)(0.9276022717580199;0.18508356198553255)(1.5264697857573628;0.12097779995011225)(2.1253372997567057;0.07133948615614867)(2.7242048137560486;0.05587428286355699)(3.3230723277553915;0.04614617111499126)(3.9219398417547344;0.03891244699426291)(4.520807355754077;0.03916188575704665)(5.11967486975342;0.027687702668994763)(5.718542383752763;0.027687702668994763)(6.317409897752106;0.025692192566724867)(6.916277411751449;0.02494387627837366)(7.515144925750792;0.01621351958094288)(8.114012439750134;0.009728111748565728)(8.712879953749479;0.005986530306809678)(9.31174746774882;0.005487652781242205)(9.910614981748164;0.003741581441756049)(10.509482495747505;0.0022449488650536295)(11.10835000974685;0.001746071339486156)(11.707217523746191;0.001746071339486156)(12.306085037745536;0.0042404589673235227)(12.904952551744877;0.002494387627837366)(13.503820065744222;0.002494387627837366)(14.102687579743563;0.001995510102269893)(14.701555093742908;0.001746071339486156)(15.300422607742249;0.0009977550511349464)(15.899290121741592;0.0014966325767024194)(16.498157635740935;0.0004988775255674732)(17.09702514974028;0.0014966325767024194)(17.69589266373962;0.0009977550511349464)(18.294760177738965;0.001247193813918683)(18.893627691738306;0.0009977550511349464)(19.49249520573765;0.0014966325767024194)(20.091362719736992;0.001247193813918683)(20.690230233736337;0.001995510102269893)(21.289097747735678;0.0009977550511349464)(21.887965261735022;0.0014966325767024194)(22.486832775734364;0.0022449488650536295)(23.08570028973371;0.0009977550511349464)(23.68456780373305;0.0014966325767024194)(24.283435317732394;0.0007483162883512097)(24.882302831731735;0.0007483162883512097)(25.48117034573108;0.0007483162883512097)(26.08003785973042;0.0002494387627837366)(26.678905373729766;0.0007483162883512097)(27.277772887729107;0.0004988775255674732)(27.87664040172845;0.0004988775255674732)(29.074375429727137;0.0007483162883512097)(29.67324294372648;0.0002494387627837366)(30.272110457725823;0.0002494387627837366)(30.870977971725164;0.0007483162883512097)(31.46984548572451;0.0004988775255674732)(32.06871299972385;0.0004988775255674732)(32.667580513723195;0.0009977550511349464)(33.26644802772253;0.0007483162883512097)(33.865315541721884;0.0007483162883512097)(34.46418305572122;0.0004988775255674732)(35.063050569720566;0.0004988775255674732)(35.66191808371991;0.0004988775255674732)(36.85965311171859;0.0009977550511349464)(37.45852062571794;0.0004988775255674732)(38.65625565371663;0.0014966325767024194)(39.255123167715965;0.0004988775255674732)(39.85399068171531;0.0004988775255674732)(41.05172570971399;0.0007483162883512097)(41.65059322371334;0.0004988775255674732)(42.24946073771268;0.0004988775255674732)(44.04606327971071;0.0002494387627837366)(44.64493079371005;0.0002494387627837366)(46.44153333570808;0.0004988775255674732)(47.040400849707424;0.0007483162883512097)(47.63926836370676;0.0002494387627837366)(48.83700339170545;0.0002494387627837366)(49.435870905704796;0.0002494387627837366)(50.63360593370348;0.0002494387627837366)(51.23247344770282;0.0002494387627837366)(51.83134096170217;0.0002494387627837366)(52.430208475701505;0.0004988775255674732)(53.02907598970086;0.0004988775255674732)(53.627943503700195;0.0002494387627837366)(54.22681101769954;0.0002494387627837366)(56.62228107369691;0.0002494387627837366)(57.22114858769625;0.0002494387627837366)(59.01775112969428;0.0002494387627837366)(60.215486157692965;0.0007483162883512097)(60.81435367169231;0.0002494387627837366)(62.01208869969099;0.0004988775255674732)(63.20982372768968;0.0002494387627837366)(63.808691241689026;0.0004988775255674732)(66.80302881168575;0.0004988775255674732)(67.40189632568507;0.0004988775255674732)(68.00076383968442;0.0002494387627837366)(70.99510140968114;0.0002494387627837366)(72.19283643767983;0.0002494387627837366)(73.3905714656785;0.0002494387627837366)(73.98943897967786;0.0002494387627837366)(75.18717400767653;0.0002494387627837366)(78.18151157767326;0.0002494387627837366)(78.7803790916726;0.0004988775255674732)(80.57698163367063;0.0002494387627837366)(81.17584914766996;0.0004988775255674732)(81.77471666166932;0.0002494387627837366)(82.37358417566865;0.0004988775255674732)(85.96678925966472;0.0002494387627837366)(87.76339180166275;0.0002494387627837366)(88.36225931566209;0.0004988775255674732)(92.55433191365748;0.0002494387627837366)(94.3509344556555;0.0004988775255674732)(100.33960959564894;0.0004988775255674732)(102.73507965164632;0.0002494387627837366)(103.93281467964499;0.0002494387627837366)(105.1305497076437;0.0002494387627837366)(113.51469490363448;0.0004988775255674732)(114.11356241763383;0.0002494387627837366)(117.10789998763055;0.0004988775255674732)(121.89884009962529;0.0004988775255674732)(122.49770761362463;0.0002494387627837366)(123.09657512762396;0.0002494387627837366)(125.49204518362134;0.0002494387627837366)(128.48638275361805;0.0004988775255674732)(129.0852502676174;0.0002494387627837366)(135.07392540761083;0.0002494387627837366)(135.67279292161015;0.0007483162883512097)(140.4637330336049;0.0004988775255674732)(141.06260054760426;0.0002494387627837366)(153.63881834159048;0.0002494387627837366)(159.02862596758456;0.0002494387627837366)(162.02296353758126;0.0002494387627837366)(163.22069856557994;0.0002494387627837366)(166.21503613557667;0.0002494387627837366)(182.3844590135589;0.0002494387627837366)(185.97766409755496;0.0002494387627837366)(191.36747172354904;0.0002494387627837366)(191.96633923754842;0.0002494387627837366)(195.55954432154448;0.0002494387627837366)(197.3561468635425;0.0002494387627837366)(198.55388189154118;0.0002494387627837366)(200.3504844335392;0.0002494387627837366)(204.5425570315346;0.0002494387627837366)(233.28819770350304;0.0002494387627837366)(244.06781295549123;0.0002494387627837366)(245.2655479834899;0.0002494387627837366)(249.45762058148534;0.0002494387627837366)(251.8530906374827;0.0002494387627837366)(254.84742820747942;0.0002494387627837366)(382.40620868933945;0.0002494387627837366)(391.3892213993296;0.0002494387627837366)(405.7620417353138;0.0002494387627837366)(434.5076824072823;0.0002494387627837366)(438.10088749127834;0.0002494387627837366)(438.69975500527767;0.0002494387627837366)(440.4963575472757;0.0002494387627837366)(446.48503268726915;0.0002494387627837366)(471.0386007612422;0.0002494387627837366)(598.5973812431023;0.0002494387627837366)]"
"DoublePDF[(0.36735796377062796;0.9945711183496199)(1.098385883718729;0.0018613308515588647)(1.8294138036668302;0.0004653327128897162)(2.560441723614931;0.00015511090429657206)(5.484553403407335;0.00015511090429657206)(6.946609243303537;0.0006204436171862882)(7.677637163251639;0.00015511090429657206)(9.13969300314784;0.00015511090429657206)(9.870720923095941;0.00015511090429657206)(10.601748843044042;0.00015511090429657206)(11.332776762992143;0.00015511090429657206)(12.794832602888345;0.00015511090429657206)(14.256888442784547;0.00015511090429657206)(18.643055962473156;0.00015511090429657206)(19.374083882421253;0.00015511090429657206)(22.298195562213657;0.00015511090429657206)(25.22230724200606;0.00015511090429657206)(34.725670201331376;0.00015511090429657206)(39.842865640968085;0.00015511090429657206)(72.73912203863263;0.00015511090429657206)]"
"DoublePDF[(0.36735796377062796;99.45711183496199)(1.098385883718729;0.18613308515588647)(1.8294138036668302;0.04653327128897162)(2.560441723614931;0.015511090429657206)(5.484553403407335;0.015511090429657206)(6.946609243303537;0.06204436171862882)(7.677637163251639;0.015511090429657206)(9.13969300314784;0.015511090429657206)(9.870720923095941;0.015511090429657206)(10.601748843044042;0.015511090429657206)(11.332776762992143;0.015511090429657206)(12.794832602888345;0.015511090429657206)(14.256888442784547;0.015511090429657206)(18.643055962473156;0.015511090429657206)(19.374083882421253;0.015511090429657206)(22.298195562213657;0.015511090429657206)(25.22230724200606;0.015511090429657206)(34.725670201331376;0.015511090429657206)(39.842865640968085;0.015511090429657206)(72.73912203863263;0.015511090429657206)]"
"DoublePDF[(0.402;6.55)(0.578;17.1)(0.754;10.15)(0.931;4.15)(1.107;3)(1.283;2.35)(1.46;2.25)(1.636;2.4)(1.812;2.1)(1.989;2.05)(2.165;2.15)(2.341;3)(2.517;2.7)(2.694;3.3)(2.87;3.25)(3.046;3.6)(3.223;2.75)(3.399;3.65)(3.575;3.05)(3.751;2.4)(3.928;2.45)(4.104;2.15)(4.28;1.7)(4.457;2)(4.633;1.9)(4.809;1.2)(4.985;1)(5.162;1.05)(5.338;1.2)(5.514;0.55)(5.691;0.7)(5.867;0.15)(6.043;0.25)(6.219;0.35)(6.396;0.15)(6.572;0.2)(6.748;0.2)(6.925;0.2)(7.101;0.05)(7.454;0.1)(7.63;0.15)(7.806;0.05)(7.982;0.1)(8.159;0.1)(8.335;0.05)(9.04;0.05)]\n"
"DoublePDF[(0.46;98.300059300257)(1.37;0.177900770903341)(2.28;0.0790670092903736)(3.18;0.0593002569677802)(4.09;0.098833761612967)(5;0.0593002569677802)(5.91;0.177900770903341)(6.82;0.0395335046451868)(7.72;0.0790670092903736)(8.63;0.0395335046451868)(9.54;0.0197667523225934)(11.36;0.0197667523225934)(12.27;0.0395335046451868)(13.18;0.0790670092903736)(14.08;0.0197667523225934)(14.99;0.0395335046451868)(15.9;0.0593002569677802)(16.81;0.0395335046451868)(17.72;0.0197667523225934)(18.63;0.0593002569677802)(19.53;0.158134018580747)(20.44;0.0790670092903736)(21.35;0.0395335046451868)(23.17;0.0395335046451868)(24.98;0.0197667523225934)(31.34;0.0395335046451868)(32.25;0.0197667523225934)(33.16;0.0197667523225934)(36.79;0.0197667523225934)(37.7;0.0197667523225934)(44.06;0.0197667523225934)(44.97;0.0197667523225934)]\n"
"DoublePDF[(0.6339042264521122;38.50012540757462)(1.8334726924598217;19.362929520943066)(3.0330411584675314;9.204915976925006)(4.2326096244752405;7.474291447203411)(5.43217809048295;5.543014798093806)(6.6317465564906595;3.837471783295711)(7.831315022498369;2.558314522197141)(9.030883488506078;1.3293202909455732)(10.23045195451379;0.6270378730875344)(11.430020420521497;0.6270378730875344)(12.629588886529207;0.5768748432405317)(13.829157352536917;0.4514672686230248)(15.028725818544626;0.3511412089290193)(16.228294284552334;0.4514672686230248)(17.427862750560045;0.27589666415851516)(18.627431216567757;0.4514672686230248)(19.82699968257546;0.2257336343115124)(21.026568148583173;0.32605969400551793)(22.226136614590885;0.3009781790820165)(23.425705080598593;0.3511412089290193)(24.6252735466063;0.3511412089290193)(25.824842012614013;0.3009781790820165)(27.02441047862172;0.1003260596940055)(28.22397894462943;0.200652119388011)(29.42354741063714;0.200652119388011)(30.62311587664485;0.2257336343115124)(31.82268434265256;0.1003260596940055)(33.02225280866027;0.07524454477050413)(34.221821274667974;0.1254075746175069)(35.42138974067569;0.15048908954100826)(36.6209582066834;0.2257336343115124)(37.8205266726911;0.15048908954100826)(39.02009513869882;0.1254075746175069)(40.219663604706525;0.1003260596940055)(41.41923207071423;0.1003260596940055)(42.61880053672195;0.1003260596940055)(43.81836900272965;0.200652119388011)(45.01793746873736;0.05016302984700275)(46.21750593474508;0.07524454477050413)(47.41707440075278;0.05016302984700275)(48.61664286676049;0.1254075746175069)(49.816211332768205;0.025081514923501375)(51.01577979877591;0.07524454477050413)(52.21534826478362;0.07524454477050413)(53.41491673079133;0.025081514923501375)(54.61448519679904;0.05016302984700275)(55.81405366280675;0.15048908954100826)(58.213190594822166;0.07524454477050413)(59.41275906082988;0.025081514923501375)(60.61232752683759;0.07524454477050413)(61.811895992845294;0.025081514923501375)(63.011464458853006;0.07524454477050413)(64.21103292486072;0.05016302984700275)(65.41060139086844;0.1003260596940055)(66.61016985687613;0.025081514923501375)(67.80973832288385;0.05016302984700275)(70.20887525489925;0.07524454477050413)(71.40844372090697;0.07524454477050413)(72.60801218691469;0.025081514923501375)(73.80758065292238;0.05016302984700275)(76.20671758493782;0.05016302984700275)(77.40628605094551;0.1003260596940055)(78.60585451695323;0.05016302984700275)(79.80542298296095;0.1003260596940055)(81.00499144896864;0.07524454477050413)(83.40412838098408;0.05016302984700275)(84.60369684699177;0.07524454477050413)(85.80326531299949;0.05016302984700275)(88.2024022450149;0.025081514923501375)(89.40197071102261;0.025081514923501375)(91.80110764303802;0.025081514923501375)(94.20024457505346;0.025081514923501375)(100.198086905092;0.025081514923501375)(103.79679230311513;0.025081514923501375)(106.19592923513055;0.025081514923501375)(107.39549770113825;0.025081514923501375)(110.99420309916138;0.05016302984700275)(112.1937715651691;0.05016302984700275)(114.59290849718451;0.025081514923501375)(116.99204542919993;0.05016302984700275)(118.19161389520764;0.025081514923501375)(119.39118236121536;0.025081514923501375)(122.98988775923848;0.025081514923501375)(127.78816162326932;0.025081514923501375)(132.58643548730015;0.025081514923501375)(138.58427781733872;0.025081514923501375)(139.7838462833464;0.05016302984700275)(149.3803940114081;0.025081514923501375)(151.7795309434235;0.025081514923501375)(155.37823634144664;0.07524454477050413)(156.57780480745436;0.025081514923501375)(158.97694173946977;0.07524454477050413)(161.37607867148517;0.025081514923501375)(167.37392100152374;0.025081514923501375)(168.57348946753143;0.025081514923501375)(175.7709002635777;0.025081514923501375)(178.17003719559312;0.025081514923501375)(179.36960566160081;0.025081514923501375)(184.16787952563166;0.05016302984700275)(185.36744799163938;0.025081514923501375)(186.56701645764707;0.025081514923501375)(192.56485878768564;0.025081514923501375)(194.96399571970107;0.025081514923501375)(197.36313265171646;0.025081514923501375)(202.16140651574733;0.05016302984700275)(208.15924884578584;0.025081514923501375)(212.95752270981671;0.025081514923501375)(220.15493350586297;0.025081514923501375)(234.54975509795548;0.025081514923501375)(241.74716589400174;0.025081514923501375)(244.14630282601712;0.025081514923501375)(248.944576690048;0.025081514923501375)(250.14414515605569;0.025081514923501375)(251.34371362206338;0.025081514923501375)(252.54328208807112;0.025081514923501375)(254.9424190200865;0.025081514923501375)(256.14198748609425;0.025081514923501375)(262.13982981613276;0.025081514923501375)(263.3393982821405;0.025081514923501375)(272.9359460102022;0.025081514923501375)(295.72774686434866;0.025081514923501375)(299.3264522623718;0.025081514923501375)(310.1225684564412;0.025081514923501375)(312.52170538845655;0.05016302984700275)(317.3199792524874;0.025081514923501375)(320.91868465051056;0.025081514923501375)(322.11825311651825;0.025081514923501375)(325.7169585145414;0.025081514923501375)(331.71480084457994;0.025081514923501375)(340.1117801066339;0.025081514923501375)(346.10962243667245;0.025081514923501375)(361.70401249477266;0.025081514923501375)(385.69538181492686;0.025081514923501375)(403.6889088050425;0.025081514923501375)(432.4785519892275;0.025081514923501375)(434.87768892124296;0.025081514923501375)(443.2746681832969;0.025081514923501375)(452.8712159113586;0.025081514923501375)(479.2617221635282;0.025081514923501375)(481.66085909554363;0.025081514923501375)(484.059996027559;0.05016302984700275)(520.0470500077904;0.025081514923501375)(530.8431662018597;0.025081514923501375)(551.2358301239908;0.025081514923501375)(563.2315147840679;0.025081514923501375)(568.0297886480987;0.025081514923501375)(582.4246102401912;0.025081514923501375)(668.7935397927463;0.025081514923501375)(859.5249258879721;0.025081514923501375)(1199.0028017681539;0.025081514923501375)]"
"DoublePDF[(0.6941902558996224;26.558197747183982)(1.6942167642694543;21.126408010012515)(2.6942432726392864;8.560700876095119)(3.694269781009118;6.357947434292866)(4.69429628937895;4.330413016270338)(5.694322797748782;4.105131414267834)(6.694349306118614;3.404255319148936)(7.6943758144884455;3.178973717146433)(8.694402322858277;2.3529411764705883)(9.694428831228109;1.2015018773466832)(10.69445533959794;0.851063829787234)(11.694481847967772;0.7008760951188986)(12.694508356337606;0.4005006257822278)(13.694534864707437;0.5506883604505632)(14.694561373077269;0.45056320400500627)(15.6945878814471;0.45056320400500627)(16.694614389816934;0.3504380475594493)(17.694640898186762;0.2753441802252816)(18.694667406556597;0.37546933667083854)(19.694693914926425;0.3254067584480601)(20.69472042329626;0.2753441802252816)(21.69474693166609;0.45056320400500627)(22.694773440035924;0.3504380475594493)(23.694799948405755;0.1251564455569462)(24.694826456775587;0.17521902377972465)(25.694852965145422;0.17521902377972465)(26.69487947351525;0.2503128911138924)(27.694905981885086;0.10012515644555695)(28.694932490254914;0.2002503128911139)(29.69495899862475;0.1501877346683354)(30.694985506994577;0.1251564455569462)(31.695012015364412;0.2002503128911139)(32.69503852373424;0.0750938673341677)(33.695065032104075;0.17521902377972465)(34.69509154047391;0.10012515644555695)(35.69511804884374;0.1251564455569462)(36.69514455721357;0.10012515644555695)(37.6951710655834;0.10012515644555695)(38.69519757395324;0.1251564455569462)(39.695224082323065;0.0750938673341677)(40.69525059069289;0.05006257822277847)(41.69527709906273;0.0750938673341677)(42.695303607432564;0.10012515644555695)(43.69533011580239;0.0750938673341677)(44.69535662417222;0.1501877346683354)(45.695383132542055;0.0750938673341677)(46.69540964091189;0.05006257822277847)(47.69543614928172;0.05006257822277847)(48.695462657651554;0.05006257822277847)(49.69548916602139;0.025031289111389236)(50.69551567439122;0.025031289111389236)(51.695542182761045;0.1251564455569462)(52.69556869113088;0.10012515644555695)(53.695595199500715;0.1501877346683354)(54.695621707870544;0.05006257822277847)(55.69564821624037;0.025031289111389236)(56.69567472461021;0.025031289111389236)(57.69570123298004;0.025031289111389236)(58.69572774134987;0.05006257822277847)(59.6957542497197;0.025031289111389236)(60.69578075808953;0.025031289111389236)(61.69580726645937;0.0750938673341677)(62.6958337748292;0.025031289111389236)(63.695860283199025;0.05006257822277847)(64.69588679156885;0.0750938673341677)(65.6959132999387;0.025031289111389236)(66.69593980830854;0.0750938673341677)(67.69596631667835;0.05006257822277847)(69.69601933341802;0.05006257822277847)(70.69604584178785;0.025031289111389236)(71.69607235015769;0.025031289111389236)(72.6960988585275;0.05006257822277847)(73.69612536689735;0.025031289111389236)(74.69615187526719;0.05006257822277847)(76.69620489200685;0.05006257822277847)(77.69623140037667;0.025031289111389236)(78.6962579087465;0.025031289111389236)(79.69628441711635;0.0750938673341677)(80.69631092548617;0.0750938673341677)(81.696337433856;0.025031289111389236)(82.69636394222584;0.025031289111389236)(84.6964169589655;0.05006257822277847)(85.69644346733534;0.025031289111389236)(86.69646997570516;0.05006257822277847)(87.696496484075;0.05006257822277847)(88.69652299244483;0.025031289111389236)(91.69660251755431;0.05006257822277847)(94.69668204266381;0.025031289111389236)(95.69670855103365;0.025031289111389236)(96.6967350594035;0.025031289111389236)(101.69686760125265;0.025031289111389236)(102.69689410962246;0.05006257822277847)(104.69694712636215;0.025031289111389236)(106.6970001431018;0.025031289111389236)(108.69705315984146;0.025031289111389236)(109.6970796682113;0.0750938673341677)(112.6971591933208;0.025031289111389236)(113.69718570169061;0.025031289111389236)(116.69726522680011;0.025031289111389236)(120.69737126027945;0.025031289111389236)(121.69739776864927;0.025031289111389236)(122.69742427701911;0.025031289111389236)(123.69745078538895;0.025031289111389236)(129.69760983560792;0.025031289111389236)(137.6978219025666;0.05006257822277847)(145.69803396952523;0.025031289111389236)(150.6981665113744;0.025031289111389236)(151.69819301974422;0.025031289111389236)(154.69827254485372;0.025031289111389236)(157.69835206996322;0.025031289111389236)(167.69861715366153;0.05006257822277847)(170.69869667877106;0.025031289111389236)(172.69874969551068;0.05006257822277847)(173.69877620388053;0.025031289111389236)(184.69906779594868;0.025031289111389236)(188.69917382942802;0.05006257822277847)(192.69927986290736;0.025031289111389236)(198.69943891312633;0.025031289111389236)(204.69959796334533;0.025031289111389236)(205.69962447171514;0.025031289111389236)(206.69965098008498;0.025031289111389236)(209.69973050519448;0.025031289111389236)(238.7004992479196;0.025031289111389236)(241.70057877302912;0.025031289111389236)(249.70079083998775;0.025031289111389236)(251.70084385672743;0.025031289111389236)(253.7008968734671;0.025031289111389236)(256.7009763985766;0.025031289111389236)(257.7010029069464;0.025031289111389236)(258.70102941531627;0.025031289111389236)(263.7011619571654;0.025031289111389236)(264.7011884655352;0.025031289111389236)(266.7012414822749;0.025031289111389236)(274.7014535492336;0.025031289111389236)(283.70169212456204;0.025031289111389236)(284.7017186329319;0.05006257822277847)(287.70179815804136;0.05006257822277847)(295.70201022500004;0.05006257822277847)(301.70216927521903;0.025031289111389236)(302.7021957835889;0.025031289111389236)(317.70259340913634;0.025031289111389236)(319.70264642587597;0.025031289111389236)(323.70275245935534;0.025031289111389236)(324.7027789677252;0.025031289111389236)(328.7028850012045;0.025031289111389236)(342.7032561183821;0.05006257822277847)(354.7035742188201;0.025031289111389236)(356.7036272355598;0.025031289111389236)(358.7036802522994;0.05006257822277847)(362.70378628577873;0.025031289111389236)(364.7038393025184;0.025031289111389236)(365.70386581088826;0.025031289111389236)(374.7041043862167;0.025031289111389236)(377.70418391132625;0.025031289111389236)(392.7045815368737;0.025031289111389236)(395.7046610619832;0.025031289111389236)(404.7048996373117;0.025031289111389236)(413.7051382126402;0.05006257822277847)(415.70519122937986;0.025031289111389236)(421.70535027959886;0.025031289111389236)(426.705482821448;0.025031289111389236)(427.7055093298178;0.025031289111389236)(442.7059069553653;0.025031289111389236)(443.70593346373516;0.025031289111389236)(458.7063310892826;0.025031289111389236)(476.7068082399396;0.025031289111389236)(485.7070468152681;0.025031289111389236)(490.70717935711724;0.025031289111389236)(492.70723237385687;0.025031289111389236)(494.70728539059655;0.025031289111389236)(497.7073649157061;0.025031289111389236)(503.707523965925;0.025031289111389236)(508.70765650777423;0.025031289111389236)(525.7081071500613;0.025031289111389236)(531.7082662002804;0.025031289111389236)(537.7084252504994;0.025031289111389236)(540.7085047756088;0.025031289111389236)(553.7088493844167;0.025031289111389236)(556.7089289095261;0.025031289111389236)(574.709406060183;0.025031289111389236)(592.7098832108402;0.025031289111389236)(593.7099097192099;0.025031289111389236)(599.710068769429;0.025031289111389236)(613.7104398866065;0.025031289111389236)(620.7106254451953;0.025031289111389236)(635.7110230707428;0.025031289111389236)(659.7116592716188;0.025031289111389236)(665.7118183218379;0.025031289111389236)(673.7120303887964;0.025031289111389236)(676.712109913906;0.025031289111389236)(691.7125075394534;0.025031289111389236)(693.712560556193;0.025031289111389236)(712.7130642152199;0.025031289111389236)(747.713992008164;0.025031289111389236)(753.7141510583831;0.025031289111389236)(758.7142836002322;0.025031289111389236)(761.7143631253416;0.025031289111389236)(770.7146017006701;0.025031289111389236)(774.7147077341494;0.025031289111389236)(788.7150788513272;0.025031289111389236)(816.7158210856824;0.025031289111389236)(817.7158475940523;0.025031289111389236)(826.7160861693808;0.025031289111389236)(844.7165633200377;0.025031289111389236)(847.7166428451471;0.025031289111389236)(885.7176501632009;0.025031289111389236)(889.71775619668;0.025031289111389236)(893.7178622301594;0.025031289111389236)(901.7180742971182;0.025031289111389236)(910.7183128724466;0.025031289111389236)(929.7188165314735;0.025031289111389236)(983.7202479834443;0.025031289111389236)(990.7204335420331;0.025031289111389236)(1004.7208046592109;0.025031289111389236)(1010.7209637094297;0.025031289111389236)(1090.7230843790162;0.025031289111389236)(1104.723455496194;0.025031289111389236)(1106.7235085129337;0.025031289111389236)(1135.7242772556588;0.025031289111389236)(1150.7246748812063;0.025031289111389236)(1163.7250194900141;0.025031289111389236)(1165.7250725067538;0.025031289111389236)(1168.7251520318632;0.025031289111389236)(1207.7261858582867;0.025031289111389236)(1216.7264244336152;0.025031289111389236)(1269.7278293772163;0.025031289111389236)(1281.7281474776541;0.025031289111389236)(1287.7283065278732;0.025031289111389236)(1288.728333036243;0.025031289111389236)(1290.7283860529828;0.025031289111389236)(1313.7289957454889;0.025031289111389236)(1321.7292078124474;0.025031289111389236)(1323.7292608291873;0.05006257822277847)(1326.7293403542967;0.025031289111389236)(1362.7302946556106;0.025031289111389236)(1387.7309573648563;0.025031289111389236)(1396.731195940185;0.05006257822277847)(1398.7312489569244;0.025031289111389236)(1409.7315405489926;0.025031289111389236)(1412.7316200741022;0.025031289111389236)(1425.73196468291;0.025031289111389236)(1465.7330250177033;0.025031289111389236)(1487.7336082018396;0.025031289111389236)(1489.7336612185793;0.025031289111389236)(1595.7364711057814;0.025031289111389236)(1691.7390159092852;0.025031289111389236)(1717.7397051269008;0.025031289111389236)(1729.740023227339;0.025031289111389236)(1732.7401027524484;0.05006257822277847)(1734.740155769188;0.05006257822277847)(1735.7401822775578;0.025031289111389236)(1737.7402352942977;0.025031289111389236)(1747.7405003779959;0.025031289111389236)(1751.7406064114753;0.025031289111389236)(1754.7406859365847;0.025031289111389236)(1765.7409775286528;0.05006257822277847)(1783.7414546793098;0.025031289111389236)(1795.7417727797479;0.025031289111389236)(1803.7419848467066;0.025031289111389236)(1804.7420113550763;0.025031289111389236)(1806.742064371816;0.025031289111389236)(1808.7421173885555;0.025031289111389236)(1810.7421704052954;0.025031289111389236)(1814.7422764387748;0.025031289111389236)(1821.7424619973635;0.025031289111389236)(1826.7425945392126;0.025031289111389236)(1827.7426210475824;0.025031289111389236)(1828.7426475559523;0.025031289111389236)(1830.7427005726918;0.025031289111389236)(1833.7427800978014;0.025031289111389236)(1838.7429126396505;0.05006257822277847)(1847.7431512149792;0.025031289111389236)(1851.7432572484586;0.025031289111389236)(1862.7435488405267;0.025031289111389236)(1874.7438669409644;0.025031289111389236)(1903.7446356836897;0.025031289111389236)(1904.7446621920594;0.025031289111389236)(1905.7446887004294;0.025031289111389236)(1906.7447152087993;0.025031289111389236)(1908.7447682255388;0.025031289111389236)(1909.7447947339087;0.025031289111389236)(1915.7449537841276;0.025031289111389236)(1921.7451128343466;0.05006257822277847)(1922.7451393427164;0.025031289111389236)(1926.7452453761957;0.025031289111389236)(1944.7457225268527;0.025031289111389236)(1954.745987610551;0.025031289111389236)(1964.7462526942495;0.025031289111389236)(1983.7467563532762;0.025031289111389236)(1991.746968420235;0.025031289111389236)(1992.7469949286046;0.05006257822277847)(2004.7473130290427;0.025031289111389236)(2006.7473660457822;0.025031289111389236)(2014.747578112741;0.025031289111389236)(2018.7476841462203;0.025031289111389236)(2024.7478431964394;0.025031289111389236)(2034.7481082801378;0.025031289111389236)(2041.7482938387266;0.025031289111389236)(2059.7487709893835;0.025031289111389236)(2064.748903531233;0.025031289111389236)(2066.7489565479723;0.025031289111389236)(2067.7489830563422;0.05006257822277847)(2079.7493011567803;0.025031289111389236)(2080.74932766515;0.025031289111389236)(2082.7493806818893;0.025031289111389236)(2083.7494071902593;0.025031289111389236)(2090.749592748848;0.05006257822277847)(2094.7496987823274;0.025031289111389236)(2096.7497517990673;0.025031289111389236)(2107.7500433911355;0.025031289111389236)(2125.7505205417924;0.025031289111389236)(2146.7510772175588;0.025031289111389236)(2198.75245565279;0.025031289111389236)(2204.752614703009;0.025031289111389236)(2205.752641211379;0.025031289111389236)(2208.7527207364883;0.025031289111389236)(2212.7528267699677;0.025031289111389236)(2217.752959311817;0.025031289111389236)(2220.7530388369264;0.025031289111389236)(2224.753144870406;0.025031289111389236)(2227.753224395515;0.025031289111389236)(2228.753250903885;0.025031289111389236)(2245.753701546172;0.025031289111389236)(2247.753754562912;0.025031289111389236)(2250.7538340880214;0.025031289111389236)(2252.753887104761;0.025031289111389236)(2271.754390763788;0.025031289111389236)(2282.754682355856;0.025031289111389236)(2283.754708864226;0.05006257822277847)(2296.7550534730335;0.025031289111389236)(2311.755451098581;0.025031289111389236)(2319.7556631655398;0.025031289111389236)(2320.7556896739097;0.025031289111389236)(2328.7559017408685;0.025031289111389236)(2329.755928249238;0.025031289111389236)(2351.7565114333743;0.025031289111389236)(2353.7565644501137;0.025031289111389236)(2354.7565909584837;0.025031289111389236)(2357.7566704835936;0.025031289111389236)(2363.7568295338124;0.025031289111389236)(2390.7575452597976;0.025031289111389236)(2415.7582079690437;0.025031289111389236)(2421.7583670192626;0.025031289111389236)(2436.75876464481;0.025031289111389236)(2462.7594538624257;0.025031289111389236)(2469.7596394210145;0.025031289111389236)(2471.759692437754;0.025031289111389236)(2479.7599045047127;0.025031289111389236)(2480.7599310130827;0.025031289111389236)(2485.7600635549315;0.025031289111389236)(2493.7602756218903;0.025031289111389236)(2516.7608853143965;0.025031289111389236)(2535.7613889734234;0.025031289111389236)(2536.7614154817934;0.025031289111389236)(2634.764013302037;0.025031289111389236)(2635.7640398104068;0.025031289111389236)(2666.7648615698713;0.025031289111389236)(2699.7657363460758;0.025031289111389236)(2716.766186988363;0.025031289111389236)(2725.7664255636914;0.025031289111389236)(2745.7669557310883;0.025031289111389236)(2774.7677244738134;0.025031289111389236)(2793.76822813284;0.025031289111389236)(2865.770136735468;0.025031289111389236)(2870.7702692773173;0.025031289111389236)(2902.771117545152;0.025031289111389236)(2992.7735032984365;0.025031289111389236)(2999.7736888570253;0.025031289111389236)(3027.774431091381;0.025031289111389236)(3029.7744841081203;0.025031289111389236)(3042.774828716928;0.025031289111389236)(3048.774987767147;0.025031289111389236)(3139.777400028802;0.025031289111389236)(3144.777532570651;0.025031289111389236)(3145.7775590790206;0.025031289111389236)(3204.779123072841;0.025031289111389236)(3233.779891815566;0.025031289111389236)(3234.779918323936;0.025031289111389236)(3563.7886395776104;0.025031289111389236)(3613.7899649961023;0.025031289111389236)(3616.7900445212117;0.025031289111389236)(3676.791635023402;0.025031289111389236)(3894.797413848025;0.025031289111389236)(3896.797466864765;0.025031289111389236)(3897.7974933731343;0.025031289111389236)(3915.7979705237913;0.025031289111389236)(3931.7983946577087;0.025031289111389236)(3981.7997200762;0.025031289111389236)(4539.8145117465665;0.025031289111389236)]"
"DoublePDF[(0.8913924180099275;71.03367724352735)(2.6447592540096956;0.8370644344948414)(4.398126090009464;0.4477321393809616)(6.151492926009232;0.29199922133540973)(7.904859762009001;0.2725326065797158)(9.658226598008769;0.2725326065797158)(11.411593434008537;0.19466614755693984)(13.164960270008304;0.1557329180455519)(14.918327106008075;0.1557329180455519)(16.671693942007842;0.2530659918240218)(18.425060778007612;0.3114658360911038)(20.178427614007376;0.3114658360911038)(21.931794450007146;0.2530659918240218)(23.685161286006917;0.1167996885341639)(25.438528122006684;0.29199922133540973)(27.19189495800645;0.21413276231263384)(28.94526179400622;0.03893322951138797)(30.698628630005988;0.1362663032898579)(32.451995466005755;0.1557329180455519)(34.205362302005526;0.17519953280124587)(35.958729138005296;0.1167996885341639)(37.71209597400506;0.1167996885341639)(39.46546281000483;0.2530659918240218)(41.21882964600459;0.1362663032898579)(42.972196482004364;0.1557329180455519)(44.725563318004134;0.33093245084679773)(46.478930154003905;0.07786645902277595)(48.232296990003675;0.1362663032898579)(49.98566382600344;0.1167996885341639)(51.73903066200321;0.19466614755693984)(53.49239749800297;0.07786645902277595)(55.24576433400274;0.1167996885341639)(56.999131170002514;0.1362663032898579)(58.752498006002284;0.2530659918240218)(60.50586484200205;0.33093245084679773)(62.25923167800182;0.1557329180455519)(64.01259851400158;0.2530659918240218)(65.76596535000135;0.19466614755693984)(67.51933218600112;0.07786645902277595)(69.2726990220009;0.1167996885341639)(71.02606585800066;0.17519953280124587)(72.77943269400043;0.1167996885341639)(74.53279953000019;0.07786645902277595)(76.28616636599996;0.1362663032898579)(78.03953320199973;0.03893322951138797)(79.7929000379995;0.09733307377846992)(81.54626687399927;0.1557329180455519)(83.29963370999903;0.2725326065797158)(85.0530005459988;0.17519953280124587)(86.80636738199857;0.21413276231263384)(88.55973421799834;0.1557329180455519)(90.31310105399811;0.17519953280124587)(92.06646788999788;0.03893322951138797)(93.81983472599765;0.1167996885341639)(95.57320156199742;0.1362663032898579)(97.32656839799718;0.09733307377846992)(99.07993523399695;0.21413276231263384)(100.83330206999672;0.1167996885341639)(102.58666890599649;0.07786645902277595)(104.34003574199626;0.19466614755693984)(106.09340257799602;0.1557329180455519)(107.84676941399579;0.21413276231263384)(109.60013624999556;0.2725326065797158)(111.35350308599533;0.1557329180455519)(113.1068699219951;0.2335993770683278)(114.86023675799487;0.29199922133540973)(116.61360359399464;0.17519953280124587)(118.36697042999441;0.1167996885341639)(120.12033726599417;0.21413276231263384)(121.87370410199394;0.17519953280124587)(123.62707093799371;0.1167996885341639)(125.38043777399348;0.07786645902277595)(127.13380460999323;0.19466614755693984)(128.887171445993;0.1167996885341639)(130.64053828199278;0.09733307377846992)(132.39390511799255;0.21413276231263384)(134.14727195399232;0.1167996885341639)(135.9006387899921;0.09733307377846992)(137.65400562599186;0.19466614755693984)(139.40737246199163;0.21413276231263384)(141.1607392979914;0.09733307377846992)(142.91410613399117;0.1557329180455519)(144.66747296999094;0.09733307377846992)(146.42083980599068;0.03893322951138797)(148.17420664199045;0.19466614755693984)(149.92757347799022;0.1362663032898579)(151.68094031399;0.1167996885341639)(153.43430714998976;0.05839984426708195)(155.18767398598953;0.09733307377846992)(156.9410408219893;0.1557329180455519)(158.69440765798907;0.05839984426708195)(160.44777449398885;0.1167996885341639)(162.20114132998862;0.07786645902277595)(163.9545081659884;0.07786645902277595)(165.70787500198816;0.09733307377846992)(167.46124183798793;0.1557329180455519)(169.21460867398767;0.07786645902277595)(170.96797550998744;0.07786645902277595)(172.7213423459872;0.1362663032898579)(174.47470918198698;0.05839984426708195)(176.22807601798675;0.09733307377846992)(177.98144285398652;0.03893322951138797)(179.7348096899863;0.07786645902277595)(181.48817652598606;0.03893322951138797)(183.24154336198583;0.09733307377846992)(186.74827703398537;0.019466614755693987)(188.50164386998514;0.03893322951138797)(190.2550107059849;0.07786645902277595)(192.00837754198466;0.03893322951138797)(193.76174437798443;0.07786645902277595)(195.5151112139842;0.07786645902277595)(197.26847804998397;0.07786645902277595)(199.02184488598374;0.019466614755693987)(200.7752117219835;0.03893322951138797)(202.52857855798328;0.1557329180455519)(206.03531222998282;0.03893322951138797)(207.7886790659826;0.09733307377846992)(209.54204590198236;0.019466614755693987)(211.29541273798213;0.019466614755693987)(213.0487795739819;0.05839984426708195)(214.80214640998165;0.019466614755693987)(216.55551324598142;0.05839984426708195)(218.3088800819812;0.05839984426708195)(220.06224691798096;0.05839984426708195)(221.81561375398073;0.019466614755693987)(223.5689805899805;0.1167996885341639)(227.07571426198004;0.03893322951138797)(228.8290810979798;0.03893322951138797)(232.33581476997935;0.05839984426708195)(234.08918160597912;0.09733307377846992)(235.84254844197886;0.03893322951138797)(237.59591527797863;0.019466614755693987)(239.3492821139784;0.03893322951138797)(241.10264894997817;0.07786645902277595)(242.85601578597795;0.03893322951138797)(244.60938262197772;0.019466614755693987)(246.3627494579775;0.1557329180455519)(251.6228499659768;0.03893322951138797)(253.37621680197657;0.03893322951138797)(255.12958363797634;0.07786645902277595)(256.88295047397605;0.019466614755693987)(258.6363173099759;0.019466614755693987)(260.3896841459756;0.03893322951138797)(262.1430509819754;0.03893322951138797)(263.89641781797513;0.03893322951138797)(267.4031514899747;0.019466614755693987)(270.9098851619742;0.019466614755693987)(274.41661883397376;0.03893322951138797)(276.1699856699736;0.019466614755693987)(277.9233525059733;0.03893322951138797)(279.6767193419731;0.019466614755693987)(281.43008617797284;0.09733307377846992)(284.9368198499724;0.07786645902277595)(286.6901866859722;0.05839984426708195)(288.4435535219719;0.019466614755693987)(290.19692035797175;0.019466614755693987)(291.95028719397146;0.03893322951138797)(293.7036540299712;0.019466614755693987)(297.2103877019707;0.03893322951138797)(302.4704882099701;0.019466614755693987)(307.73058871796934;0.019466614755693987)(309.48395555396917;0.03893322951138797)(311.2373223899689;0.019466614755693987)(312.9906892259687;0.019466614755693987)(314.7440560619684;0.03893322951138797)(316.49742289796825;0.03893322951138797)(320.0041565699678;0.019466614755693987)(323.51089024196733;0.09733307377846992)(325.26425707796705;0.03893322951138797)(327.0176239139669;0.019466614755693987)(334.03109125796595;0.019466614755693987)(335.78445809396567;0.019466614755693987)(341.0445586019649;0.019466614755693987)(344.55129227396446;0.05839984426708195)(346.3046591099643;0.03893322951138797)(349.81139278196383;0.019466614755693987)(356.8248601259629;0.019466614755693987)(358.5782269619626;0.019466614755693987)(363.838327469962;0.019466614755693987)(365.5916943059617;0.019466614755693987)(367.34506114196154;0.019466614755693987)(370.8517948139611;0.07786645902277595)(372.6051616499608;0.03893322951138797)(374.3585284859606;0.07786645902277595)(377.86526215796016;0.019466614755693987)(379.6186289939599;0.03893322951138797)(384.8787295019591;0.07786645902277595)(388.38546317395867;0.019466614755693987)(395.39893051795775;0.019466614755693987)(397.1522973539576;0.019466614755693987)(400.6590310259571;0.05839984426708195)(402.41239786195683;0.019466614755693987)(404.16576469795666;0.019466614755693987)(405.9191315339564;0.05839984426708195)(409.4258652059559;0.07786645902277595)(411.17923204195574;0.019466614755693987)(412.93259887795546;0.019466614755693987)(414.6859657139553;0.019466614755693987)(419.94606622195454;0.019466614755693987)(425.2061667299539;0.05839984426708195)(426.9595335659536;0.07786645902277595)(428.71290040195333;0.03893322951138797)(432.2196340739529;0.03893322951138797)(433.9730009099527;0.019466614755693987)(435.7263677459524;0.019466614755693987)(437.47973458195224;0.019466614755693987)(439.23310141795196;0.019466614755693987)(440.9864682539518;0.03893322951138797)(442.7398350899515;0.03893322951138797)(444.4932019259513;0.07786645902277595)(446.24656876195104;0.019466614755693987)(447.99993559795087;0.07786645902277595)(451.5066692699504;0.05839984426708195)(453.2600361059501;0.019466614755693987)(455.01340294194995;0.03893322951138797)(456.76676977794966;0.1167996885341639)(458.5201366139495;0.05839984426708195)(460.2735034499492;0.019466614755693987)(463.78023712194874;0.019466614755693987)(465.53360395794857;0.09733307377846992)(469.0403376299481;0.019466614755693987)(472.54707130194754;0.09733307377846992)(474.30043813794737;0.03893322951138797)(476.0538049739471;0.09733307377846992)(477.8071718099469;0.019466614755693987)(479.5605386459466;0.03893322951138797)(481.31390548194645;0.09733307377846992)(483.06727231794616;0.03893322951138797)(484.820639153946;0.09733307377846992)(488.32737282594553;0.019466614755693987)(495.3408401699446;0.019466614755693987)(498.84757384194415;0.03893322951138797)(502.3543075139437;0.03893322951138797)(505.86104118594324;0.03893322951138797)(507.61440802194295;0.019466614755693987)(511.1211416939425;0.09733307377846992)(512.8745085299423;0.019466614755693987)(516.3812422019419;0.03893322951138797)(519.8879758739413;0.05839984426708195)(521.6413427099411;0.03893322951138797)(523.3947095459409;0.019466614755693987)(525.1480763819407;0.019466614755693987)(528.6548100539402;0.03893322951138797)(530.40817688994;0.03893322951138797)(532.1615437259397;0.05839984426708195)(533.9149105619395;0.1167996885341639)(535.6682773979393;0.019466614755693987)(537.4216442339391;0.07786645902277595)(539.1750110699388;0.019466614755693987)(542.6817447419382;0.019466614755693987)(546.1884784139379;0.019466614755693987)(547.9418452499376;0.03893322951138797)(549.6952120859373;0.09733307377846992)(551.4485789219372;0.03893322951138797)(553.201945757937;0.03893322951138797)(554.9553125939367;0.019466614755693987)(556.7086794299364;0.1167996885341639)(558.4620462659362;0.019466614755693987)(560.2154131019361;0.1167996885341639)(561.9687799379358;0.019466614755693987)(565.4755136099353;0.019466614755693987)(567.2288804459351;0.09733307377846992)(568.9822472819349;0.07786645902277595)(570.7356141179346;0.07786645902277595)(572.4889809539344;0.05839984426708195)(574.2423477899342;0.1167996885341639)(575.9957146259339;0.03893322951138797)(577.7490814619337;0.03893322951138797)(579.5024482979335;0.019466614755693987)(581.2558151339333;0.03893322951138797)(583.009181969933;0.05839984426708195)(584.7625488059327;0.03893322951138797)(588.2692824779323;0.019466614755693987)(590.0226493139321;0.019466614755693987)(591.7760161499318;0.07786645902277595)(595.2827498219314;0.1167996885341639)(597.0361166579312;0.019466614755693987)(598.7894834939309;0.03893322951138797)(600.5428503299306;0.03893322951138797)(602.2962171659304;0.07786645902277595)(604.0495840019303;0.019466614755693987)(605.80295083793;0.019466614755693987)(607.5563176739297;0.07786645902277595)(609.3096845099295;0.019466614755693987)(612.8164181819291;0.03893322951138797)(616.3231518539286;0.019466614755693987)(618.0765186899284;0.03893322951138797)(621.5832523619279;0.07786645902277595)(623.3366191979277;0.019466614755693987)(625.0899860339275;0.07786645902277595)(626.8433528699272;0.05839984426708195)(630.3500865419267;0.019466614755693987)(632.1034533779265;0.019466614755693987)(637.3635538859257;0.03893322951138797)(639.1169207219256;0.019466614755693987)(642.6236543939251;0.019466614755693987)(644.3770212299248;0.03893322951138797)(646.1303880659246;0.05839984426708195)(649.6371217379242;0.07786645902277595)(651.3904885739239;0.019466614755693987)(653.1438554099237;0.019466614755693987)(654.8972222459236;0.03893322951138797)(658.403955917923;0.07786645902277595)(660.1573227539228;0.019466614755693987)(661.9106895899226;0.019466614755693987)(663.6640564259224;0.05839984426708195)(665.4174232619221;0.05839984426708195)(668.9241569339217;0.019466614755693987)(670.6775237699214;0.07786645902277595)(672.4308906059211;0.019466614755693987)(675.9376242779207;0.05839984426708195)(677.6909911139205;0.03893322951138797)(681.19772478592;0.019466614755693987)(682.9510916219198;0.09733307377846992)(684.7044584579196;0.019466614755693987)(686.4578252939193;0.019466614755693987)(688.211192129919;0.03893322951138797)(689.9645589659189;0.03893322951138797)(693.4712926379184;0.1167996885341639)(695.2246594739181;0.03893322951138797)(696.9780263099179;0.019466614755693987)(700.4847599819175;0.05839984426708195)(702.2381268179172;0.05839984426708195)(705.7448604899168;0.019466614755693987)(712.7583278339159;0.019466614755693987)(716.2650615059154;0.019466614755693987)(718.0184283419152;0.05839984426708195)(719.7717951779149;0.019466614755693987)(721.5251620139147;0.019466614755693987)(726.785262521914;0.03893322951138797)(730.2919961939135;0.05839984426708195)(732.0453630299132;0.03893322951138797)(737.3054635379126;0.019466614755693987)(740.8121972099121;0.03893322951138797)(747.8256645539112;0.03893322951138797)(749.579031389911;0.05839984426708195)(751.3323982259108;0.019466614755693987)(753.0857650619105;0.019466614755693987)(760.0992324059096;0.019466614755693987)(761.8525992419094;0.019466614755693987)(763.6059660779091;0.03893322951138797)(765.3593329139089;0.03893322951138797)(768.8660665859084;0.07786645902277595)(779.3862676019071;0.019466614755693987)(781.1396344379068;0.03893322951138797)(786.3997349459062;0.019466614755693987)(788.1531017819059;0.05839984426708195)(791.6598354539054;0.05839984426708195)(793.4132022899053;0.019466614755693987)(796.9199359619047;0.019466614755693987)(803.9334033059038;0.019466614755693987)(805.6867701419036;0.03893322951138797)(810.9468706499028;0.019466614755693987)(812.7002374859026;0.019466614755693987)(814.4536043219024;0.019466614755693987)(817.9603379939019;0.019466614755693987)(824.973805337901;0.019466614755693987)(826.7271721739007;0.019466614755693987)(830.2339058459004;0.019466614755693987)(831.9872726819001;0.019466614755693987)(833.7406395178998;0.03893322951138797)(839.0007400258992;0.03893322951138797)(842.5074736978987;0.019466614755693987)(851.2743078778976;0.03893322951138797)(865.3012425658957;0.019466614755693987)(867.0546094018955;0.03893322951138797)(888.0950114338928;0.019466614755693987)(889.8483782698925;0.019466614755693987)(898.6152124498913;0.019466614755693987)(900.368579285891;0.019466614755693987)(902.1219461218908;0.03893322951138797)(909.1354134658899;0.019466614755693987)(919.6556144818885;0.03893322951138797)(940.6960165138858;0.03893322951138797)(942.4493833498855;0.05839984426708195)(956.4763180378836;0.019466614755693987)(963.4897853818827;0.019466614755693987)(981.0234537418804;0.07786645902277595)(998.5571221018781;0.019466614755693987)(1014.337423625876;0.03893322951138797)(1040.6379261658726;0.019466614755693987)(1045.8980266738718;0.03893322951138797)(1077.4586297218677;0.05839984426708195)(1114.2793332778629;0.019466614755693987)(1142.3332026538592;0.03893322951138797)(1179.153906209854;0.019466614755693987)(1203.701041913851;0.019466614755693987)(1226.494810781848;0.019466614755693987)(1268.5756148458424;0.019466614755693987)(1270.3289816818422;0.019466614755693987)(1303.6429515658378;0.03893322951138797)(1305.3963184018376;0.019466614755693987)(1405.3382280538244;0.019466614755693987)(1407.0915948898241;0.03893322951138797)(1412.3516953978233;0.019466614755693987)(1540.3474744258065;0.03893322951138797)(1573.661444309802;0.019466614755693987)(1654.3163187657915;0.019466614755693987)(1752.5048615817784;0.019466614755693987)]"
"DoublePDF[(0.911;18.001978239367)(1.624;8.90207715133531)(2.337;6.72601384767557)(3.051;11.5727002967359)(3.764;13.0563798219585)(4.478;10.1879327398615)(5.191;10.0890207715134)(5.905;5.83580613254204)(6.618;3.75865479723047)(7.331;2.07715133531157)(8.045;0.989119683481701)(8.758;1.38476755687438)(9.472;1.48367952522255)(10.185;1.38476755687438)(10.899;0.692383778437191)(11.612;0.19782393669634)(12.325;0.494559841740851)(13.039;0.593471810089021)(13.752;0.29673590504451)(14.466;0.19782393669634)(15.893;0.0989119683481701)(16.606;0.0989119683481701)(17.32;0.0989119683481701)(18.033;0.0989119683481701)(18.746;0.19782393669634)(19.46;0.0989119683481701)(20.173;0.0989119683481701)(20.887;0.39564787339268)(21.6;0.19782393669634)(23.74;0.0989119683481701)(25.881;0.19782393669634)(28.021;0.19782393669634)(30.161;0.0989119683481701)(35.869;0.0989119683481701)]\n"
"DoublePDF[(0.943580150604248;0)(1.180131435394287;0.9492543288960064)(1.4150500297546387;0.02617355620058052)(1.6497678756713867;0.005354819337403663)(1.8895173072814941;0.0031027925132619356)(2.1242799758911133;0.0046041437293564205)(2.363528251647949;0.003553197878090281)(2.5946812629699707;0.001851666499849865)(2.837576389312744;0.001201080972875588)(3.0744290351867676;7.506756080472426E-4)(3.3070411682128906;8.507656891202082E-4)(3.5236458778381348;8.007206485837253E-4)(3.763428211212158;0.0011510359323391051)(4.003880977630615;5.004504053648283E-4)(4.241672992706299;1.501351216094485E-4)(4.4247517585754395;1.0009008107296567E-4)(4.638090133666992;2.0018016214593134E-4)(4.778395248413086;5.0045040536482834E-5)(5.169436050415039;5.0045040536482834E-5)(5.48068380355835;0)(5.5724101066589355;2.0018016214593134E-4)(5.845937801361084;5.0045040536482834E-5)(8.046474933624268;0)(8.047474933624267;5.0045040536482834E-5)]"
"DoublePDF[(1.1294450759887695;0)(1.336446762084961;0.8454108697828046)(1.5434107780456543;0.09468521669502553)(1.7503652572631836;0.01606445801221099)(1.9576430320739746;0.009808827945150636)(2.16251277923584;0.00565508958062256)(2.367274284362793;0.003903513161845661)(2.5794410705566406;0.005254729256330698)(2.7861952781677246;0.009858872985687118)(2.98848819732666;0.002352116905214693)(3.2007908821105957;0.0011009908918026225)(3.347489356994629;7.506756080472426E-4)(3.605792999267578;8.507656891202082E-4)(3.822330951690674;0.002452206986287659)(3.9820618629455566;7.506756080472426E-4)(4.160775184631348;2.5022520268241417E-4)(4.414559364318848;1.0009008107296567E-4)(4.623435974121094;2.0018016214593134E-4)(4.781089855194092;5.0045040536482834E-5)(4.978699279785157;5.0045040536482834E-5)(5.316915035247803;0)(5.3454179763793945;1.0009008107296567E-4)(5.597830844879151;5.0045040536482834E-5)(6.607754707336426;0)(6.608754707336426;5.0045040536482834E-5)(7.186214923858643;0)(7.344624042510986;2.5022520268241417E-4)]"
"DoublePDF[(1.1603498458862305;0)(2.325714111328125;0.0021)(3.6192755699157715;0.0094)(4.853126049041748;0.0329)(6.084349155426025;0.1032)(7.314385890960693;0.1743)(8.546762943267822;0.2316)(9.770340919494629;0.1867)(11.00846815109253;0.1386)(12.235555648803711;0.0701)(13.44054365158081;0.027)(14.689120769500732;0.0098)(15.921101093292236;0.0039)(17.00162982940674;0.0014)(18.262179851531982;8.0E-4)(19.358304977416992;2.0E-4)(20.839654041290284;1.0E-4)(21.74228858947754;5.0E-4)(25.71203899383545;0)(25.71303899383545;1.0E-4)(26.128784656524658;2.0E-4)(28.09056329727173;4.0E-4)(29.176681995391846;9.0E-4)(30.678987979888916;0.0012)(31.932281017303467;0.0014)(33.12557506561279;0.0014)(34.155089378356934;0.0011)(35.61883497238159;4.0E-4)(36.7303791770935;1.0E-4)(38.0927791595459;2.0E-4)]"
"DoublePDF[(1.256;99.97)(8.79;0.01)(16.324;0.01)(124.313;0.01)]\n"
"DoublePDF[(1.3236112594604492;0)(1.5346317291259766;0.9153611291856449)(1.7456541061401367;0.048801241303368534)(1.9560117721557617;0.010310826367686071)(2.166466236114502;0.0045547825216477305)(2.37699031829834;0.0036538365283547724)(2.5848331451416016;0.0030532058661594673)(2.7989096641540527;0.0028529956454276992)(2.994169235229492;0.0037038890835377146)(3.2124061584472656;0.001151208769207668)(3.431550979614258;0.0012513138795735522)(3.638981819152832;0.001101156214024726)(3.843111038208008;8.508934381100155E-4)(4.049558162689209;3.503678862805946E-4)(4.274724006652832;4.504729966464788E-4)(4.390262126922607;3.0031533109765255E-4)(4.692573070526123;7.007357725611892E-4)(4.900047779083252;3.503678862805946E-4)(5.091304302215576;4.504729966464788E-4)(5.253654956817627;1.5015766554882628E-4)(5.5238142013549805;1.5015766554882628E-4)(5.7698750495910645;0)(5.799492835998535;1.0010511036588417E-4)(6.101243091583252;5.005255518294209E-5)(6.2091842422485355;5.005255518294209E-5)(6.489229274749756;5.005255518294209E-5)(6.723405361175537;1.0010511036588417E-4)(7.197470664978027;0)(7.198470664978028;5.005255518294209E-5)(7.654726982116699;0)(7.6557269821166996;5.005255518294209E-5)]"
"DoublePDF[(1.697;99.98)(11.878;0.01)(167.981;0.01)]\n"
"DoublePDF[(1.7195578643530607;70.93226693326669)(4.971803584352136;0.8247938015496127)(8.224049304351212;0.5748562859285179)(11.476295024350286;0.4498875281179705)(14.72854074434936;0.1999500124968758)(17.980786464348434;0.1999500124968758)(21.23303218434751;0.1999500124968758)(24.485277904346585;0.17495626093476632)(27.73752362434566;0.22494376405898525)(30.989769344344733;0.17495626093476632)(34.2420150643438;0.22494376405898525)(37.494260784342885;0.14996250937265682)(40.746506504341966;0.07498125468632841)(43.99875222434103;0.024993751562109475)(47.250997944340114;0.04998750312421895)(50.50324366433918;0.04998750312421895)(53.75548938433826;0.024993751562109475)(57.00773510433733;0.12496875781054737)(60.25998082433641;0.12496875781054737)(63.512226544335476;0.04998750312421895)(66.76447226433456;0.0999750062484379)(70.01671798433364;0.024993751562109475)(73.2689637043327;0.04998750312421895)(76.52120942433179;0.024993751562109475)(79.77345514433085;0.04998750312421895)(83.02570086432993;0.0999750062484379)(86.27794658432902;0.024993751562109475)(89.53019230432808;0.0999750062484379)(92.78243802432715;0.024993751562109475)(96.03468374432623;0.04998750312421895)(99.28692946432531;0.07498125468632841)(102.53917518432438;0.07498125468632841)(105.79142090432346;0.04998750312421895)(109.04366662432253;0.024993751562109475)(112.29591234432161;0.024993751562109475)(115.54815806432069;0.024993751562109475)(118.80040378431976;0.04998750312421895)(122.05264950431882;0.07498125468632841)(128.55714094431698;0.024993751562109475)(135.06163238431515;0.04998750312421895)(138.3138781043142;0.04998750312421895)(141.56612382431328;0.024993751562109475)(144.81836954431236;0.024993751562109475)(148.0706152643114;0.04998750312421895)(151.32286098431052;0.024993751562109475)(154.57510670430958;0.024993751562109475)(157.82735242430866;0.04998750312421895)(161.07959814430774;0.024993751562109475)(164.3318438643068;0.07498125468632841)(167.5840895843059;0.024993751562109475)(170.83633530430495;0.024993751562109475)(174.088581024304;0.04998750312421895)(177.34082674430311;0.024993751562109475)(180.59307246430217;0.04998750312421895)(183.84531818430128;0.024993751562109475)(190.34980962429938;0.024993751562109475)(193.6020553442985;0.04998750312421895)(200.10654678429663;0.024993751562109475)(203.3587925042957;0.024993751562109475)(206.61103822429476;0.04998750312421895)(209.86328394429387;0.04998750312421895)(222.87226682429014;0.04998750312421895)(239.1334954242855;0.024993751562109475)(242.38574114428462;0.07498125468632841)(248.89023258428273;0.024993751562109475)(252.14247830428184;0.024993751562109475)(265.1514611842781;0.024993751562109475)(274.9081983442753;0.024993751562109475)(278.16044406427443;0.04998750312421895)(297.67391838426886;0.024993751562109475)(313.9351469842643;0.024993751562109475)(320.4396384242624;0.024993751562109475)(346.457604184255;0.024993751562109475)(365.9710785042495;0.024993751562109475)(378.98006138424574;0.07498125468632841)(382.2323071042448;0.024993751562109475)(388.73679854424296;0.04998750312421895)(398.49353570424023;0.04998750312421895)(411.5025185842365;0.024993751562109475)(414.75476430423555;0.024993751562109475)(434.26823862423;0.024993751562109475)(460.28620438422263;0.024993751562109475)(466.79069582422073;0.07498125468632841)(470.04294154421984;0.024993751562109475)(473.29518726421895;0.0999750062484379)(476.54743298421795;0.04998750312421895)(483.05192442421617;0.04998750312421895)(496.06090730421244;0.024993751562109475)(499.3131530242115;0.024993751562109475)(502.5653987442106;0.04998750312421895)(509.0698901842087;0.024993751562109475)(512.3221359042078;0.024993751562109475)(522.078873064205;0.024993751562109475)(528.5833645042032;0.024993751562109475)(531.8356102242022;0.07498125468632841)(535.0878559442014;0.04998750312421895)(544.8445931041986;0.1999500124968758)(548.0968388241977;0.024993751562109475)(551.3490845441968;0.0999750062484379)(554.6013302641958;0.024993751562109475)(557.8535759841949;0.07498125468632841)(564.358067424193;0.024993751562109475)(567.6103131441921;0.024993751562109475)(570.8625588641912;0.024993751562109475)(574.1148045841902;0.07498125468632841)(577.3670503041893;0.024993751562109475)(580.6192960241883;0.024993751562109475)(583.8715417441874;0.14996250937265682)(587.1237874641865;0.024993751562109475)(590.3760331841856;0.04998750312421895)(593.6282789041848;0.04998750312421895)(600.1327703441829;0.024993751562109475)(606.637261784181;0.07498125468632841)(609.8895075041801;0.0999750062484379)(613.1417532241792;0.07498125468632841)(616.3939989441782;0.024993751562109475)(622.8984903841764;0.024993751562109475)(626.1507361041754;0.024993751562109475)(635.9074732641727;0.024993751562109475)(639.1597189841717;0.024993751562109475)(645.6642104241698;0.024993751562109475)(648.9164561441689;0.024993751562109475)(652.168701864168;0.07498125468632841)(655.4209475841672;0.04998750312421895)(661.9254390241653;0.04998750312421895)(668.4299304641634;0.12496875781054737)(684.6911590641588;0.024993751562109475)(691.1956505041569;0.024993751562109475)(697.7001419441551;0.04998750312421895)(710.7091248241513;0.024993751562109475)(713.9613705441504;0.024993751562109475)(720.4658619841487;0.024993751562109475)(723.7181077041477;0.024993751562109475)(730.2225991441458;0.024993751562109475)(733.4748448641449;0.04998750312421895)(739.9793363041431;0.0999750062484379)(743.2315820241422;0.024993751562109475)(746.4838277441412;0.024993751562109475)(752.9883191841393;0.024993751562109475)(756.2405649041384;0.024993751562109475)(759.4928106241375;0.024993751562109475)(762.7450563441366;0.024993751562109475)(772.5017935041337;0.024993751562109475)(775.7540392241328;0.0999750062484379)(779.006284944132;0.024993751562109475)(782.2585306641311;0.024993751562109475)(785.5107763841302;0.0999750062484379)(792.0152678241283;0.07498125468632841)(795.2675135441273;0.04998750312421895)(798.5197592641264;0.0999750062484379)(805.0242507041246;0.04998750312421895)(808.2764964241236;0.04998750312421895)(814.7809878641218;0.024993751562109475)(821.2854793041199;0.04998750312421895)(824.537725024119;0.024993751562109475)(827.7899707441181;0.024993751562109475)(831.0422164641171;0.024993751562109475)(847.3034450641126;0.024993751562109475)(850.5556907841116;0.024993751562109475)(853.8079365041107;0.04998750312421895)(866.816919384107;0.07498125468632841)(870.0691651041061;0.024993751562109475)(876.5736565441042;0.024993751562109475)(879.8259022641032;0.024993751562109475)(892.8348851440996;0.024993751562109475)(896.0871308640986;0.024993751562109475)(899.3393765840977;0.0999750062484379)(902.5916223040967;0.024993751562109475)(905.8438680240959;0.024993751562109475)(915.6006051840931;0.024993751562109475)(925.3573423440903;0.024993751562109475)(928.6095880640894;0.024993751562109475)(935.1140795040876;0.024993751562109475)(938.3663252240866;0.024993751562109475)(941.6185709440857;0.04998750312421895)(948.1230623840838;0.0999750062484379)(951.3753081040829;0.04998750312421895)(957.879799544081;0.04998750312421895)(961.1320452640801;0.04998750312421895)(964.3842909840793;0.024993751562109475)(970.8887824240774;0.024993751562109475)(987.1500110240727;0.04998750312421895)(993.6545024640709;0.04998750312421895)(1000.158993904069;0.024993751562109475)(1003.4112396240681;0.024993751562109475)(1006.6634853440672;0.07498125468632841)(1009.9157310640662;0.0999750062484379)(1013.1679767840653;0.07498125468632841)(1016.4202225040644;0.07498125468632841)(1019.6724682240636;0.024993751562109475)(1022.9247139440625;0.04998750312421895)(1026.1769596640615;0.04998750312421895)(1029.4292053840609;0.04998750312421895)(1035.9336968240589;0.024993751562109475)(1042.4381882640569;0.04998750312421895)(1048.942679704055;0.024993751562109475)(1052.1949254240544;0.024993751562109475)(1058.6994168640522;0.0999750062484379)(1065.2039083040504;0.07498125468632841)(1074.960645464048;0.0999750062484379)(1078.2128911840468;0.024993751562109475)(1084.717382624045;0.04998750312421895)(1087.969628344044;0.024993751562109475)(1091.2218740640433;0.12496875781054737)(1097.7263655040415;0.04998750312421895)(1100.9786112240404;0.04998750312421895)(1104.2308569440393;0.024993751562109475)(1107.4831026640386;0.024993751562109475)(1110.7353483840375;0.024993751562109475)(1113.9875941040368;0.024993751562109475)(1120.4920855440348;0.07498125468632841)(1123.744331264034;0.0999750062484379)(1126.9965769840328;0.04998750312421895)(1133.501068424031;0.17495626093476632)(1136.7533141440304;0.07498125468632841)(1143.2578055840283;0.04998750312421895)(1146.5100513040275;0.0999750062484379)(1149.7622970240263;0.07498125468632841)(1156.2667884640246;0.0999750062484379)(1159.519034184024;0.07498125468632841)(1162.7712799040228;0.024993751562109475)(1166.0235256240217;0.024993751562109475)(1175.7802627840192;0.12496875781054737)(1179.032508504018;0.04998750312421895)(1182.2847542240174;0.024993751562109475)(1195.2937371040134;0.024993751562109475)(1205.0504742640107;0.04998750312421895)(1208.3027199840099;0.04998750312421895)(1214.807211424008;0.024993751562109475)(1218.059457144007;0.024993751562109475)(1221.3117028640063;0.04998750312421895)(1231.0684400240034;0.024993751562109475)(1234.3206857440023;0.024993751562109475)(1237.5729314640016;0.04998750312421895)(1240.8251771840005;0.024993751562109475)(1244.0774229039998;0.07498125468632841)(1247.3296686239987;0.04998750312421895)(1250.5819143439978;0.0999750062484379)(1260.3386515039952;0.04998750312421895)(1263.590897223994;0.024993751562109475)(1266.8431429439934;0.1999500124968758)(1270.0953886639923;0.024993751562109475)(1276.5998801039905;0.024993751562109475)(1289.608862983987;0.04998750312421895)(1296.1133544239847;0.0999750062484379)(1299.365600143984;0.04998750312421895)(1302.617845863983;0.024993751562109475)(1305.8700915839822;0.04998750312421895)(1309.122337303981;0.024993751562109475)(1312.3745830239802;0.07498125468632841)(1318.8790744639782;0.024993751562109475)(1322.1313201839776;0.17495626093476632)(1331.8880573439747;0.024993751562109475)(1335.1403030639738;0.024993751562109475)(1338.3925487839729;0.024993751562109475)(1341.6447945039718;0.07498125468632841)(1344.897040223971;0.12496875781054737)(1348.14928594397;0.12496875781054737)(1351.4015316639693;0.04998750312421895)(1361.1582688239664;0.024993751562109475)(1367.6627602639646;0.04998750312421895)(1370.9150059839635;0.04998750312421895)(1374.1672517039628;0.0999750062484379)(1377.4194974239617;0.12496875781054737)(1380.6717431439606;0.22494376405898525)(1383.92398886396;0.07498125468632841)(1390.4284803039582;0.12496875781054737)(1393.680726023957;0.04998750312421895)(1400.1852174639553;0.04998750312421895)(1403.4374631839542;0.024993751562109475)(1406.6897089039535;0.12496875781054737)(1409.9419546239524;0.024993751562109475)(1413.1942003439517;0.024993751562109475)(1416.4464460639506;0.04998750312421895)(1419.6986917839497;0.04998750312421895)(1426.2031832239477;0.07498125468632841)(1429.455428943947;0.04998750312421895)(1432.707674663946;0.12496875781054737)(1435.9599203839452;0.12496875781054737)(1439.2121661039441;0.024993751562109475)(1442.4644118239432;0.024993751562109475)(1445.7166575439423;0.024993751562109475)(1452.2211489839406;0.12496875781054737)(1455.4733947039394;0.04998750312421895)(1458.7256404239388;0.024993751562109475)(1461.9778861439377;0.024993751562109475)(1468.4823775839359;0.07498125468632841)(1471.7346233039348;0.024993751562109475)(1478.239114743933;0.024993751562109475)(1481.4913604639323;0.0999750062484379)(1484.7436061839312;0.07498125468632841)(1487.99585190393;0.024993751562109475)(1491.2480976239294;0.12496875781054737)(1497.7525890639276;0.024993751562109475)(1501.0048347839265;0.07498125468632841)(1504.2570805039256;0.07498125468632841)(1510.7615719439236;0.024993751562109475)(1517.2660633839218;0.07498125468632841)(1520.5183091039212;0.12496875781054737)(1523.77055482392;0.04998750312421895)(1527.0228005439192;0.22494376405898525)(1530.2750462639183;0.04998750312421895)(1533.5272919839172;0.0999750062484379)(1536.7795377039165;0.07498125468632841)(1540.0317834239154;0.04998750312421895)(1543.2840291439147;0.024993751562109475)(1546.5362748639136;0.024993751562109475)(1549.7885205839125;0.14996250937265682)(1553.0407663039118;0.024993751562109475)(1559.54525774391;0.024993751562109475)(1562.797503463909;0.04998750312421895)(1566.0497491839083;0.07498125468632841)(1569.3019949039071;0.04998750312421895)(1575.8064863439054;0.024993751562109475)(1579.0587320639042;0.024993751562109475)(1585.5632235039025;0.024993751562109475)(1588.8154692239018;0.07498125468632841)(1592.0677149439007;0.14996250937265682)(1595.3199606638996;0.024993751562109475)(1601.8244521038978;0.04998750312421895)(1605.0766978238971;0.024993751562109475)(1608.328943543896;0.024993751562109475)(1614.8334349838942;0.024993751562109475)(1621.3379264238924;0.024993751562109475)(1624.5901721438913;0.07498125468632841)(1627.8424178638907;0.0999750062484379)(1631.0946635838895;0.0999750062484379)(1634.3469093038887;0.0999750062484379)(1640.8514007438866;0.07498125468632841)(1644.103646463886;0.07498125468632841)(1653.860383623883;0.0999750062484379)(1657.112629343882;0.04998750312421895)(1660.3648750638813;0.04998750312421895)(1663.6171207838802;0.04998750312421895)(1666.8693665038795;0.04998750312421895)(1670.1216122238784;0.04998750312421895)(1673.3738579438777;0.04998750312421895)(1676.6261036638766;0.07498125468632841)(1683.1305951038748;0.024993751562109475)(1686.3828408238737;0.07498125468632841)(1689.635086543873;0.04998750312421895)(1692.887332263872;0.024993751562109475)(1696.139577983871;0.024993751562109475)(1699.3918237038702;0.07498125468632841)(1702.644069423869;0.07498125468632841)(1709.1485608638673;0.024993751562109475)(1712.4008065838666;0.04998750312421895)(1722.1575437438637;0.024993751562109475)(1728.662035183862;0.024993751562109475)(1731.9142809038608;0.024993751562109475)(1741.671018063858;0.024993751562109475)(1744.9232637838572;0.024993751562109475)(1748.1755095038561;0.04998750312421895)(1751.4277552238555;0.04998750312421895)(1754.6800009438543;0.024993751562109475)(1757.9322466638537;0.04998750312421895)(1761.1844923838526;0.04998750312421895)(1780.6979667038472;0.024993751562109475)(1787.202458143845;0.024993751562109475)(1790.4547038638443;0.04998750312421895)(1803.4636867438405;0.024993751562109475)(1806.7159324638396;0.04998750312421895)(1813.2204239038379;0.024993751562109475)(1816.4726696238367;0.024993751562109475)(1819.724915343836;0.04998750312421895)(1822.977161063835;0.04998750312421895)(1829.4816525038332;0.07498125468632841)(1832.733898223832;0.024993751562109475)(1835.9861439438314;0.024993751562109475)(1839.2383896638303;0.024993751562109475)(1845.7428811038285;0.024993751562109475)(1848.9951268238274;0.04998750312421895)(1858.751863983825;0.04998750312421895)(1862.0041097038238;0.024993751562109475)(1865.2563554238232;0.024993751562109475)(1871.760846863821;0.024993751562109475)(1875.0130925838203;0.024993751562109475)(1884.7698297438174;0.024993751562109475)(1888.0220754638165;0.04998750312421895)(1894.5265669038145;0.024993751562109475)(1901.0310583438127;0.07498125468632841)(1904.283304063812;0.024993751562109475)(1917.292286943808;0.024993751562109475)(1927.0490241038056;0.024993751562109475)(1930.3012698238044;0.024993751562109475)(1933.5535155438035;0.024993751562109475)(1936.8057612638027;0.07498125468632841)(1940.0580069838015;0.04998750312421895)(1946.5624984237998;0.04998750312421895)(1949.814744143799;0.04998750312421895)(1953.066989863798;0.024993751562109475)(1956.3192355837969;0.04998750312421895)(1959.5714813037962;0.024993751562109475)(1962.823727023795;0.024993751562109475)(1966.0759727437944;0.024993751562109475)(1969.3282184637933;0.0999750062484379)(1982.3372013437897;0.024993751562109475)(1985.5894470637886;0.0999750062484379)(1992.0939385037868;0.024993751562109475)(1995.346184223786;0.024993751562109475)(1998.598429943785;0.024993751562109475)(2008.3551671037822;0.024993751562109475)(2011.6074128237815;0.07498125468632841)(2014.8596585437804;0.024993751562109475)(2018.1119042637795;0.024993751562109475)(2031.1208871437757;0.024993751562109475)(2034.373132863775;0.024993751562109475)(2037.625378583774;0.024993751562109475)(2040.8776243037728;0.024993751562109475)(2044.1298700237721;0.24993751562109473)(2057.1388529037686;0.04998750312421895)(2063.6433443437663;0.024993751562109475)(2066.8955900637657;0.0999750062484379)(2070.147835783765;0.04998750312421895)(2076.6523272237628;0.024993751562109475)(2079.904572943762;0.024993751562109475)(2083.156818663761;0.024993751562109475)(2086.40906438376;0.024993751562109475)(2089.661310103759;0.024993751562109475)(2092.9135558237585;0.07498125468632841)(2096.165801543757;0.04998750312421895)(2099.4180472637563;0.04998750312421895)(2102.6702929837556;0.0999750062484379)(2105.9225387037545;0.0999750062484379)(2109.1747844237534;0.07498125468632841)(2112.4270301437527;0.04998750312421895)(2115.6792758637516;0.024993751562109475)(2118.9315215837505;0.024993751562109475)(2125.436013023749;0.024993751562109475)(2128.688258743748;0.12496875781054737)(2131.940504463747;0.12496875781054737)(2135.1927501837463;0.04998750312421895)(2138.444995903745;0.0999750062484379)(2141.697241623744;0.04998750312421895)(2144.9494873437434;0.024993751562109475)(2148.2017330637427;0.04998750312421895)(2154.7062245037405;0.07498125468632841)(2157.95847022374;0.024993751562109475)(2167.715207383737;0.024993751562109475)(2170.9674531037363;0.024993751562109475)(2177.471944543734;0.024993751562109475)(2180.7241902637334;0.04998750312421895)(2190.4809274237305;0.04998750312421895)(2193.73317314373;0.024993751562109475)(2196.9854188637287;0.024993751562109475)(2200.2376645837276;0.04998750312421895)(2203.489910303727;0.024993751562109475)(2216.4988931837233;0.024993751562109475)(2229.5078760637193;0.0999750062484379)(2239.264613223717;0.04998750312421895)(2245.7691046637146;0.024993751562109475)(2255.5258418237117;0.12496875781054737)(2258.778087543711;0.04998750312421895)(2271.7870704237075;0.17495626093476632)(2275.0393161437064;0.024993751562109475)(2284.796053303704;0.07498125468632841)(2288.0482990237024;0.024993751562109475)(2301.057281903699;0.024993751562109475)(2307.561773343697;0.024993751562109475)(2314.0662647836953;0.024993751562109475)(2317.3185105036946;0.024993751562109475)(2320.5707562236935;0.024993751562109475)(2336.831984823689;0.024993751562109475)(2353.093213423684;0.024993751562109475)(2369.3544420236794;0.024993751562109475)(2379.1111791836765;0.12496875781054737)(2382.363424903676;0.04998750312421895)(2385.615670623675;0.0999750062484379)(2392.120162063673;0.04998750312421895)(2398.624653503671;0.024993751562109475)(2408.3813906636688;0.024993751562109475)(2411.633636383667;0.04998750312421895)(2414.8858821036665;0.024993751562109475)(2431.1471107036623;0.024993751562109475)(2437.65160214366;0.04998750312421895)(2463.669567903653;0.07498125468632841)(2466.921813623652;0.024993751562109475)(2470.1740593436507;0.024993751562109475)(2476.6785507836494;0.07498125468632841)(2479.930796503648;0.07498125468632841)(2489.6875336636454;0.024993751562109475)(2492.9397793836442;0.024993751562109475)(2496.1920251036436;0.024993751562109475)(2505.9487622636407;0.024993751562109475)(2509.20100798364;0.024993751562109475)(2522.209990863636;0.024993751562109475)(2528.714482303634;0.04998750312421895)(2531.9667280236336;0.024993751562109475)(2535.2189737436324;0.024993751562109475)(2538.4712194636313;0.07498125468632841)(2544.9757109036295;0.07498125468632841)(2548.2279566236284;0.04998750312421895)(2557.984693783626;0.07498125468632841)(2561.236939503625;0.024993751562109475)(2567.741430943623;0.024993751562109475)(2570.993676663622;0.04998750312421895)(2574.2459223836213;0.07498125468632841)(2577.4981681036206;0.07498125468632841)(2584.0026595436184;0.024993751562109475)(2597.011642423615;0.024993751562109475)(2600.263888143614;0.07498125468632841)(2603.5161338636126;0.07498125468632841)(2623.0296081836077;0.024993751562109475)(2626.281853903606;0.024993751562109475)(2629.5340996236055;0.024993751562109475)(2642.543082503602;0.024993751562109475)(2658.8043111035972;0.024993751562109475)(2662.056556823596;0.024993751562109475)(2675.0655397035925;0.024993751562109475)(2697.831259743586;0.04998750312421895)(2736.858208383575;0.024993751562109475)(2743.362699823573;0.12496875781054737)(2769.380665583566;0.024993751562109475)(2779.137402743563;0.024993751562109475)(2792.1463856235596;0.024993751562109475)(2805.1553685035556;0.0999750062484379)(2808.4076142235544;0.024993751562109475)(2814.912105663553;0.024993751562109475)(2831.173334263548;0.04998750312421895)(2834.4255799835473;0.024993751562109475)(2840.930071423545;0.024993751562109475)(2847.4345628635438;0.024993751562109475)(2863.6957914635386;0.024993751562109475)(2866.948037183538;0.024993751562109475)(2938.497443023518;0.024993751562109475)(2941.749688743517;0.04998750312421895)(2977.5243916635063;0.024993751562109475)(2993.785620263502;0.024993751562109475)(3006.7946031434985;0.024993751562109475)(3250.713032143429;0.0999750062484379)]"
"DoublePDF[(1.7390530558675528;0.002776349614395887)(2.0850571698695424;0.017480719794344475)(2.4310612838715313;0.021285347043701797)(2.777065397873521;0.01398457583547558)(3.12306951187551;0.014601542416452442)(3.4690736258775;0.012956298200514138)(3.815077739879489;0.012442159383033418)(4.161081853881479;0.011516709511568124)(4.507085967883468;0.008946015424164524)(4.8530900818854565;0.01069408740359897)(5.199094195887447;0.008534704370179949)(5.545098309889436;0.00884318766066838)(5.891102423891425;0.01038560411311054)(6.237106537893414;0.015629820051413883)(6.583110651895405;0.025809768637532136)(6.929114765897394;0.04174807197943445)(7.275118879899383;0.05737789203084833)(7.621122993901372;0.06940874035989718)(7.967127107903362;0.0697172236503856)(8.313131221905351;0.07156812339331619)(8.65913533590734;0.06447300771208226)(9.00513944990933;0.055012853470437015)(9.35114356391132;0.0477120822622108)(9.697147677913309;0.04442159383033419)(10.043151791915298;0.036709511568123396)(10.389155905917287;0.03012853470437018)(10.735160019919277;0.02601542416452442)(11.081164133921266;0.02210796915167095)(11.427168247923255;0.017789203084832905)(11.773172361925244;0.017275064267352185)(12.119176475927235;0.013881748071979434)(12.465180589929224;0.010796915167095116)(12.811184703931213;0.009768637532133676)(13.157188817933202;0.008431876606683806)(13.503192931935192;0.005449871465295629)(13.849197045937181;0.005449871465295629)(14.19520115993917;0.005861182519280206)(14.54120527394116;0.004730077120822622)(14.88720938794315;0.0038046272493573263)(15.233213501945139;0.002982005141388175)(15.579217615947128;0.0035989717223650386)(15.925221729949117;0.002982005141388175)(16.271225843951107;0.002365038560411311)(16.617229957953096;0.002467866323907455)(16.963234071955085;0.0033933161953727503)(17.309238185957074;0.0019537275064267354)(17.655242299959063;0.002159383033419023)(18.001246413961056;0.002159383033419023)(18.34725052796304;0.0010282776349614395)(18.693254641965034;0.0014395886889460155)(19.03925875596702;0.0012339331619537275)(19.38526286996901;0.0013367609254498714)(19.731266983971;0.0010282776349614395)(20.07727109797299;0.0010282776349614395)(20.423275211974982;0.0013367609254498714)(20.769279325976967;0.0012339331619537275)(21.11528343997896;0.00061696658097686374)(21.461287553980945;0.00030848329048843187)(21.807291667982938;0.00061696658097686374)(22.153295781984927;0.00061696658097686374)(22.499299895986915;0.00061696658097686374)(22.845304009988908;0.00061696658097686374)(23.191308123990893;0.00010282776349614397)(23.537312237992886;0.0004113110539845759)(23.88331635199487;0.00020565552699228794)(24.229320465996864;0.0008226221079691518)(24.57532457999885;0.00020565552699228794)(24.92132869400084;0.0004113110539845759)(25.26733280800283;0.00051413881748071974)(25.61333692200482;0.00061696658097686374)(25.959341036006812;0.00020565552699228794)(26.305345150008797;0.00051413881748071974)(26.65134926401079;0.00020565552699228794)(26.997353378012775;0.00030848329048843187)(27.343357492014768;0.0004113110539845759)(27.689361606016757;0.0008226221079691518)(28.035365720018746;0.00020565552699228794)(28.381369834020738;0.00020565552699228794)(28.727373948022723;0.00051413881748071974)(29.073378062024716;0.00020565552699228794)(29.4193821760267;0.00010282776349614397)(29.765386290028694;0.0004113110539845759)(30.11139040403068;0.00030848329048843187)(30.45739451803267;0.00051413881748071974)(30.80339863203466;0.00051413881748071974)(31.14940274603665;0.00030848329048843187)(31.495406860038642;0.0004113110539845759)(31.84141097404063;0.00020565552699228794)(32.18741508804262;0.0004113110539845759)(32.533419202044605;0.00051413881748071974)(32.8794233160466;0.00020565552699228794)(33.22542743004858;0.00020565552699228794)(33.571431544050576;0.00020565552699228794)(33.91743565805257;0.00020565552699228794)(34.263439772054554;0.00020565552699228794)(34.60944388605654;0.00010282776349614397)(34.95544800005854;0.00020565552699228794)(35.64745622806251;0.00020565552699228794)(35.9934603420645;0.00020565552699228794)(36.339464456066494;0.00010282776349614397)(37.031472684070465;0.00010282776349614397)(37.37747679807246;0.00010282776349614397)(37.72348091207445;0.00020565552699228794)(38.069485026076435;0.00030848329048843187)(38.41548914007843;0.00020565552699228794)(39.107497368082406;0.00010282776349614397)(39.45350148208439;0.00010282776349614397)(40.145509710088376;0.00010282776349614397)(40.49151382409036;0.00051413881748071974)(40.837517938092354;0.00010282776349614397)(41.18352205209435;0.00020565552699228794)(41.52952616609633;0.00010282776349614397)(41.87553028009832;0.00010282776349614397)(42.22153439410031;0.00020565552699228794)(42.5675385081023;0.00010282776349614397)(43.95155496411026;0.00010282776349614397)(44.29755907811224;0.00020565552699228794)(44.643563192114236;0.00010282776349614397)(45.335571420118214;0.00030848329048843187)(45.6815755341202;0.00010282776349614397)(46.71958787612617;0.00010282776349614397)(47.06559199012816;0.00010282776349614397)(47.411596104130155;0.00010282776349614397)(47.75760021813214;0.00020565552699228794)(48.103604332134125;0.00020565552699228794)(49.141616674140096;0.00020565552699228794)(49.83362490214408;0.00010282776349614397)(50.871637244150044;0.00010282776349614397)(51.217641358152036;0.00010282776349614397)(51.56364547215402;0.00010282776349614397)(51.909649586156014;0.00020565552699228794)(52.25565370015801;0.00010282776349614397)(52.60165781415999;0.00010282776349614397)(53.63967015616596;0.00020565552699228794)(54.33167838416994;0.00010282776349614397)(54.67768249817193;0.00010282776349614397)(55.02368661217392;0.00010282776349614397)(55.715694840177896;0.00010282776349614397)(56.407703068181874;0.00010282776349614397)(57.09971129618586;0.00020565552699228794)(58.483727752193815;0.00010282776349614397)(58.8297318661958;0.00010282776349614397)(59.175735980197786;0.00030848329048843187)(61.251760664209726;0.00010282776349614397)(61.943768892213704;0.00020565552699228794)(62.2897730062157;0.00020565552699228794)(62.63577712021768;0.00020565552699228794)(63.32778534822167;0.00010282776349614397)(64.71180180422962;0.00010282776349614397)(65.05780591823161;0.00010282776349614397)(65.4038100322336;0.00020565552699228794)(65.7498141462356;0.00010282776349614397)(66.78782648824156;0.00010282776349614397)(67.47983471624553;0.00010282776349614397)(68.5178470582515;0.0004113110539845759)(68.8638511722535;0.00020565552699228794)(70.24786762826145;0.00020565552699228794)(70.93987585626543;0.00020565552699228794)(71.97788819827139;0.00010282776349614397)(72.32389231227339;0.00010282776349614397)(73.36190465427936;0.00020565552699228794)(73.70790876828134;0.00010282776349614397)(74.05391288228333;0.00020565552699228794)(74.39991699628533;0.00010282776349614397)(75.0919252242893;0.00010282776349614397)(75.4379293382913;0.00010282776349614397)(76.47594168029727;0.00010282776349614397)(76.82194579429924;0.00010282776349614397)(77.16794990830124;0.00020565552699228794)(77.51395402230324;0.00020565552699228794)(77.85995813630521;0.00020565552699228794)(79.24397459231318;0.00010282776349614397)(79.58997870631516;0.00020565552699228794)(81.66600339032709;0.00010282776349614397)(82.01200750432909;0.00010282776349614397)(82.35801161833109;0.00010282776349614397)(83.05001984633506;0.00010282776349614397)(83.39602396033705;0.00010282776349614397)(83.74202807433903;0.00010282776349614397)(84.43403630234302;0.00010282776349614397)(84.780040416345;0.00010282776349614397)(86.16405687235297;0.00010282776349614397)(87.54807332836091;0.00010282776349614397)(88.58608567036688;0.00010282776349614397)(89.97010212637485;0.00010282776349614397)(90.31610624037683;0.00010282776349614397)(91.3541185823828;0.00010282776349614397)(94.4681556084007;0.00010282776349614397)(95.16016383640468;0.00010282776349614397)(96.54418029241265;0.00010282776349614397)(96.89018440641463;0.00010282776349614397)(97.58219263441862;0.00010282776349614397)(106.57829959847034;0.00010282776349614397)(128.37655878059564;0.00010282776349614397)(135.64264517463744;0.00020565552699228794)(138.41067808665338;0.00010282776349614397)(156.74889612875882;0.00010282776349614397)(167.82102777682246;0.00010282776349614397)(175.7791223988682;0.00010282776349614397)(176.4711306268722;0.00010282776349614397)(202.76744329102337;0.00010282776349614397)(215.91559962309898;0.00010282776349614397)(238.75187114723028;0.00010282776349614397)(271.2762578634173;0.00010282776349614397)(306.5686774916202;0.00010282776349614397)(308.9907062896341;0.00010282776349614397)(347.39716294385494;0.00010282776349614397)]"
"DoublePDF[(1.888115786695853;72.79521674140508)(5.35809936019592;3.687095166915795)(8.828082933695988;2.391629297458894)(12.298066507196054;1.4947683109118086)(15.76805008069612;1.2207274539113104)(19.238033654196187;0.9217737917289488)(22.708017227696256;0.4982561036372696)(26.178000801196323;0.4235176880916791)(29.64798437469639;0.27404085700049824)(33.11796794819645;0.2491280518186348)(36.587951521696525;0.3487792725460887)(40.05793509519659;0.17438963627304435)(43.52791866869666;0.1245640259093174)(46.99790224219673;0.1245640259093174)(50.46788581569679;0.17438963627304435)(53.93786938919686;0.17438963627304435)(57.40785296269692;0.04982561036372695)(60.877836536196995;0.14947683109118087)(64.34782010969707;0.07473841554559044)(67.81780368319713;0.07473841554559044)(71.28778725669719;0.04982561036372695)(74.75777083019726;0.1245640259093174)(78.22775440369733;0.1245640259093174)(81.69773797719739;0.024912805181863475)(85.16772155069746;0.04982561036372695)(88.63770512419754;0.04982561036372695)(92.1076886976976;0.07473841554559044)(99.04765584469773;0.04982561036372695)(105.98762299169786;0.04982561036372695)(109.45760656519792;0.024912805181863475)(112.92759013869801;0.07473841554559044)(116.39757371219807;0.07473841554559044)(119.86755728569813;0.0996512207274539)(123.3375408591982;0.07473841554559044)(126.80752443269826;0.024912805181863475)(130.27750800619833;0.04982561036372695)(140.68745872669854;0.04982561036372695)(144.15744230019862;0.04982561036372695)(147.62742587369866;0.07473841554559044)(151.09740944719874;0.04982561036372695)(154.5673930206988;0.04982561036372695)(158.03737659419886;0.04982561036372695)(161.50736016769895;0.04982561036372695)(171.91731088819915;0.04982561036372695)(196.2071959026996;0.024912805181863475)(199.67717947619968;0.024912805181863475)(203.14716304969974;0.07473841554559044)(213.55711377019992;0.04982561036372695)(217.0270973437;0.024912805181863475)(220.4970809172001;0.024912805181863475)(227.4370480642002;0.024912805181863475)(230.9070316377003;0.024912805181863475)(234.37701521120033;0.07473841554559044)(237.84699878470042;0.04982561036372695)(248.25694950520062;0.024912805181863475)(258.66690022570083;0.024912805181863475)(265.60686737270095;0.04982561036372695)(269.07685094620103;0.0996512207274539)(286.42676881370136;0.04982561036372695)(289.89675238720145;0.024912805181863475)(293.3667359607015;0.07473841554559044)(296.8367195342015;0.024912805181863475)(303.7766866812017;0.024912805181863475)(307.2466702547017;0.024912805181863475)(310.71665382820186;0.07473841554559044)(314.1866374017019;0.024912805181863475)(321.12660454870206;0.04982561036372695)(324.5965881222021;0.024912805181863475)(335.0065388427023;0.024912805181863475)(369.70637457770295;0.024912805181863475)(393.9962595922034;0.024912805181863475)(397.46624316570353;0.024912805181863475)(411.34617745970377;0.024912805181863475)(425.226111753704;0.024912805181863475)(432.1660789007042;0.1245640259093174)(435.6360624742042;0.0996512207274539)(463.3959310622048;0.024912805181863475)(466.8659146357048;0.024912805181863475)(473.805881782705;0.024912805181863475)(477.27586535620503;0.024912805181863475)(494.6257832237054;0.024912805181863475)(501.5657503707055;0.024912805181863475)(536.2655861057062;0.024912805181863475)(539.7355696792063;0.024912805181863475)(543.2055532527063;0.04982561036372695)(553.6155039732065;0.024912805181863475)(557.0854875467066;0.04982561036372695)(570.9654218407069;0.024912805181863475)(581.3753725612071;0.024912805181863475)(584.8453561347071;0.04982561036372695)(595.2553068552073;0.07473841554559044)(605.6652575757075;0.024912805181863475)(609.1352411492076;0.024912805181863475)(619.5451918697078;0.07473841554559044)(623.0151754432079;0.024912805181863475)(629.955142590208;0.024912805181863475)(647.3050604577084;0.024912805181863475)(654.2450276047084;0.024912805181863475)(661.1849947517086;0.024912805181863475)(671.5949454722088;0.024912805181863475)(675.0649290457088;0.04982561036372695)(678.5349126192089;0.024912805181863475)(688.9448633397092;0.024912805181863475)(692.4148469132092;0.024912805181863475)(699.3548140602093;0.024912805181863475)(713.2347483542096;0.024912805181863475)(716.7047319277096;0.024912805181863475)(723.6446990747098;0.024912805181863475)(727.1146826482099;0.04982561036372695)(747.9345840892103;0.024912805181863475)(765.2845019567105;0.024912805181863475)(775.6944526772108;0.024912805181863475)(779.1644362507109;0.024912805181863475)(782.6344198242109;0.024912805181863475)(786.1044033977109;0.07473841554559044)(793.0443705447111;0.024912805181863475)(799.9843376917113;0.024912805181863475)(803.4543212652113;0.04982561036372695)(806.9243048387114;0.024912805181863475)(810.3942884122115;0.024912805181863475)(817.3342555592117;0.024912805181863475)(831.2141898532119;0.04982561036372695)(841.6241405737121;0.04982561036372695)(852.0340912942122;0.024912805181863475)(855.5040748677123;0.0996512207274539)(858.9740584412124;0.04982561036372695)(872.8539927352126;0.024912805181863475)(876.3239763087128;0.024912805181863475)(879.7939598822128;0.04982561036372695)(883.2639434557129;0.04982561036372695)(890.203910602713;0.024912805181863475)(900.6138613232132;0.024912805181863475)(907.5538284702134;0.04982561036372695)(911.0238120437134;0.024912805181863475)(921.4337627642136;0.04982561036372695)(928.3737299112138;0.04982561036372695)(935.3136970582138;0.07473841554559044)(938.7836806317139;0.024912805181863475)(942.253664205214;0.024912805181863475)(949.1936313522142;0.07473841554559044)(956.1335984992143;0.04982561036372695)(959.6035820727143;0.04982561036372695)(963.0735656462144;0.04982561036372695)(976.9534999402147;0.024912805181863475)(987.3634506607149;0.07473841554559044)(990.833434234215;0.024912805181863475)(994.303417807715;0.024912805181863475)(997.7734013812151;0.024912805181863475)(1001.2433849547151;0.024912805181863475)(1015.1233192487155;0.024912805181863475)(1018.5933028222155;0.04982561036372695)(1022.0632863957155;0.04982561036372695)(1025.5332699692156;0.024912805181863475)(1029.0032535427158;0.024912805181863475)(1032.4732371162158;0.04982561036372695)(1046.353171410216;0.024912805181863475)(1053.2931385572163;0.024912805181863475)(1060.2331057042163;0.024912805181863475)(1067.1730728512164;0.024912805181863475)(1074.1130399982167;0.024912805181863475)(1077.5830235717167;0.024912805181863475)(1081.0530071452167;0.024912805181863475)(1094.9329414392168;0.04982561036372695)(1098.402925012717;0.07473841554559044)(1101.8729085862171;0.07473841554559044)(1105.3428921597172;0.024912805181863475)(1112.2828593067172;0.024912805181863475)(1115.7528428802175;0.024912805181863475)(1122.6928100272175;0.024912805181863475)(1129.6327771742176;0.024912805181863475)(1136.5727443212177;0.024912805181863475)(1153.922662188718;0.024912805181863475)(1157.392645762218;0.024912805181863475)(1160.8626293357183;0.04982561036372695)(1164.3326129092184;0.0996512207274539)(1167.8025964827184;0.024912805181863475)(1171.2725800562184;0.04982561036372695)(1174.7425636297185;0.1245640259093174)(1181.6825307767185;0.04982561036372695)(1185.1525143502188;0.04982561036372695)(1199.032448644219;0.024912805181863475)(1209.4423993647192;0.04982561036372695)(1212.9123829382193;0.07473841554559044)(1216.3823665117193;0.024912805181863475)(1219.8523500852193;0.04982561036372695)(1223.3223336587193;0.024912805181863475)(1226.7923172322196;0.0996512207274539)(1230.2623008057196;0.024912805181863475)(1233.7322843792197;0.04982561036372695)(1237.2022679527197;0.024912805181863475)(1247.61221867322;0.024912805181863475)(1254.55218582022;0.024912805181863475)(1258.02216939372;0.04982561036372695)(1264.9621365407202;0.04982561036372695)(1271.9021036877205;0.07473841554559044)(1278.8420708347205;0.024912805181863475)(1282.3120544082205;0.04982561036372695)(1292.7220051287209;0.04982561036372695)(1296.191988702221;0.024912805181863475)(1299.661972275721;0.024912805181863475)(1323.9518572902214;0.024912805181863475)(1330.8918244372217;0.04982561036372695)(1334.3618080107217;0.024912805181863475)(1337.8317915842217;0.04982561036372695)(1344.7717587312218;0.024912805181863475)(1348.2417423047218;0.024912805181863475)(1351.7117258782218;0.04982561036372695)(1355.1817094517219;0.0996512207274539)(1358.6516930252221;0.04982561036372695)(1362.1216765987222;0.024912805181863475)(1365.5916601722222;0.04982561036372695)(1369.0616437457222;0.024912805181863475)(1372.5316273192223;0.024912805181863475)(1376.0016108927225;0.04982561036372695)(1379.4715944662225;0.024912805181863475)(1382.9415780397226;0.04982561036372695)(1386.4115616132226;0.024912805181863475)(1403.761479480723;0.024912805181863475)(1407.231463054223;0.07473841554559044)(1410.701446627723;0.024912805181863475)(1414.171430201223;0.024912805181863475)(1421.1113973482234;0.07473841554559044)(1428.0513644952234;0.024912805181863475)(1431.5213480687235;0.024912805181863475)(1434.9913316422235;0.07473841554559044)(1438.4613152157235;0.0996512207274539)(1441.9312987892235;0.04982561036372695)(1445.4012823627238;0.04982561036372695)(1455.811233083224;0.04982561036372695)(1459.281216656724;0.024912805181863475)(1462.7512002302242;0.04982561036372695)(1466.2211838037242;0.024912805181863475)(1476.6311345242243;0.024912805181863475)(1483.5711016712244;0.024912805181863475)(1487.0410852447246;0.024912805181863475)(1490.5110688182247;0.04982561036372695)(1493.9810523917247;0.024912805181863475)(1497.4510359652247;0.04982561036372695)(1507.860986685725;0.04982561036372695)(1518.2709374062251;0.024912805181863475)(1521.7409209797252;0.024912805181863475)(1532.1508717002255;0.07473841554559044)(1535.6208552737255;0.024912805181863475)(1539.0908388472255;0.04982561036372695)(1549.5007895677259;0.024912805181863475)(1552.970773141226;0.04982561036372695)(1563.380723861726;0.024912805181863475)(1573.7906745822263;0.024912805181863475)(1580.7306417292264;0.024912805181863475)(1591.1405924497267;0.024912805181863475)(1594.6105760232267;0.024912805181863475)(1615.430477464227;0.024912805181863475)(1622.3704446112272;0.024912805181863475)(1625.8404281847272;0.024912805181863475)(1646.6603296257276;0.024912805181863475)(1650.1303131992277;0.07473841554559044)(1653.6002967727277;0.024912805181863475)(1657.0702803462277;0.024912805181863475)(1660.540263919728;0.024912805181863475)(1674.420198213728;0.024912805181863475)(1677.8901817872284;0.04982561036372695)(1688.3001325077284;0.04982561036372695)(1698.7100832282285;0.024912805181863475)(1702.1800668017286;0.07473841554559044)(1722.9999682427292;0.07473841554559044)(1733.4099189632293;0.04982561036372695)(1736.8799025367293;0.024912805181863475)(1743.8198696837294;0.024912805181863475)(1747.2898532572297;0.024912805181863475)(1795.8696232862305;0.07473841554559044)(1802.8095904332306;0.024912805181863475)(1806.2795740067306;0.04982561036372695)(1827.099475447731;0.04982561036372695)(1834.0394425947313;0.024912805181863475)(1847.9193768887314;0.024912805181863475)(1854.8593440357317;0.04982561036372695)(1858.3293276092318;0.024912805181863475)(1861.7993111827318;0.024912805181863475)(1868.7392783297319;0.024912805181863475)(1882.6192126237322;0.024912805181863475)(1886.0891961972322;0.04982561036372695)(1910.3790812117327;0.024912805181863475)(1917.3190483587327;0.07473841554559044)(1931.198982652733;0.024912805181863475)(1948.5489005202335;0.04982561036372695)(1958.9588512407336;0.04982561036372695)(1962.4288348142336;0.024912805181863475)(1965.8988183877339;0.024912805181863475)(1972.838785534734;0.024912805181863475)(2000.5986541227344;0.024912805181863475)(2011.0086048432347;0.04982561036372695)(2017.9485719902348;0.024912805181863475)(2024.888539137235;0.07473841554559044)(2035.2984898577351;0.04982561036372695)(2038.7684734312352;0.024912805181863475)(2049.1784241517353;0.024912805181863475)(2059.5883748722354;0.024912805181863475)(2063.058358445736;0.024912805181863475)(2066.528342019236;0.04982561036372695)(2073.468309166236;0.024912805181863475)(2087.348243460236;0.024912805181863475)(2090.818227033736;0.024912805181863475)(2094.288210607236;0.07473841554559044)(2097.758194180736;0.024912805181863475)(2108.1681449012367;0.024912805181863475)(2111.6381284747367;0.04982561036372695)(2118.578095621737;0.024912805181863475)(2153.2779313567376;0.024912805181863475)(2170.6278492242377;0.024912805181863475)(2177.5678163712378;0.024912805181863475)(2181.037799944738;0.024912805181863475)(2184.507783518238;0.04982561036372695)(2201.8577013857384;0.024912805181863475)(2215.7376356797386;0.04982561036372695)(2219.2076192532386;0.04982561036372695)(2229.6175699737387;0.024912805181863475)(2240.0275206942392;0.024912805181863475)(2243.4975042677393;0.07473841554559044)(2257.3774385617394;0.04982561036372695)(2260.8474221352394;0.0996512207274539)(2271.2573728557395;0.024912805181863475)(2285.13730714974;0.024912805181863475)(2309.4271921642403;0.024912805181863475)(2337.187060752241;0.024912805181863475)(2378.826863634242;0.024912805181863475)(2382.296847207742;0.024912805181863475)(2389.236814354742;0.024912805181863475)(2399.646765075242;0.024912805181863475)(2420.4666665162426;0.024912805181863475)(2444.756551530743;0.024912805181863475)(2528.0361572947445;0.024912805181863475)(2573.1459437502454;0.024912805181863475)(2600.905812338246;0.024912805181863475)(2607.845779485246;0.024912805181863475)(2632.135664499747;0.024912805181863475)(2680.7154345287477;0.024912805181863475)(2684.1854181022477;0.024912805181863475)(2694.595368822748;0.024912805181863475)(2701.535335969748;0.024912805181863475)(2715.4152702637484;0.024912805181863475)(2739.7051552782486;0.04982561036372695)(2750.1151059987487;0.024912805181863475)(2795.22489245425;0.024912805181863475)(2822.9847610422503;0.024912805181863475)(2829.9247281892503;0.024912805181863475)(2836.8646953362504;0.024912805181863475)(2843.804662483251;0.04982561036372695)(2847.274646056751;0.024912805181863475)(2906.264366806252;0.024912805181863475)(2916.674317526752;0.024912805181863475)(2947.9041696882528;0.024912805181863475)(3045.0637097462545;0.024912805181863475)(3052.0036768932546;0.024912805181863475)(3114.463381216256;0.024912805181863475)(3142.2232498042567;0.024912805181863475)(3149.163216951257;0.024912805181863475)(3156.103184098257;0.024912805181863475)(3215.092904847758;0.024912805181863475)(3249.7927405827586;0.024912805181863475)(3367.772182081761;0.024912805181863475)(3499.6315578747635;0.024912805181863475)(3506.5715250217636;0.024912805181863475)(3510.0415085952636;0.04982561036372695)(3513.5114921687637;0.024912805181863475)(3520.4514593157637;0.024912805181863475)(3541.2713607567644;0.024912805181863475)(3548.2113279037644;0.024912805181863475)(3829.2799973572696;0.024912805181863475)(3846.6299152247702;0.0996512207274539)(3850.0998987982703;0.024912805181863475)(3870.9198002392704;0.024912805181863475)(3909.0896195477712;0.024912805181863475)(4245.678026177278;0.024912805181863475)(4259.557960471278;0.024912805181863475)(4280.377861912279;0.024912805181863475)(4308.137730500279;0.024912805181863475)(4311.60771407378;0.024912805181863475)(4332.42761551478;0.024912805181863475)(4401.827286984781;0.024912805181863475)(4439.997106293282;0.024912805181863475)(4446.937073440282;0.024912805181863475)(4485.106892748783;0.024912805181863475)(4551.036580645284;0.024912805181863475)(4564.916514939285;0.024912805181863475)(4582.266432806784;0.024912805181863475)(4616.966268541784;0.024912805181863475)(4648.1961207032855;0.024912805181863475)(5033.364297361793;0.024912805181863475)(5047.244231655794;0.024912805181863475)(5050.714215229293;0.0996512207274539)(5057.654182376293;0.024912805181863475)(5071.534116670294;0.024912805181863475)(5088.884034537794;0.024912805181863475)(5092.354018111295;0.04982561036372695)(5095.824001684794;0.04982561036372695)(5099.293985258295;0.04982561036372695)(5106.233952405295;0.024912805181863475)(5120.113886699295;0.024912805181863475)(5133.993820993295;0.024912805181863475)(5144.403771713794;0.024912805181863475)(5158.283706007795;0.024912805181863475)(5172.1636403017965;0.024912805181863475)(5276.263147506797;0.024912805181863475)(6882.865542037329;0.024912805181863475)(6938.385279213329;0.024912805181863475)]"
"DoublePDF[(1096641.0;0.0)(1148862.0;0.0014344115326687227)(1201083.0;0.16667862009610557)(1253304.0;0.34418704726386)(1305525.0;0.35774223624757945)(1357746.0;0.08441511869755433)(1409967.0;0.014989600516388151)(1462188.0;0.009610557268880441)(1514409.0;0.004159793444739296)(1566630.0;0.00222333787563652)(1618851.0;0.002079896722369648)(1671072.0;0.0015061321093021588)(1723293.0;7.889263429677975E-4)(1775514.0;4.303234598006168E-4)(1827735.0;7.889263429677975E-4)(1879956.0;5.737646130674891E-4)(1932177.0;7.889263429677975E-4)(1984398.0;3.586028831671807E-4)(2036619.0;3.586028831671807E-4)(2088840.0;3.586028831671807E-4)(2141061.0;1.4344115326687227E-4)(2193282.0;2.151617299003084E-4)(2245503.0;2.151617299003084E-4)(2297724.0;0.0)(2349945.0;1.4344115326687227E-4)(2402166.0;2.151617299003084E-4)(2454387.0;1.4344115326687227E-4)(2506608.0;5.020440364340529E-4)(2558829.0;2.8688230653374454E-4)(2611050.0;5.737646130674891E-4)(2663271.0;2.151617299003084E-4)(2715492.0;0.0)(2767713.0;2.151617299003084E-4)(2819934.0;7.172057663343613E-5)(2872155.0;7.172057663343613E-5)(2924376.0;1.4344115326687227E-4)(2976597.0;0.0)(3028818.0;0.0)(3081039.0;7.172057663343613E-5)(3133260.0;0.0)(3185481.0;0.0)(3237702.0;1.4344115326687227E-4)(3289923.0;7.172057663343613E-5)(3342144.0;7.172057663343613E-5)(3394365.0;0.0)(3446586.0;0.0)(3498807.0;7.172057663343613E-5)(3551028.0;0.0)(3603249.0;0.0)(3655470.0;7.172057663343613E-5)(3707691.0;0.0)(3759912.0;7.172057663343613E-5)(3812133.0;7.172057663343613E-5)(3864354.0;0.0)(3916575.0;0.0)(3968796.0;0.0)(4021017.0;0.0)(4073238.0;0.0)(4125459.0;0.0)(4177680.0;0.0)(4229901.0;0.0)(4282122.0;0.0)(4334343.0;0.0)(4386564.0;0.0)(4438785.0;0.0)(4491006.0;0.0)(4543227.0;0.0)(4595448.0;0.0)(4647669.0;0.0)(4699890.0;0.0)(4752111.0;0.0)(4804332.0;0.0)(4856553.0;0.0)(4908774.0;0.0)(4960995.0;0.0)(5013216.0;0.0)(5065437.0;0.0)(5117658.0;0.0)(5169879.0;0.0)(5222100.0;0.0)(5274321.0;0.0)(5326542.0;0.0)(5378763.0;7.172057663343613E-5)(5430984.0;0.0)(5483205.0;0.0)(5535426.0;0.0)(5587647.0;0.0)(5639868.0;0.0)(5692089.0;0.0)(5744310.0;0.0)(5796531.0;0.0)(5848752.0;0.0)(5900973.0;0.0)(5953194.0;0.0)(6005415.0;0.0)(6057636.0;0.0)(6109857.0;0.0)(6162078.0;0.0)(6214299.0;0.0)(6266520.0;0.0)(6318741.0;0.0)(6370962.0;0.0)(6423183.0;0.0)(6475404.0;0.0)(6527625.0;0.0)(6579846.0;0.0)(6632067.0;0.0)(6684288.0;0.0)(6736509.0;0.0)(6788730.0;0.0)(6840951.0;0.0)(6893172.0;0.0)(6945393.0;0.0)(6997614.0;0.0)(7049835.0;0.0)(7102056.0;0.0)(7154277.0;0.0)(7206498.0;0.0)(7258719.0;0.0)(7310940.0;0.0)(7363161.0;0.0)(7415382.0;0.0)(7467603.0;0.0)(7519824.0;0.0)(7572045.0;0.0)(7624266.0;0.0)(7676487.0;0.0)(7728708.0;0.0)(7780929.0;0.0)(7833150.0;0.0)(7885371.0;0.0)(7937592.0;0.0)(7989813.0;0.0)(8042034.0;0.0)(8094255.0;0.0)(8146476.0;0.0)(8198697.0;0.0)(8250918.0;0.0)(8303139.0;0.0)(8355360.0;0.0)(8407581.0;0.0)(8459802.0;0.0)(8512023.0;0.0)(8564244.0;0.0)(8616465.0;0.0)(8668686.0;0.0)(8720907.0;0.0)(8773128.0;0.0)(8825349.0;0.0)(8877570.0;0.0)(8929791.0;0.0)(8982012.0;0.0)(9034233.0;0.0)(9086454.0;0.0)(9138675.0;0.0)(9190896.0;0.0)(9243117.0;0.0)(9295338.0;0.0)(9347559.0;0.0)(9399780.0;0.0)(9452001.0;0.0)(9504222.0;0.0)(9556443.0;0.0)(9608664.0;0.0)(9660885.0;0.0)(9713106.0;0.0)(9765327.0;0.0)(9817548.0;0.0)(9869769.0;0.0)(9921990.0;0.0)(9974211.0;0.0)(1.0026432E7;0.0)(1.0078653E7;0.0)(1.0130874E7;0.0)(1.0183095E7;0.0)(1.0235316E7;0.0)(1.0287537E7;0.0)(1.0339758E7;0.0)(1.0391979E7;0.0)(1.04442E7;0.0)(1.0496421E7;0.0)(1.0548642E7;0.0)(1.0600863E7;0.0)(1.0653084E7;0.0)(1.0705305E7;0.0)(1.0757526E7;0.0)(1.0809747E7;0.0)(1.0861968E7;0.0)(1.0914189E7;0.0)(1.096641E7;0.0)(1.1018631E7;0.0)(1.1070852E7;0.0)(1.1123073E7;0.0)(1.1175294E7;0.0)(1.1227515E7;0.0)(1.1279736E7;0.0)(1.1331957E7;0.0)(1.1384178E7;0.0)(1.1436399E7;0.0)(1.148862E7;0.0)(1.1540841E7;0.0)(1.1593062E7;0.0)(1.1645283E7;0.0)(1.1697504E7;0.0)(1.1749725E7;0.0)(1.1801946E7;0.0)(1.1854167E7;0.0)(1.1906388E7;0.0)(1.1958609E7;0.0)(1.201083E7;0.0)(1.2063051E7;0.0)(1.2115272E7;0.0)(1.2167493E7;0.0)(1.2219714E7;0.0)(1.2271935E7;0.0)(1.2324156E7;0.0)(1.2376377E7;0.0)(1.2428598E7;0.0)(1.2480819E7;0.0)(1.253304E7;0.0)(1.2585261E7;0.0)(1.2637482E7;0.0)(1.2689703E7;0.0)(1.2741924E7;0.0)(1.2794145E7;0.0)(1.2846366E7;0.0)(1.2898587E7;0.0)(1.2950808E7;0.0)(1.3003029E7;0.0)(1.305525E7;0.0)(1.3107471E7;0.0)(1.3159692E7;0.0)(1.3211913E7;0.0)(1.3264134E7;0.0)(1.3316355E7;0.0)(1.3368576E7;0.0)(1.3420797E7;0.0)(1.3473018E7;0.0)(1.3525239E7;0.0)(1.357746E7;0.0)(1.3629681E7;0.0)(1.3681902E7;0.0)(1.3734123E7;0.0)(1.3786344E7;0.0)(1.3838565E7;0.0)(1.3890786E7;0.0)(1.3943007E7;0.0)(1.3995228E7;0.0)(1.4047449E7;0.0)(1.409967E7;0.0)(1.4151891E7;0.0)(1.4204112E7;0.0)(1.4256333E7;0.0)(1.4308554E7;0.0)(1.4360775E7;0.0)(1.4412996E7;0.0)(1.4465217E7;0.0)(1.4517438E7;0.0)(1.4569659E7;0.0)(1.462188E7;0.0)(1.4674101E7;0.0)(1.4726322E7;0.0)(1.4778543E7;0.0)(1.4830764E7;0.0)(1.4882985E7;0.0)(1.4935206E7;0.0)(1.4987427E7;0.0)(1.5039648E7;0.0)(1.5091869E7;0.0)(1.514409E7;0.0)(1.5196311E7;0.0)(1.5248532E7;0.0)(1.5300753E7;0.0)(1.5352974E7;0.0)(1.5405195E7;0.0)(1.5457416E7;0.0)(1.5509637E7;0.0)(1.5561858E7;7.172057663343613E-5)(1.5614079E7;0.0)(1.56663E7;0.0)(1.5718521E7;0.0)(1.5770742E7;0.0)(1.5822963E7;0.0)(1.5875184E7;0.0)(1.5927405E7;0.0)(1.5979626E7;0.0)(1.6031847E7;0.0)(1.6084068E7;0.0)(1.6136289E7;0.0)(1.618851E7;0.0)(1.6240731E7;0.0)(1.6292952E7;0.0)(1.6345173E7;0.0)(1.6397394E7;0.0)(1.6449615E7;0.0)(1.6501836E7;0.0)(1.6554057E7;0.0)(1.6606278E7;0.0)(1.6658499E7;0.0)(1.671072E7;0.0)(1.6762941E7;0.0)(1.6815162E7;0.0)(1.6867383E7;0.0)(1.6919604E7;0.0)(1.6971825E7;0.0)(1.7024046E7;0.0)(1.7076267E7;0.0)(1.7128488E7;0.0)(1.7180709E7;0.0)(1.723293E7;0.0)(1.7285151E7;7.172057663343613E-5)(1.7337372E7;0.0)(1.7389593E7;0.0)(1.7441814E7;0.0)(1.7494035E7;7.172057663343613E-5)(1.7546256E7;7.172057663343613E-5)(1.7598477E7;7.172057663343613E-5)(1.7650698E7;0.0)(1.7702919E7;7.172057663343613E-5)(1.775514E7;0.0)(1.7807361E7;0.0)(1.7859582E7;7.172057663343613E-5)(1.7911803E7;7.172057663343613E-5)(1.7964024E7;7.172057663343613E-5)(1.8016245E7;1.4344115326687227E-4)(1.8068466E7;7.172057663343613E-5)(1.8120687E7;7.172057663343613E-5)(1.8172908E7;7.172057663343613E-5)(1.8225129E7;0.0)(1.827735E7;0.0)(1.8329571E7;7.172057663343613E-5)(1.8381792E7;7.172057663343613E-5)(1.8434013E7;7.172057663343613E-5)(1.8486234E7;7.172057663343613E-5)(1.8538455E7;7.172057663343613E-5)(1.8590676E7;7.172057663343613E-5)(1.8642897E7;0.0)(1.8695118E7;0.0)(1.8747339E7;0.0)(1.879956E7;0.0)(1.8851781E7;7.172057663343613E-5)(1.8904002E7;0.0)(1.8956223E7;0.0)(1.9008444E7;0.0)(1.9060665E7;7.172057663343613E-5)(1.9112886E7;0.0)(1.9165107E7;0.0)(1.9217328E7;0.0)(1.9269549E7;7.172057663343613E-5)(1.932177E7;0.0)(1.9373991E7;0.0)(1.9426212E7;0.0)(1.9478433E7;0.0)(1.9530654E7;0.0)(1.9582875E7;7.172057663343613E-5)(1.9635096E7;0.0)(1.9687317E7;2.151617299003084E-4)(1.9739538E7;2.151617299003084E-4)(1.9791759E7;7.172057663343613E-5)(1.984398E7;7.172057663343613E-5)(1.9896201E7;0.0)(1.9948422E7;7.172057663343613E-5)(2.0000643E7;0.0)(2.0052864E7;0.0)(2.0105085E7;0.0)(2.0157306E7;0.0)(2.0209527E7;0.0)(2.0261748E7;1.4344115326687227E-4)(2.0313969E7;7.172057663343613E-5)(2.036619E7;7.172057663343613E-5)]-349351.3513514"
"DoublePDF[(159.61407067494468;0.0001)(181.5814340149425;0.0004)(269.4508873749338;0.0001)(313.3856140549295;0.0002)(357.32034073492514;0.0002)(379.28770407492294;0.0003)(401.25506741492075;0.0003)(423.2224307549186;0.0001)(445.18979409491646;0.0003)(511.09188411490993;0.0002)(533.0592474549078;0.0001)(620.928700814899;0.0001)(664.8634274948947;0.0001)(686.8307908348925;0.0004)(730.7655175148882;0.0001)(752.7328808548859;0.0002)(774.7002441948839;0.0001)(818.6349708748795;0.0003)(840.6023342148774;0.0001)(862.5696975548751;0.0001)(884.537060894873;0.0004)(906.5044242348708;0.0002)(928.4717875748686;0.0002)(950.4391509148666;0.0001)(972.4065142548643;0.0001)(994.373877594862;0.0001)(1016.3412409348599;0.0001)(1038.3086042748578;0.0001)(1060.2759676148557;0.0001)(1082.2433309548533;0.0004)(1126.1780576348492;0.0006999999999999999)(1170.1127843148447;0.0005)(1192.0801476548427;0.0001)(1214.0475109948404;0.0002)(1236.0148743348382;0.0006999999999999999)(1257.9822376748361;0.0002)(1279.949601014834;0.0004)(1301.9169643548316;0.0004)(1323.8843276948296;0.0003)(1345.8516910348274;0.0003)(1367.819054374825;0.0004)(1389.786417714823;0.0005)(1411.7537810548208;0.0003)(1433.7211443948186;0.0001)(1455.6885077348165;0.0003)(1477.6558710748145;0.0001)(1499.623234414812;0.0001)(1521.59059775481;0.0002)(1543.557961094808;0.0004)(1565.5253244348055;0.0005)(1587.4926877748035;0.0001)(1609.4600511148014;0.0004)(1631.427414454799;0.0008)(1653.394777794797;0.0004)(1675.362141134795;0.0002)(1697.3295044747927;0.0001)(1719.2968678147904;0.0004)(1741.2642311547884;0.0006)(1763.2315944947861;0.0004)(1785.1989578347839;0.0003)(1807.1663211747818;0.0004)(1829.1336845147796;0.0005)(1851.1010478547773;0.0006)(1873.0684111947753;0.0003)(1895.035774534773;0.0002)(1917.0031378747708;0.0002)(1938.9705012147688;0.0005)(1960.9378645547665;0.0004)(2004.8725912347622;0.0005)(2026.8399545747602;0.0005)(2048.8073179147577;0.0004)(2070.7746812547557;0.0002)(2092.7420445947537;0.0002)(2114.7094079347517;0.0005)(2136.676771274749;0.0004)(2158.6441346147467;0.0003)(2180.6114979547447;0.0004)(2202.5788612947426;0.0002)(2224.5462246347406;0.0004)(2246.5135879747386;0.0002)(2268.480951314736;0.0006999999999999999)(2290.448314654734;0.0005)(2312.4156779947316;0.0006)(2334.3830413347296;0.0008)(2356.3504046747275;0.0008)(2378.3177680147255;0.0004)(2400.285131354723;0.0012)(2422.252494694721;0.0005)(2444.2198580347185;0.0003)(2466.1872213747165;0.0006)(2488.1545847147145;0.0003)(2510.1219480547124;0.0006)(2532.08931139471;0.0006)(2554.056674734708;0.001)(2576.0240380747055;0.0003)(2597.9914014147034;0.0002)(2619.9587647547014;0.0004)(2641.9261280946994;0.0006)(2663.893491434697;0.0004)(2685.860854774695;0.0003)(2707.828218114693;0.0005)(2729.7955814546904;0.0001)(2751.7629447946883;0.0004)(2773.7303081346863;0.0006)(2795.6976714746843;0.0004)(2817.665034814682;0.0005)(2839.63239815468;0.0004)(2861.5997614946773;0.0006)(2883.5671248346753;0.0005)(2905.5344881746732;0.0004)(2927.501851514671;0.001)(2949.4692148546687;0.0003)(2971.4365781946667;0.0013999999999999999)(2993.403941534664;0.0004)(3015.371304874662;0.0008)(3037.33866821466;0.001)(3059.306031554658;0.0004)(3081.2733948946557;0.001)(3103.2407582346536;0.0011)(3125.208121574651;0.0003)(3147.175484914649;0.0006)(3169.142848254647;0.0003)(3191.110211594645;0.0006999999999999999)(3213.0775749346426;0.0011)(3235.0449382746406;0.0005)(3257.0123016146385;0.0004)(3278.979664954636;0.0004)(3300.947028294634;0.0005)(3322.914391634632;0.0006999999999999999)(3344.88175497463;0.0011)(3366.8491183146275;0.0005)(3388.8164816546255;0.0008)(3410.783844994623;0.0013999999999999999)(3432.751208334621;0.0006)(3454.718571674619;0.001)(3476.685935014617;0.0006999999999999999)(3498.6532983546144;0.0011)(3520.6206616946124;0.0013)(3542.58802503461;0.0013)(3564.555388374608;0.0013999999999999999)(3586.522751714606;0.0013999999999999999)(3608.490115054604;0.0011)(3630.4574783946014;0.0006999999999999999)(3652.4248417345993;0.001)(3674.392205074597;0.0012)(3696.359568414595;0.0012)(3718.326931754593;0.0011)(3740.294295094591;0.0009)(3762.2616584345883;0.0011)(3784.2290217745863;0.0009)(3806.1963851145842;0.0016)(3828.1637484545818;0.0006999999999999999)(3850.1311117945797;0.0008)(3872.0984751345777;0.0008)(3894.0658384745757;0.0009)(3916.033201814573;0.0006999999999999999)(3938.000565154571;0.0013)(3959.9679284945687;0.0006999999999999999)(3981.9352918345667;0.0012)(4003.9026551745646;0.0013)(4025.8700185145626;0.0015)(4047.83738185456;0.0006999999999999999)(4069.804745194558;0.0013999999999999999)(4091.7721085345556;0.0009)(4113.739471874554;0.0013999999999999999)(4135.706835214552;0.0013)(4157.674198554549;0.0012)(4179.641561894547;0.0016)(4201.608925234545;0.0005)(4223.576288574543;0.0013)(4245.5436519145405;0.001)(4267.5110152545385;0.0013)(4289.4783785945365;0.0011)(4311.445741934534;0.0013999999999999999)(4333.413105274532;0.0009)(4355.3804686145295;0.0013)(4377.3478319545275;0.0013999999999999999)(4399.315195294525;0.0013999999999999999)(4421.282558634523;0.001)(4443.249921974521;0.0008)(4465.217285314518;0.0024)(4487.184648654516;0.0013999999999999999)(4509.152011994514;0.0013)(4531.119375334512;0.0009)(4553.08673867451;0.0011)(4575.054102014508;0.0015)(4597.021465354506;0.0015)(4618.988828694503;0.0019)(4640.956192034501;0.0012)(4662.923555374499;0.0016999999999999998)(4684.890918714497;0.0016999999999999998)(4706.858282054495;0.0013999999999999999)(4728.825645394493;0.0011)(4750.79300873449;0.0021)(4772.760372074488;0.0011)(4794.727735414486;0.0015)(4816.695098754484;0.0018)(4838.662462094482;0.0022999999999999998)(4860.62982543448;0.0022)(4882.597188774478;0.0016)(4904.564552114475;0.002)(4926.531915454473;0.0013999999999999999)(4948.499278794471;0.0022)(4970.466642134469;0.0021)(4992.434005474467;0.0016)(5014.401368814464;0.0016)(5036.368732154462;0.0011)(5058.33609549446;0.0018)(5080.303458834458;0.0013999999999999999)(5102.270822174456;0.0016999999999999998)(5124.238185514454;0.0016)(5146.205548854452;0.0022)(5168.172912194449;0.0024)(5190.140275534447;0.0016999999999999998)(5212.107638874445;0.0022)(5234.075002214443;0.0013999999999999999)(5256.042365554441;0.0012)(5278.009728894439;0.0033)(5299.977092234436;0.0027)(5321.944455574434;0.0027)(5343.911818914432;0.0016999999999999998)(5365.87918225443;0.0026)(5387.846545594428;0.0029)(5409.813908934426;0.002)(5431.781272274424;0.0013)(5453.748635614421;0.0016999999999999998)(5475.715998954419;0.0012)(5497.683362294417;0.0022)(5519.650725634415;0.0013999999999999999)(5541.618088974413;0.0022999999999999998)(5563.58545231441;0.0027)(5585.552815654408;0.002)(5607.520178994406;0.0022999999999999998)(5629.487542334404;0.0016)(5651.454905674402;0.0019)(5673.4222690144;0.0022)(5695.389632354398;0.0024)(5717.356995694395;0.0021)(5739.324359034393;0.0016999999999999998)(5761.291722374391;0.0015)(5783.259085714389;0.0018)(5805.226449054387;0.002)(5827.193812394385;0.0022999999999999998)(5849.161175734382;0.0019)(5871.12853907438;0.0026)(5893.095902414378;0.0025)(5915.063265754376;0.0027)(5937.030629094374;0.002)(5958.997992434372;0.0021)(5980.9653557743695;0.0026)(6002.932719114367;0.002)(6024.900082454365;0.0037)(6046.8674457943625;0.0018)(6068.8348091343605;0.0027999999999999997)(6090.8021724743585;0.0024)(6112.769535814356;0.0024)(6134.7368991543535;0.0015)(6156.7042624943515;0.0018)(6178.6716258343495;0.0029)(6200.638989174347;0.0018)(6222.606352514345;0.0025)(6244.573715854343;0.0024)(6266.54107919434;0.0035000000000000003)(6288.508442534338;0.0031)(6310.475805874336;0.0029)(6332.443169214334;0.0022)(6354.410532554332;0.0026)(6376.37789589433;0.0033)(6398.345259234327;0.0019)(6420.312622574325;0.0022)(6442.279985914323;0.0027999999999999997)(6464.247349254321;0.0027)(6486.214712594319;0.0031)(6508.182075934317;0.0029)(6530.149439274315;0.003)(6552.116802614312;0.0029)(6574.08416595431;0.0027)(6596.051529294308;0.002)(6618.018892634306;0.003)(6639.986255974304;0.003)(6661.953619314301;0.003)(6683.920982654299;0.0027999999999999997)(6705.888345994297;0.0022999999999999998)(6727.855709334295;0.0038)(6749.823072674293;0.002)(6771.790436014291;0.0026)(6793.757799354289;0.0022999999999999998)(6815.725162694286;0.0027)(6837.692526034284;0.0016)(6859.659889374282;0.0031)(6881.62725271428;0.0029)(6903.594616054278;0.0027999999999999997)(6925.561979394276;0.0021)(6947.529342734273;0.0029)(6969.496706074271;0.0035000000000000003)(6991.464069414269;0.0022)(7013.431432754267;0.0027999999999999997)(7035.398796094265;0.0043)(7057.366159434263;0.0027)(7079.333522774261;0.0027)(7101.300886114258;0.0031)(7123.268249454256;0.0027999999999999997)(7145.235612794254;0.0036)(7167.202976134252;0.0036)(7189.17033947425;0.0025)(7211.137702814247;0.0041000000000000003)(7233.105066154245;0.002)(7255.072429494243;0.0033999999999999997)(7277.039792834241;0.0029)(7299.007156174239;0.0024)(7320.974519514237;0.0037)(7342.941882854235;0.0027999999999999997)(7364.909246194232;0.0026)(7386.87660953423;0.0029)(7408.843972874228;0.0036)(7430.811336214226;0.0025)(7452.778699554224;0.0031)(7474.746062894222;0.0031)(7496.713426234219;0.0026)(7518.680789574217;0.0033)(7540.648152914215;0.0027999999999999997)(7562.615516254213;0.0016999999999999998)(7584.582879594211;0.0032)(7606.550242934209;0.003)(7628.517606274207;0.0027)(7650.484969614204;0.0036)(7672.452332954202;0.0027)(7694.4196962942;0.0027999999999999997)(7716.387059634198;0.0027)(7738.354422974196;0.0041000000000000003)(7760.321786314193;0.0045999999999999996)(7782.289149654191;0.0033)(7804.256512994189;0.0024)(7826.223876334187;0.0029)(7848.1912396741845;0.0037)(7870.1586030141825;0.0036)(7892.1259663541805;0.0029)(7914.093329694178;0.0048)(7936.0606930341755;0.0032)(7958.0280563741735;0.0036)(7979.9954197141715;0.0033999999999999997)(8001.962783054169;0.0037)(8023.930146394167;0.0033)(8045.8975097341645;0.0032)(8067.8648730741625;0.0029)(8089.83223641416;0.0027)(8111.799599754158;0.0037)(8133.766963094156;0.0036)(8155.734326434154;0.0022)(8177.701689774152;0.0035000000000000003)(8199.669053114148;0.0035000000000000003)(8221.636416454146;0.0022999999999999998)(8243.603779794144;0.0036)(8265.571143134142;0.0038999999999999996)(8287.53850647414;0.0033999999999999997)(8309.505869814138;0.0025)(8331.473233154136;0.0027)(8353.440596494134;0.0031)(8375.407959834132;0.004)(8397.37532317413;0.0027999999999999997)(8419.342686514128;0.0035000000000000003)(8441.310049854126;0.0033)(8463.277413194124;0.003)(8485.244776534122;0.0038)(8507.212139874118;0.003)(8529.179503214116;0.004)(8551.146866554114;0.0033)(8573.114229894112;0.0041000000000000003)(8595.08159323411;0.0038999999999999996)(8617.048956574108;0.0031)(8639.016319914106;0.0037)(8660.983683254104;0.0032)(8682.951046594102;0.0035000000000000003)(8704.9184099341;0.0024)(8726.885773274098;0.0025)(8748.853136614096;0.0032)(8770.820499954094;0.0036)(8792.787863294092;0.0029)(8814.755226634088;0.0026)(8836.722589974086;0.0025)(8858.689953314084;0.0027999999999999997)(8880.657316654082;0.0033999999999999997)(8902.62467999408;0.0032)(8924.592043334078;0.003)(8946.559406674076;0.0025)(8968.526770014074;0.0038999999999999996)(8990.494133354072;0.0029)(9012.46149669407;0.0031)(9034.428860034068;0.0026)(9056.396223374064;0.0042)(9078.363586714062;0.0031)(9100.33095005406;0.0031)(9122.298313394058;0.0032)(9144.265676734056;0.0036)(9166.233040074054;0.0022)(9188.200403414052;0.0022999999999999998)(9210.16776675405;0.0031)(9232.135130094048;0.0027999999999999997)(9254.102493434046;0.0027999999999999997)(9276.069856774044;0.003)(9298.037220114042;0.0047000000000000003)(9320.00458345404;0.0037)(9341.971946794038;0.0033)(9363.939310134034;0.003)(9385.906673474032;0.0027999999999999997)(9407.87403681403;0.0027999999999999997)(9429.841400154028;0.0033)(9451.808763494026;0.003)(9473.776126834024;0.0031)(9495.743490174022;0.003)(9517.71085351402;0.0029)(9539.678216854018;0.0026)(9561.645580194016;0.0031)(9583.612943534014;0.0027999999999999997)(9605.58030687401;0.0027999999999999997)(9627.547670214008;0.0032)(9649.515033554006;0.0026)(9671.482396894004;0.0022)(9693.449760234002;0.0022999999999999998)(9715.417123574;0.0035000000000000003)(9737.384486913998;0.0021)(9759.351850253996;0.0025)(9781.319213593993;0.0022)(9803.286576933991;0.002)(9825.25394027399;0.0027)(9847.221303613987;0.0022)(9869.188666953985;0.0027)(9891.156030293983;0.0021)(9913.12339363398;0.0015)(9935.090756973977;0.0016999999999999998)(9957.058120313975;0.0024)(9979.025483653973;0.0025)(10000.992846993971;0.0021)(10022.96021033397;0.0013)(10044.927573673967;0.0024)(10066.894937013965;0.003)(10088.862300353963;0.003)(10110.829663693961;0.0026)(10132.79702703396;0.0025)(10154.764390373955;0.0032)(10176.731753713953;0.0021)(10198.699117053951;0.0018)(10220.66648039395;0.002)(10242.633843733947;0.0018)(10264.601207073945;0.0019)(10286.568570413943;0.0027)(10308.535933753941;0.0022)(10330.50329709394;0.0016)(10352.470660433937;0.0016999999999999998)(10374.438023773935;0.0018)(10396.405387113933;0.0025)(10418.372750453931;0.0016999999999999998)(10440.340113793929;0.0022)(10462.307477133925;0.0027999999999999997)(10484.274840473923;0.002)(10506.242203813921;0.0018)(10528.20956715392;0.0018)(10550.176930493917;0.0016)(10572.144293833915;0.0021)(10594.111657173913;0.0019)(10616.079020513911;0.0024)(10638.046383853909;0.0018)(10660.013747193907;0.0016999999999999998)(10681.981110533905;0.0021)(10703.948473873901;0.0016999999999999998)(10725.915837213899;0.0019)(10747.883200553897;0.0019)(10769.850563893895;0.0018)(10791.817927233893;0.0022999999999999998)(10813.785290573891;0.0019)(10835.752653913889;0.0022999999999999998)(10857.720017253887;0.0026)(10879.687380593885;0.0016)(10901.654743933883;0.0013999999999999999)(10923.62210727388;0.0013999999999999999)(10945.589470613879;0.0016)(10967.556833953877;0.0013999999999999999)(10989.524197293875;0.0024)(11011.49156063387;0.0018)(11033.458923973869;0.0016)(11055.426287313867;0.0021)(11077.393650653865;0.0019)(11099.361013993863;0.0021)(11121.32837733386;0.0026)(11143.295740673859;0.0016999999999999998)(11165.263104013857;0.0013)(11187.230467353855;0.0021)(11209.197830693853;0.0016999999999999998)(11231.16519403385;0.0019)(11253.132557373847;0.0011)(11275.099920713845;0.0015)(11297.067284053843;0.0015)(11319.03464739384;0.0015)(11341.002010733839;0.0016)(11362.969374073837;0.0013)(11384.936737413835;0.001)(11406.904100753833;0.0011)(11428.87146409383;0.0013999999999999999)(11450.838827433829;0.0013999999999999999)(11472.806190773827;0.0008)(11494.773554113825;0.0016)(11516.740917453822;0.0009)(11538.70828079382;0.0009)(11560.675644133817;0.0012)(11582.643007473815;0.0012)(11604.610370813813;0.001)(11626.57773415381;0.0013999999999999999)(11648.545097493808;0.0015)(11670.512460833806;0.0005)(11692.479824173804;0.001)(11714.447187513802;0.0015)(11736.4145508538;0.0016)(11758.381914193798;0.0004)(11780.349277533796;0.0013999999999999999)(11802.316640873792;0.0009)(11824.28400421379;0.0013999999999999999)(11846.251367553788;0.0011)(11868.218730893786;0.0012)(11890.186094233784;0.001)(11912.153457573782;0.0009)(11934.12082091378;0.0006999999999999999)(11956.088184253778;0.0016999999999999998)(11978.055547593776;0.0012)(12000.022910933774;0.0011)(12021.990274273772;0.0012)(12043.95763761377;0.0011)(12065.925000953768;0.0004)(12087.892364293766;0.0006999999999999999)(12109.859727633762;0.0009)(12131.82709097376;0.001)(12153.794454313758;0.0008)(12175.761817653756;0.0011)(12197.729180993754;0.0006)(12219.696544333752;0.001)(12241.66390767375;0.0011)(12263.631271013748;0.0008)(12285.598634353746;0.001)(12307.565997693744;0.0013)(12329.533361033742;0.0005)(12351.500724373738;0.0011)(12373.468087713736;0.0008)(12395.435451053734;0.0006999999999999999)(12417.402814393732;0.0003)(12439.37017773373;0.0011)(12461.337541073728;0.0006)(12483.304904413726;0.0008)(12505.272267753724;0.0008)(12527.239631093722;0.0008)(12549.20699443372;0.0006)(12571.174357773718;0.0008)(12593.141721113716;0.0006)(12615.109084453714;0.0002)(12637.076447793712;0.0006999999999999999)(12659.043811133708;0.0011)(12681.011174473706;0.0008)(12702.978537813704;0.0013)(12724.945901153702;0.0003)(12746.9132644937;0.0006)(12768.880627833698;0.0008)(12790.847991173696;0.0002)(12812.815354513694;0.0004)(12834.782717853692;0.0006)(12856.75008119369;0.0002)(12878.717444533688;0.0002)(12900.684807873684;0.0009)(12922.652171213682;0.0006)(12944.61953455368;0.0009)(12966.586897893678;0.0004)(12988.554261233676;0.0008)(13010.521624573674;0.0006999999999999999)(13032.488987913672;0.0004)(13054.45635125367;0.0006)(13076.423714593668;0.0003)(13098.391077933666;0.0002)(13120.358441273664;0.0004)(13142.325804613662;0.0004)(13164.29316795366;0.0006)(13186.260531293658;0.0005)(13208.227894633654;0.0002)(13230.195257973652;0.0008)(13252.16262131365;0.0002)(13274.129984653648;0.0004)(13296.097347993646;0.0004)(13318.064711333644;0.0004)(13340.032074673642;0.0005)(13361.99943801364;0.0006)(13383.966801353637;0.0003)(13405.934164693635;0.0004)(13427.901528033633;0.0003)(13471.836254713628;0.0005)(13493.803618053626;0.0004)(13515.770981393624;0.0005)(13537.738344733621;0.0006999999999999999)(13559.70570807362;0.0006999999999999999)(13581.673071413617;0.0006999999999999999)(13603.640434753615;0.0003)(13625.607798093613;0.0004)(13647.575161433611;0.0004)(13669.54252477361;0.0003)(13691.509888113607;0.0003)(13713.477251453605;0.0002)(13735.444614793603;0.0006999999999999999)(13757.4119781336;0.0009)(13779.379341473597;0.0004)(13801.346704813595;0.0001)(13845.281431493591;0.0006)(13867.24879483359;0.0006)(13889.216158173587;0.0005)(13911.183521513585;0.0001)(13933.150884853583;0.0001)(13955.118248193581;0.0005)(13977.08561153358;0.0006)(13999.052974873575;0.0002)(14021.020338213573;0.0002)(14042.987701553571;0.0003)(14064.95506489357;0.0005)(14086.922428233567;0.0002)(14152.824518253561;0.0005)(14174.791881593559;0.0001)(14196.759244933557;0.0003)(14218.726608273555;0.0001)(14240.693971613553;0.0001)(14262.661334953551;0.0003)(14284.628698293549;0.0002)(14350.530788313541;0.0003)(14372.498151653539;0.0001)(14394.465514993537;0.0004)(14416.432878333535;0.0001)(14438.400241673533;0.0004)(14460.367605013531;0.0002)(14482.334968353529;0.0001)(14504.302331693527;0.0004)(14570.204421713519;0.0002)(14592.171785053517;0.0004)(14614.139148393515;0.0002)(14636.106511733513;0.0003)(14680.041238413509;0.0001)(14723.975965093505;0.0002)(14745.943328433503;0.0001)(14767.9106917735;0.0005)(14789.878055113499;0.0002)(14811.845418453497;0.0001)(14833.812781793495;0.0003)(14855.78014513349;0.0003)(14877.747508473489;0.0002)(14921.682235153485;0.0001)(14943.649598493483;0.0001)(14965.61696183348;0.0003)(14987.584325173479;0.0001)(15009.551688513477;0.0002)(15031.519051853475;0.0001)(15053.486415193473;0.0002)(15075.45377853347;0.0003)(15097.421141873467;0.0002)(15119.388505213465;0.0002)(15141.355868553463;0.0003)(15185.290595233459;0.0003)(15229.225321913455;0.0001)(15251.192685253453;0.0003)(15273.16004859345;0.0001)(15317.094775273446;0.0002)(15339.062138613444;0.0001)(15361.029501953442;0.0002)(15382.99686529344;0.0001)(15404.964228633437;0.0002)(15426.931591973434;0.0001)(15448.898955313432;0.0001)(15470.86631865343;0.0002)(15514.801045333426;0.0003)(15558.735772013422;0.0001)(15602.670498693418;0.0001)(15624.637862033416;0.0004)(15646.605225373412;0.0001)(15668.57258871341;0.0002)(15778.4094054134;0.0001)(15800.376768753398;0.0002)(15822.344132093396;0.0001)(15888.24622211339;0.0003)(15976.11567547338;0.0001)(16063.985128833372;0.0001)(16107.919855513368;0.0001)(16129.887218853366;0.0002)(16151.854582193364;0.0001)(16195.789308873358;0.0001)(16239.724035553354;0.0001)(16261.691398893352;0.0001)(16327.593488913346;0.0002)(16349.560852253344;0.0001)(16459.397668953334;0.0001)(16481.36503229333;0.0001)(16547.267122313322;0.0001)(16591.201848993318;0.0001)(16723.006029033306;0.0001)(16920.712299093284;0.0001)(17403.99429257324;0.0001)(17425.961655913237;0.0001)(17601.700562633217;0.0001)(17843.3415593732;0.0001)(17953.178376073185;0.0001)(18875.807636353093;0.0001)(20699.098793572914;0.0001)(22105.010047332777;0.0001)]"
"DoublePDF[(2.058986186981201;0)(2.399811267852783;0.915677732712433)(2.7388052940368652;0.048520354514045363)(3.07957124710083;0.008962996344699815)(3.415323257446289;0.005558059185819439)(3.7587571144104004;0.004907115317209955)(4.099081039428711;0.0021531220269390616)(4.444284915924072;0.0030043563166591556)(4.7862019538879395;0.003204646737769766)(5.089999675750732;0.0017525411847178409)(5.466413974761963;0.0018026137899954935)(5.809445858001709;0.0014521055530519252)(6.140214443206787;9.013068949977468E-4)(6.4013752937316895;6.509438686094838E-4)(6.8071088790893555;2.5036302638826297E-4)(7.171581745147705;1.502178158329578E-4)(7.484996795654297;2.0029042111061038E-4)(7.795097827911377;4.0058084222122076E-4)(8.32299280166626;0)(8.4793119430542;1.502178158329578E-4)(8.595615936279296;5.0072605277652595E-5)(9.134100032806396;5.0072605277652595E-5)(9.602721691131592;0)(9.603721691131591;5.0072605277652595E-5)(10.280099868774414;0)(10.497822761535645;1.0014521055530519E-4)(12.287689208984375;0)(12.288689208984374;5.0072605277652595E-5)]"
"DoublePDF[(2.06051750619337;0.0033)(2.484420527193695;0.017500000000000002)(2.908323548194021;0.0152)(3.3322265691943467;0.0277)(3.7561295901946723;0.0253)(4.180032611194998;0.017999999999999998)(4.6039356321953235;0.0137)(5.02783865319565;0.0148)(5.451741674195975;0.0137)(5.875644695196301;0.0118)(6.299547716196626;0.0127)(6.723450737196952;0.0126)(7.147353758197278;0.0158)(7.571256779197603;0.015)(7.995159800197929;0.0222)(8.419062821198255;0.018800000000000001)(8.84296584219858;0.022800000000000002)(9.266868863198907;0.0221)(9.690771884199233;0.0267)(10.114674905199557;0.0308)(10.538577926199883;0.0304)(10.96248094720021;0.0311)(11.386383968200533;0.0374)(11.810286989200861;0.038600000000000003)(12.234190010201186;0.035700000000000003)(12.658093031201512;0.0352)(13.081996052201838;0.032)(13.505899073202162;0.0286)(13.92980209420249;0.0259)(14.353705115202814;0.0233)(14.777608136203138;0.0219)(15.201511157203466;0.0192)(15.62541417820379;0.0207)(16.04931719920412;0.0159)(16.473220220204443;0.0147)(16.897123241204767;0.0147)(17.321026262205095;0.013)(17.744929283205423;0.011199999999999999)(18.168832304205743;0.0103)(18.59273532520607;0.008200000000000001)(19.0166383462064;0.0083)(19.44054136720672;0.011400000000000001)(19.864444388207048;0.009400000000000001)(20.288347409207375;0.005599999999999999)(20.7122504302077;0.0037)(21.136153451208024;0.004)(21.560056472208352;0.0038)(21.983959493208676;0.0036)(22.407862514209;0.0026)(22.83176553520933;0.0038999999999999996)(23.255668556209656;0.0033999999999999997)(23.679571577209977;0.003)(24.103474598210305;0.0031)(24.527377619210633;0.0033)(24.951280640210953;0.0015)(25.37518366121128;0.0019)(25.79908668221161;0.0026)(26.222989703211933;0.0022999999999999998)(26.646892724212258;0.0013999999999999999)(27.070795745212585;0.0022)(27.49469876621291;0.0032)(27.918601787213234;0.0025)(28.34250480821356;0.0029)(28.76640782921389;0.0022999999999999998)(29.19031085021421;0.0015)(29.614213871214538;0.0018)(30.038116892214866;0.0021)(30.46201991321519;0.0013999999999999999)(30.885922934215515;0.0011)(31.309825955215842;0.0015)(31.733728976216167;0.0016)(32.15763199721649;0.0012)(32.58153501821682;0.0009)(33.00543803921715;0.0006999999999999999)(33.42934106021747;0.0012)(33.853244081217795;0.0016999999999999998)(34.27714710221812;0.0008)(34.70105012321845;0.0006999999999999999)(35.12495314421877;0.0016)(35.5488561652191;0.0021)(35.97275918621942;0.0016)(36.39666220721975;0.0012)(36.820565228220076;0.0013999999999999999)(37.244468249220404;0.0013999999999999999)(37.668371270220725;0.0005)(38.09227429122105;0.0006)(38.51617731222137;0.0004)(38.9400803332217;0.0009)(39.36398335422203;0.0015)(39.78788637522236;0.0012)(40.211789396222684;0.0016)(40.635692417223005;0.001)(41.05959543822333;0.0008)(41.483498459223654;0.0006)(41.90740148022398;0.001)(42.33130450122431;0.0008)(42.75520752222464;0.0005)(43.17911054322496;0.0006999999999999999)(43.603013564225286;0.0006999999999999999)(44.026916585225614;0.0005)(44.450819606225934;0.0006)(44.87472262722626;0.0011)(45.29862564822659;0.0003)(45.72252866922692;0.0006)(46.14643169022724;0.0004)(46.57033471122757;0.0006)(46.99423773222789;0.0006)(47.418140753228215;0.0009)(47.84204377422854;0.0006999999999999999)(48.26594679522887;0.0005)(48.68984981622919;0.0005)(49.11375283722952;0.0006)(49.53765585822985;0.0004)(49.96155887923017;0.0002)(50.385461900230496;0.0005)(50.809364921230824;0.0006999999999999999)(51.23326794223115;0.0006)(51.65717096323147;0.0005)(52.0810739842318;0.0004)(52.50497700523212;0.0001)(52.92888002623245;0.0004)(53.352783047232776;0.0008)(53.776686068233104;0.0004)(54.20058908923343;0.0001)(54.62449211023375;0.0003)(55.04839513123408;0.0002)(55.4722981522344;0.0006)(55.89620117323473;0.0003)(56.32010419423506;0.0004)(56.744007215235385;0.0003)(57.167910236235706;0.0001)(57.59181325723603;0.0003)(58.015716278236354;0.0003)(58.43961929923668;0.0006999999999999999)(58.86352232023701;0.0004)(59.28742534123734;0.0005)(59.711328362237666;0.0004)(60.135231383237986;0.0002)(60.983037425238635;0.0002)(61.40694044623896;0.0003)(61.83084346723929;0.0004)(62.25474648823962;0.0003)(62.67864950923994;0.0003)(63.950358572240916;0.0002)(64.37426159324124;0.0002)(64.79816461424157;0.0001)(65.2220676352419;0.0002)(65.64597065624221;0.0001)(66.06987367724255;0.0002)(66.49377669824287;0.0002)(66.91767971924321;0.0006)(67.34158274024352;0.0006)(67.76548576124384;0.0002)(68.18938878224418;0.0002)(68.6132918032445;0.0002)(69.03719482424484;0.0001)(69.88500086624548;0.0004)(70.3089038872458;0.0001)(70.73280690824612;0.0001)(71.15670992924646;0.0003)(71.58061295024677;0.0004)(72.00451597124712;0.0003)(72.85232201324776;0.0004)(73.27622503424809;0.0001)(73.7001280552484;0.0002)(74.12403107624874;0.0002)(74.54793409724905;0.0002)(74.9718371182494;0.0002)(75.39574013924971;0.0001)(75.81964316025002;0.0003)(76.24354618125037;0.0001)(76.66744920225068;0.0003)(77.09135222325102;0.0001)(77.51525524425134;0.0002)(77.93915826525168;0.0001)(78.36306128625199;0.0002)(79.21086732825265;0.0002)(79.63477034925296;0.0002)(80.0586733702533;0.0001)(80.48257639125362;0.0001)(80.90647941225396;0.0001)(81.33038243325427;0.0002)(81.75428545425459;0.0002)(82.17818847525493;0.0001)(82.60209149625524;0.0002)(83.02599451725558;0.0002)(83.87380055925622;0.0002)(84.29770358025655;0.0001)(84.72160660125687;0.0002)(85.99331566425786;0.0003)(86.41721868525818;0.0002)(86.8411217062585;0.0003)(87.26502472725883;0.0001)(87.68892774825915;0.0001)(88.11283076925949;0.0001)(88.96063681126014;0.0001)(89.80844285326077;0.0004)(90.23234587426111;0.0001)(90.65624889526143;0.0002)(91.50405493726208;0.0002)(91.92795795826243;0.0002)(92.35186097926274;0.0003)(92.77576400026305;0.0001)(93.1996670212634;0.0001)(93.62357004226371;0.0002)(94.04747306326405;0.0001)(94.89527910526469;0.0001)(95.31918212626502;0.0001)(96.16698816826568;0.0002)(96.59089118926599;0.0001)(97.01479421026633;0.0003)(97.43869723126664;0.0001)(97.86260025226697;0.0001)(98.2865032732673;0.0001)(98.71040629426761;0.0001)(99.13430931526796;0.0001)(99.98211535726861;0.0001)(100.82992139926925;0.0001)(101.6777274412699;0.0001)(102.94943650427089;0.0002)(103.3733395252712;0.0001)(104.22114556727186;0.0002)(105.49285463027283;0.0001)(105.91675765127317;0.0001)(107.18846671427414;0.0001)(108.88407879827544;0.0001)(109.30798181927577;0.0002)(110.15578786127642;0.0001)(111.00359390327708;0.0001)(112.69920598727836;0.0001)(113.54701202927902;0.0001)(113.97091505027936;0.0001)(115.24262411328033;0.0001)(118.20994526028261;0.0001)(118.63384828128292;0.0001)(121.6011694282852;0.0001)(122.02507244928555;0.0001)(122.87287849128619;0.0001)(123.29678151228651;0.0001)(124.14458755428717;0.0002)(128.38361776429042;0.0002)(129.23142380629105;0.0002)(130.50313286929205;0.0001)(133.046550995294;0.0001)(133.47045401629433;0.0001)(138.98119328929857;0.0001)(141.10070839430017;0.0001)(142.37241745730117;0.0002)(144.06802954130245;0.0001)(147.45925370930507;0.0001)(150.42657485630735;0.0001)(158.90463527631385;0.0001)(162.29585944431648;0.0001)(165.26318059131876;0.0001)(167.8065987173207;0.0001)(171.62172590632366;0.0001)(175.01295007432623;0.0001)(181.37149538933113;0.0001)(196.63200414534288;0.0001)(220.7944763423614;0.0001)(246.22865760238096;0.0001)(253.4350089593865;0.0001)(285.22773553441095;0.0001)(321.2594923194386;0.0001)(354.323927957464;0.0001)(366.61711556647344;0.0001)(389.507878700491;0.0001)(425.5396354855187;0.0001)]"
"DoublePDF[(2.1;99.62)(6.4;0.07)(10.6;0.03)(14.8;0.04)(19.1;0.01)(23.3;0.03)(27.6;0.03)(31.8;0.03)(36;0.01)(40.3;0.01)(44.5;0.01)(57.3;0.01)(112.4;0.01)(137.8;0.01)(150.6;0.03)(197.2;0.01)(105.7;0.02)(209.9;0.02)]\n"
"DoublePDF[(20.0;0.7)(30.0;0.2)(90;0.1)]"
"DoublePDF[(20;20)(50;20)(100;60)]"
"DoublePDF[(248240.0;0.0021638083026125983)(496480.0;0.8275364641769515)(744720.0;0.09104023080621894)(992960.0;0.047844205802211895)(1241200.0;0.021958647219105627)(1489440.0;0.0028850777368167975)(1737680.0;0.0016829620131431319)(1985920.0;7.212694342041994E-4)(2234160.0;3.2056419297964416E-4)(2482400.0;3.2056419297964416E-4)(2730640.0;2.4042314473473312E-4)(2978880.0;1.6028209648982208E-4)(3227120.0;8.014104824491104E-5)(3475360.0;8.014104824491104E-5)(3723600.0;0.0)(3971840.0;0.0)(4220080.0;0.0)(4468320.0;0.0)(4716560.0;8.014104824491104E-5)(4964800.0;8.014104824491104E-5)(5213040.0;8.014104824491104E-5)(5461280.0;1.6028209648982208E-4)(5709520.0;0.0)(5957760.0;8.014104824491104E-5)(6206000.0;8.014104824491104E-5)(6454240.0;1.6028209648982208E-4)(6702480.0;0.0)(6950720.0;8.014104824491104E-5)(7198960.0;0.0)(7447200.0;8.014104824491104E-5)(7695440.0;0.0)(7943680.0;8.014104824491104E-5)(8191920.0;0.0)(8440160.0;1.6028209648982208E-4)(8688400.0;8.014104824491104E-5)(8936640.0;0.0)(9184880.0;8.014104824491104E-5)(9433120.0;0.0)(9681360.0;8.014104824491104E-5)(9929600.0;8.014104824491104E-5)(1.017784E7;0.0)(1.042608E7;8.014104824491104E-5)(1.067432E7;8.014104824491104E-5)(1.092256E7;8.014104824491104E-5)(1.11708E7;8.014104824491104E-5)(1.141904E7;0.0)(1.166728E7;0.0)(1.191552E7;8.014104824491104E-5)(1.216376E7;0.0)(1.2412E7;0.0)(1.266024E7;0.0)(1.290848E7;0.0)(1.315672E7;0.0)(1.340496E7;0.0)(1.36532E7;0.0)(1.390144E7;0.0)(1.414968E7;0.0)(1.439792E7;0.0)(1.464616E7;0.0)(1.48944E7;0.0)(1.514264E7;0.0)(1.539088E7;8.014104824491104E-5)(1.563912E7;0.0)(1.588736E7;8.014104824491104E-5)(1.61356E7;0.0)(1.638384E7;8.014104824491104E-5)(1.663208E7;0.0)(1.688032E7;0.0)(1.712856E7;1.6028209648982208E-4)(1.73768E7;0.0)(1.762504E7;1.6028209648982208E-4)(1.787328E7;8.014104824491104E-5)(1.812152E7;0.0)(1.836976E7;0.0)(1.8618E7;0.0)(1.886624E7;8.014104824491104E-5)(1.911448E7;8.014104824491104E-5)(1.936272E7;0.0)(1.961096E7;8.014104824491104E-5)(1.98592E7;0.0)(2.010744E7;0.0)(2.035568E7;0.0)(2.060392E7;0.0)(2.085216E7;8.014104824491104E-5)(2.11004E7;0.0)(2.134864E7;0.0)(2.159688E7;0.0)(2.184512E7;0.0)(2.209336E7;0.0)(2.23416E7;0.0)(2.258984E7;0.0)(2.283808E7;0.0)(2.308632E7;0.0)(2.333456E7;0.0)(2.35828E7;0.0)(2.383104E7;0.0)(2.407928E7;0.0)(2.432752E7;8.014104824491104E-5)(2.457576E7;0.0)(2.4824E7;0.0)(2.507224E7;8.014104824491104E-5)]"
"DoublePDF[(3.114;0.993954659949622)(9.331;0.00151133501259446)(15.548;0.00201511335012594)(21.764;0.000755667506297229)(27.981;0.000251889168765743)(34.198;0.000251889168765743)(46.631;0.000503778337531486)(59.064;0.000251889168765743)(102.581;0.000251889168765743)(307.732;0.000251889168765743)]"
"DoublePDF[(3.114;99.3954659949622)(9.331;0.151133501259446)(15.548;0.201511335012594)(21.764;0.0755667506297229)(27.981;0.0251889168765743)(34.198;0.0251889168765743)(46.631;0.0503778337531486)(59.064;0.0251889168765743)(102.581;0.0251889168765743)(307.732;0.0251889168765743)]\n"
"DoublePDF[(3.189091682434082;0)(3.8664751052856445;0.09134567283641822)(4.543887138366699;0.13656828414207103)(5.221556186676025;0.14847423711855928)(5.899013996124268;0.13946973486743372)(6.576513767242432;0.14217108554277139)(7.2536492347717285;0.15057528764382191)(7.930881023406982;0.11775887943971985)(8.608838081359863;0.05082541270635318)(9.283123016357422;0.006403201600800401)(9.956056118011475;0.00560280140070035)(10.631600856781006;0.0025012506253126563)(11.304473876953125;0.001200600300150075)(11.97169828414917;0.0010005002501250625)(12.624210834503174;7.003501750875437E-4)(13.310634136199951;8.004002001000501E-4)(13.950441837310791;2.0010005002501252E-4)(14.567330837249756;3.0015007503751874E-4)(15.319507122039795;5.002501250625312E-4)(16.666112899780273;0)(16.667112899780275;1.0005002501250626E-4)(16.844738555908204;1.0005002501250626E-4)(18.175754070281982;0)(18.176754070281984;1.0005002501250626E-4)(18.78428084945679;1.0005002501250626E-4)(19.953775882720947;2.0010005002501252E-4)(20.765743732452393;7.003501750875437E-4)(21.38197898864746;7.003501750875437E-4)(22.112224102020264;5.002501250625312E-4)(22.826170921325684;7.003501750875437E-4)(23.51389503479004;4.0020010005002504E-4)]"
"DoublePDF[(30;0.782575947778057)(90;0.00878734622144112)(150;0.00527240773286467)(209;0.00527240773286467)(269;0.00326387145367813)(329;0.00301280441877981)(388;0.00225960331408486)(448;0.00125533517449159)(508;0.00150640220938991)(568;0.000502134069796636)(627;0.00150640220938991)(687;0.00225960331408486)(747;0.00150640220938991)(806;0.00100426813959327)(866;0.00225960331408486)(926;0.00527240773286467)(986;0.00401707255837309)(1045;0.0027617373838815)(1105;0.000502134069796636)(1165;0.00150640220938991)(1224;0.00200853627918654)(1284;0.00225960331408486)(1344;0.0027617373838815)(1404;0.00150640220938991)(1463;0.00125533517449159)(1523;0.00150640220938991)(1583;0.00175746924428822)(1642;0.00225960331408486)(1702;0.00225960331408486)(1762;0.000502134069796636)(1822;0.000753201104694954)(1881;0.00100426813959327)(1941;0.000753201104694954)(2001;0.00326387145367813)(2060;0.00175746924428822)(2120;0.000753201104694954)(2180;0.000251067034898318)(2239;0.00100426813959327)(2299;0.000753201104694954)(2359;0.000753201104694954)(2419;0.000753201104694954)(2478;0.00200853627918654)(2538;0.00200853627918654)(2598;0.00100426813959327)(2657;0.0027617373838815)(2717;0.00301280441877981)(2777;0.00301280441877981)(2837;0.00301280441877981)(2896;0.00477027366306804)(2956;0.00301280441877981)(3016;0.00225960331408486)(3075;0.00150640220938991)(3135;0.00251067034898318)(3195;0.00225960331408486)(3255;0.00376600552347477)(3314;0.00527240773286467)(3374;0.00301280441877981)(3434;0.00225960331408486)(3493;0.00451920662816972)(3553;0.00225960331408486)(3613;0.00401707255837309)(3673;0.00200853627918654)(3732;0.00326387145367813)(3792;0.00200853627918654)(3852;0.0042681395932714)(3911;0.00200853627918654)(3971;0.00251067034898318)(4031;0.00502134069796636)(4091;0.000753201104694954)(4150;0.00527240773286467)(4210;0.00301280441877981)(4270;0.00251067034898318)(4329;0.00401707255837309)(4389;0.00150640220938991)(4449;0.0027617373838815)(4509;0.00100426813959327)(4568;0.00251067034898318)(4628;0.00175746924428822)(4688;0.00200853627918654)(4747;0.00225960331408486)(4807;0.00225960331408486)(4867;0.00175746924428822)(4927;0.000251067034898318)(4986;0.00225960331408486)(5046;0.00175746924428822)(5106;0.00100426813959327)(5165;0.00451920662816972)(5225;0.00301280441877981)(5285;0.00326387145367813)(5334;0.00100426813959327)(5404;0.000753201104694954)(5464;0.000753201104694954)(5524;0.000502134069796636)(5583;0.000502134069796636)(5643;0.000753201104694954)(5703;0.000251067034898318)(5762;0.000251067034898318)(5942;0.000251067034898318)]"
"DoublePDF[(32.19425324047357;0.015307402760351319)(41.5377537144646;0.035508155583437895)(50.88125418845564;0.04165621079046424)(60.22475466244668;0.0629861982434128)(69.56825513643771;0.07302383939774153)(78.91175561042876;0.04466750313676286)(88.25525608441978;0.017942283563362609)(97.59875655841083;0.014052697616060226)(106.94225703240187;0.030238393977415305)(116.28575750639291;0.04127979924717692)(125.62925798038394;0.014680050188205773)(134.97275845437497;0.011166875784190715)(144.316258928366;0.05257214554579673)(153.65975940235705;0.05633626097867001)(163.00325987634807;0.0657465495608532)(172.34676035033914;0.06662484316185696)(181.69026082433015;0.024592220828105393)(191.03376129832122;0.020577164366373903)(200.37726177231224;0.01631116687578419)(209.72076224630325;0.023086574654956085)(219.06426272029432;0.033375156838143036)(228.40776319428534;0.05219573400250941)(237.7512636682764;0.02032622333751568)(247.09476414226742;0.006649937264742786)(256.4382646162585;0.007528230865746549)(265.78176509024945;0.006775407779171895)(275.1252655642405;0.014178168130489335)(284.4687660382316;0.009786700125470514)(293.8122665122226;0.02082810539523212)(303.1557669862136;0.0178168130489335)(312.4992674602047;0.007528230865746549)(321.84276793419576;0.007528230865746549)(331.1862684081867;0.013676286072772899)(340.5297688821778;0.011543287327478042)(349.87326935616886;0.007151819322459222)(359.2167698301599;0.005395232120451694)(368.5602703041509;0.006649937264742786)(377.90377077814196;0.0035131744040150564)(387.247271252133;0.0033877038895859474)(396.590771726124;0.002509410288582183)(405.93427220011506;0.0027603513174404015)(415.27777267410613;0.0011292346298619825)(424.6212731480971;0.0003764115432873275)(443.30827409607923;0.0002509410288582183)(452.65177457007024;0.0003764115432873275)(461.99527504406126;0.00012547051442910915)(471.33877551805233;0.0003764115432873275)(480.6822759920434;0.00012547051442910915)(490.02577646603436;0.0003764115432873275)(555.4302797839716;0.0003764115432873275)(583.4607812059447;0.00012547051442910915)(611.4912826279178;0.00012547051442910915)(639.521784049891;0.00012547051442910915)(910.4832977956311;0.00012547051442910915)(3087.5189082355428;0.00012547051442910915)(3358.480421981283;0.00012547051442910915)(3507.9764295651394;0.00012547051442910915)(3592.067933831059;0.00012547051442910915)(3694.84643904496;0.00012547051442910915)(3750.9074418889063;0.00012547051442910915)(3760.250942362897;0.00012547051442910915)(3937.7774513687273;0.00012547051442910915)(4087.2734589525835;0.00012547051442910915)(4199.395464640476;0.00012547051442910915)(4591.8224845481;0.00012547051442910915)(4638.539986918055;0.00012547051442910915)(4657.226987866037;0.00012547051442910915)(4703.944490235992;0.00012547051442910915)(4844.096997345858;0.00012547051442910915)(5021.623506351687;0.00012547051442910915)(5171.119513935544;0.00012547051442910915)(5189.806514883527;0.00012547051442910915)(5217.837016305499;0.00012547051442910915)(5357.989523415365;0.00012547051442910915)(5414.050526259311;0.00012547051442910915)(5423.394026733302;0.00012547051442910915)(5432.737527207293;0.00012547051442910915)(5713.042541427024;0.00012547051442910915)(5797.134045692944;0.00012547051442910915)(5881.225549958863;0.00012547051442910915)(6021.378057068729;0.00012547051442910915)(6105.469561334648;0.00012547051442910915)(6497.896581242271;0.00012547051442910915)(6638.049088352137;0.00012547051442910915)(6852.9495992539305;0.00012547051442910915)(6993.102106363796;0.00012547051442910915)(7189.315616317608;0.00012547051442910915)(7208.002617265591;0.00012547051442910915)(7525.681633381286;0.00012547051442910915)(7609.773137647205;0.00012547051442910915)(7712.551642861106;0.00012547051442910915)(7880.734651392945;0.00012547051442910915)(7908.765152814918;0.00012547051442910915)(7955.482655184873;0.00012547051442910915)(8170.383166086667;0.00012547051442910915)(8319.879173670524;0.00012547051442910915)(8366.596676040479;0.00012547051442910915)(8525.436184098326;0.00012547051442910915)(8665.588691208191;0.00012547051442910915)(8759.023695948103;0.00012547051442910915)(8927.20670447994;0.00012547051442910915)(8936.550204953932;0.00012547051442910915)(9151.450715855726;0.00012547051442910915)(9254.229221069627;0.00012547051442910915)(9338.320725335547;0.00012547051442910915)(9366.35122675752;0.00012547051442910915)]"
"DoublePDF[(349.54951484726746;0.01)(371.78648454627023;0.01)(416.26042394427583;0.01)(460.7343633422814;0.01)(505.208302740287;0.01)(549.6822421382926;0.02)(594.1561815362983;0.01)(705.3410300313122;0.01)(727.577999730315;0.01)(772.0519391283207;0.01)(794.2889088273234;0.01)(838.7628482253291;0.01)(860.9998179243319;0.03)(905.4737573223374;0.01)(949.9476967203432;0.01)(994.4216361183487;0.02)(1083.36951491436;0.01)(1105.6064846133627;0.01)(1150.0804240113685;0.01)(1172.317393710371;0.03)(1194.5543634093738;0.01)(1216.7913331083769;0.02)(1261.2652725063822;0.02)(1305.739211904388;0.02)(1372.4501210013964;0.02)(1394.687090700399;0.02)(1416.924060399402;0.02)(1439.1610300984048;0.04)(1461.3979997974075;0.02)(1483.6349694964103;0.01)(1505.8719391954132;0.01)(1528.108908894416;0.04)(1572.5828482924217;0.01)(1594.8198179914243;0.06)(1639.29375738943;0.04)(1661.5307270884327;0.04)(1683.7676967874354;0.01)(1706.0046664864385;0.01)(1728.2416361854412;0.01)(1772.715575583447;0.02)(1794.9525452824496;0.01)(1817.1895149814522;0.02)(1839.4264846804554;0.02)(1861.663454379458;0.04)(1883.9004240784607;0.01)(1906.1373937774636;0.01)(1928.3743634764664;0.03)(1972.848302874472;0.01)(2017.3222422724775;0.03)(2039.5592119714802;0.02)(2061.796181670483;0.01)(2084.0331513694864;0.03)(2106.270121068489;0.02)(2128.5070907674917;0.02)(2150.7440604664944;0.02)(2172.981030165497;0.03)(2217.454969563503;0.01)(2239.691939262506;0.01)(2261.9289089615086;0.02)(2284.165878660511;0.01)(2306.402848359514;0.02)(2328.6398180585165;0.02)(2350.8767877575197;0.02)(2373.1137574565228;0.03)(2395.3507271555254;0.02)(2417.587696854528;0.03)(2439.8246665535307;0.02)(2462.0616362525334;0.02)(2484.2986059515365;0.02)(2506.535575650539;0.02)(2528.7725453495423;0.03)(2595.4834544465502;0.01)(2617.7204241455534;0.01)(2639.957393844556;0.01)(2662.194363543559;0.02)(2684.431333242562;0.01)(2706.6683029415644;0.03)(2728.905272640567;0.05)(2751.14224233957;0.01)(2773.379212038573;0.05)(2795.616181737576;0.02)(2817.8531514365786;0.02)(2840.0901211355813;0.03)(2862.327090834584;0.05)(2884.564060533587;0.08)(2906.8010302325897;0.03)(2929.0379999315924;0.04)(2951.2749696305955;0.05)(2973.511939329598;0.04)(2995.748909028601;0.04)(3017.9858787276034;0.03)(3040.2228484266066;0.06)(3062.459818125609;0.01)(3084.6967878246123;0.03)(3106.933757523615;0.04)(3129.1707272226176;0.03)(3151.4076969216203;0.04)(3173.6446666206234;0.04)(3195.881636319626;0.01)(3218.118606018629;0.01)(3240.355575717632;0.02)(3262.5925454166345;0.03)(3284.829515115637;0.04)(3307.0664848146403;0.04)(3329.303454513643;0.05)(3351.540424212646;0.06)(3373.7773939116487;0.04)(3396.0143636106513;0.06999999999999999)(3418.251333309654;0.05)(3440.488303008657;0.09)(3462.7252727076598;0.04)(3484.9622424066624;0.03)(3507.1992121056655;0.05)(3529.436181804668;0.08)(3551.673151503671;0.03)(3573.9101212026735;0.04)(3596.1470909016766;0.02)(3618.3840606006793;0.04)(3640.6210302996824;0.03)(3662.857999998685;0.04)(3685.0949696976877;0.03)(3707.3319393966904;0.06)(3729.5689090956935;0.1)(3751.805878794696;0.1)(3774.0428484936992;0.06)(3796.279818192702;0.02)(3818.5167878917046;0.06)(3840.753757590707;0.02)(3862.9907272897103;0.06)(3885.227696988713;0.04)(3907.464666687716;0.04)(3929.7016363867187;0.06)(3951.9386060857214;0.06)(3974.175575784724;0.02)(3996.412545483727;0.09)(4018.64951518273;0.05)(4040.8864848817325;0.06)(4063.1234545807356;0.06)(4085.3604242797383;0.05)(4107.597393978741;0.08)(4129.8343636777445;0.02)(4152.071333376747;0.01)(4174.30830307575;0.06999999999999999)(4196.545272774752;0.02)(4218.782242473755;0.09)(4241.019212172758;0.06999999999999999)(4263.25618187176;0.05)(4285.493151570763;0.04)(4307.730121269766;0.04)(4329.967090968768;0.08)(4352.204060667772;0.06)(4374.441030366775;0.08)(4396.678000065778;0.06999999999999999)(4418.914969764781;0.13)(4441.1519394637835;0.08)(4463.388909162786;0.04)(4485.625878861789;0.04)(4507.8628485607915;0.06999999999999999)(4530.099818259794;0.06)(4552.336787958797;0.06999999999999999)(4574.573757657799;0.09)(4596.810727356803;0.06999999999999999)(4619.047697055806;0.09)(4641.284666754808;0.12)(4663.521636453811;0.05)(4685.758606152814;0.1)(4707.995575851817;0.08)(4730.23254555082;0.05)(4752.4695152498225;0.1)(4774.706484948825;0.12)(4796.943454647828;0.05)(4819.1804243468305;0.06999999999999999)(4841.417394045833;0.06999999999999999)(4863.654363744837;0.1)(4885.891333443839;0.04)(4908.128303142842;0.04)(4930.365272841845;0.09)(4952.602242540847;0.08)(4974.83921223985;0.13999999999999999)(4997.076181938854;0.08)(5019.313151637856;0.18)(5041.550121336859;0.1)(5063.7870910358615;0.1)(5086.024060734864;0.1)(5108.261030433867;0.12)(5130.4980001328695;0.06)(5152.734969831873;0.08)(5174.971939530876;0.06999999999999999)(5197.208909229878;0.13)(5219.445878928881;0.06999999999999999)(5241.682848627884;0.06999999999999999)(5263.919818326887;0.1)(5286.15678802589;0.11)(5308.393757724893;0.06)(5330.630727423895;0.1)(5352.867697122898;0.06)(5375.1046668219005;0.09)(5397.341636520903;0.08)(5419.578606219907;0.06)(5441.815575918909;0.13)(5464.052545617912;0.02)(5486.289515316915;0.1)(5508.526485015917;0.16999999999999998)(5530.76345471492;0.09)(5553.000424413924;0.11)(5575.237394112926;0.13)(5597.474363811929;0.13)(5619.711333510932;0.04)(5641.948303209934;0.08)(5664.185272908937;0.06999999999999999)(5686.42224260794;0.05)(5708.659212306943;0.08)(5730.896182005946;0.09)(5753.133151704948;0.22)(5775.370121403951;0.05)(5797.607091102954;0.13999999999999999)(5819.844060801957;0.13)(5842.08103050096;0.13999999999999999)(5864.318000199963;0.12)(5886.554969898965;0.11)(5908.791939597968;0.1)(5931.028909296971;0.09)(5953.265878995973;0.16999999999999998)(5975.502848694977;0.13)(5997.7398183939795;0.08)(6019.976788092982;0.12)(6042.213757791985;0.13999999999999999)(6064.450727490987;0.1)(6086.68769718999;0.13999999999999999)(6108.924666888994;0.09)(6131.161636587996;0.1)(6153.398606286999;0.04)(6175.635575986002;0.09)(6197.872545685004;0.16999999999999998)(6220.109515384007;0.13999999999999999)(6242.34648508301;0.1)(6264.583454782013;0.15)(6286.820424481016;0.1)(6309.0573941800185;0.09)(6331.294363879021;0.16)(6353.531333578024;0.09)(6375.768303277027;0.13999999999999999)(6398.00527297603;0.2)(6420.242242675033;0.15)(6442.479212374035;0.13)(6464.716182073038;0.19)(6486.953151772041;0.13999999999999999)(6509.190121471043;0.12)(6531.427091170047;0.12)(6553.6640608690495;0.12)(6575.901030568052;0.15)(6598.138000267055;0.11)(6620.3749699660575;0.1)(6642.61193966506;0.16999999999999998)(6664.848909364064;0.13999999999999999)(6687.085879063066;0.13999999999999999)(6709.322848762069;0.19)(6731.559818461072;0.16999999999999998)(6753.796788160074;0.1)(6776.033757859077;0.16999999999999998)(6798.27072755808;0.15)(6820.507697257083;0.13999999999999999)(6842.744666956086;0.12)(6864.981636655089;0.15)(6887.218606354091;0.12)(6909.455576053094;0.16)(6931.692545752097;0.16999999999999998)(6953.9295154511;0.16)(6976.166485150103;0.11)(6998.403454849105;0.16)(7020.640424548108;0.2)(7042.877394247111;0.13999999999999999)(7065.114363946113;0.19)(7087.351333645117;0.22999999999999998)(7109.58830334412;0.22999999999999998)(7131.825273043122;0.2)(7154.062242742125;0.16)(7176.299212441128;0.15)(7198.53618214013;0.13)(7220.773151839134;0.24)(7243.010121538136;0.13)(7265.247091237139;0.2)(7287.484060936142;0.25)(7309.721030635144;0.22)(7331.958000334147;0.16999999999999998)(7354.19497003315;0.13999999999999999)(7376.431939732153;0.2)(7398.668909431156;0.27)(7420.905879130159;0.18)(7443.142848829161;0.15)(7465.379818528164;0.13999999999999999)(7487.6167882271675;0.13)(7509.85375792617;0.2)(7532.090727625173;0.16999999999999998)(7554.3276973241755;0.21)(7576.564667023178;0.24)(7598.801636722181;0.18)(7621.038606421183;0.18)(7643.275576120187;0.2)(7665.51254581919;0.22999999999999998)(7687.749515518192;0.18)(7709.986485217195;0.15)(7732.223454916198;0.15)(7754.4604246152;0.19)(7776.697394314204;0.16999999999999998)(7798.9343640132065;0.19)(7821.171333712209;0.22999999999999998)(7843.408303411212;0.24)(7865.6452731102145;0.16999999999999998)(7887.882242809217;0.19)(7910.11921250822;0.22999999999999998)(7932.356182207223;0.25)(7954.593151906226;0.22999999999999998)(7976.830121605229;0.26)(7999.067091304231;0.22999999999999998)(8021.304061003234;0.22)(8043.541030702238;0.25)(8065.77800040124;0.2)(8088.014970100243;0.26)(8110.2519397992455;0.2)(8132.488909498248;0.2)(8154.725879197251;0.27)(8176.9628488962535;0.27)(8199.199818595256;0.26)(8221.436788294259;0.21)(8243.673757993261;0.27999999999999997)(8265.910727692264;0.15)(8288.147697391267;0.41000000000000003)(8310.38466709027;0.26)(8332.621636789274;0.22)(8354.858606488277;0.15)(8377.09557618728;0.22999999999999998)(8399.332545886282;0.26)(8421.569515585285;0.19)(8443.806485284287;0.2)(8466.04345498329;0.29)(8488.280424682294;0.16999999999999998)(8510.517394381297;0.18)(8532.7543640803;0.19)(8554.991333779302;0.27999999999999997)(8577.228303478305;0.2)(8599.465273177308;0.18)(8621.70224287631;0.16999999999999998)(8643.939212575313;0.21)(8666.176182274316;0.29)(8688.413151973318;0.24)(8710.65012167232;0.27999999999999997)(8732.887091371324;0.25)(8755.124061070326;0.18)(8777.361030769329;0.18)(8799.598000468333;0.33)(8821.834970167336;0.33)(8844.071939866339;0.4)(8866.308909565341;0.25)(8888.545879264344;0.31)(8910.782848963347;0.31)(8933.01981866235;0.36)(8955.256788361352;0.27999999999999997)(8977.493758060355;0.27)(8999.730727759357;0.18)(9021.96769745836;0.22)(9044.204667157363;0.32)(9066.441636856365;0.26)(9088.678606555368;0.3)(9110.915576254372;0.32)(9133.152545953375;0.18)(9155.389515652378;0.3)(9177.62648535138;0.26)(9199.863455050383;0.32)(9222.100424749386;0.26)(9244.337394448388;0.19)(9266.574364147391;0.26)(9288.811333846394;0.3)(9311.048303545396;0.33999999999999997)(9333.285273244399;0.21)(9355.522242943403;0.2)(9377.759212642406;0.13)(9399.996182341409;0.29)(9422.233152040411;0.25)(9444.470121739414;0.2)(9466.707091438417;0.36)(9488.94406113742;0.33999999999999997)(9511.181030836422;0.33999999999999997)(9533.418000535425;0.27)(9555.654970234427;0.31)(9577.89193993343;0.27999999999999997)(9600.128909632433;0.32)(9622.365879331435;0.36)(9644.602849030438;0.31)(9666.839818729442;0.26)(9689.076788428445;0.38)(9711.313758127448;0.27999999999999997)(9733.55072782645;0.26)(9755.787697525453;0.26)(9778.024667224456;0.26)(9800.261636923458;0.32)(9822.498606622461;0.24)(9844.735576321464;0.25)(9866.972546020466;0.27)(9889.209515719469;0.3)(9911.446485418473;0.26)(9933.683455117476;0.24)(9955.920424816479;0.24)(9978.157394515481;0.26)(10000.394364214484;0.24)(10022.631333913487;0.22999999999999998)(10044.86830361249;0.27)(10067.105273311492;0.19)(10089.342243010495;0.26)(10111.579212709497;0.25)(10133.8161824085;0.24)(10156.053152107503;0.26)(10178.290121806505;0.33)(10200.527091505508;0.3)(10222.764061204512;0.29)(10245.001030903515;0.3)(10267.238000602518;0.29)(10289.47497030152;0.24)(10311.711940000523;0.22999999999999998)(10333.948909699526;0.33999999999999997)(10356.185879398528;0.29)(10378.422849097531;0.26)(10400.659818796534;0.25)(10422.896788495536;0.33)(10445.133758194539;0.29)(10467.370727893544;0.27)(10489.607697592546;0.26)(10511.844667291549;0.27999999999999997)(10534.081636990551;0.27)(10556.318606689554;0.22)(10578.555576388557;0.3)(10600.79254608756;0.24)(10623.029515786562;0.24)(10645.266485485565;0.31)(10667.503455184567;0.32)(10689.74042488357;0.22999999999999998)(10711.977394582573;0.24)(10734.214364281575;0.25)(10756.451333980578;0.33999999999999997)(10778.688303679583;0.27)(10800.925273378585;0.37)(10823.162243077588;0.29)(10845.39921277659;0.42)(10867.636182475593;0.27999999999999997)(10889.873152174596;0.22999999999999998)(10912.110121873598;0.21)(10934.347091572601;0.21)(10956.584061271604;0.3)(10978.821030970606;0.33999999999999997)(11001.05800066961;0.22)(11023.294970368614;0.35000000000000003)(11045.531940067616;0.33999999999999997)(11067.768909766619;0.31)(11090.005879465622;0.26)(11112.242849164624;0.27)(11134.479818863627;0.25)(11156.71678856263;0.26)(11178.953758261632;0.22)(11201.190727960635;0.21)(11223.427697659637;0.32)(11245.66466735864;0.25)(11267.901637057643;0.25)(11290.138606756645;0.32)(11312.375576455648;0.24)(11334.612546154653;0.21)(11356.849515853655;0.24)(11379.086485552658;0.29)(11401.32345525166;0.24)(11423.560424950663;0.31)(11445.797394649666;0.22999999999999998)(11468.034364348669;0.27)(11490.271334047671;0.22)(11512.508303746674;0.27)(11534.745273445677;0.22999999999999998)(11556.98224314468;0.25)(11579.219212843684;0.32)(11601.456182542686;0.15)(11623.693152241689;0.19)(11645.930121940692;0.19)(11668.167091639694;0.2)(11690.404061338697;0.15)(11712.6410310377;0.31)(11734.878000736702;0.2)(11757.114970435705;0.27999999999999997)(11779.351940134708;0.25)(11801.58890983371;0.25)(11823.825879532713;0.25)(11846.062849231716;0.21)(11868.299818930718;0.27)(11890.536788629723;0.21)(11912.773758328725;0.24)(11935.010728027728;0.21)(11957.24769772673;0.22999999999999998)(11979.484667425733;0.2)(12001.721637124736;0.19)(12023.958606823739;0.25)(12046.195576522741;0.27999999999999997)(12068.432546221744;0.32)(12090.669515920747;0.2)(12112.90648561975;0.22999999999999998)(12135.143455318754;0.22)(12157.380425017756;0.24)(12179.617394716759;0.22999999999999998)(12201.854364415762;0.19)(12224.091334114764;0.19)(12246.328303813767;0.26)(12268.56527351277;0.16999999999999998)(12290.802243211772;0.25)(12313.039212910775;0.18)(12335.276182609778;0.12)(12357.51315230878;0.21)(12379.750122007783;0.24)(12401.987091706786;0.25)(12424.224061405788;0.18)(12446.461031104793;0.22999999999999998)(12468.698000803795;0.13999999999999999)(12490.934970502798;0.22999999999999998)(12513.1719402018;0.19)(12535.408909900803;0.22999999999999998)(12557.645879599806;0.18)(12579.882849298809;0.25)(12602.119818997811;0.22)(12624.356788696814;0.22)(12646.593758395817;0.22)(12668.83072809482;0.27)(12691.067697793824;0.22999999999999998)(12713.304667492826;0.21)(12735.541637191829;0.16)(12757.778606890832;0.26)(12780.015576589834;0.15)(12802.252546288837;0.19)(12824.48951598784;0.19)(12846.726485686842;0.15)(12868.963455385845;0.26)(12891.200425084848;0.22)(12913.43739478385;0.19)(12935.674364482853;0.18)(12957.911334181856;0.11)(12980.148303880858;0.25)(13002.385273579863;0.22)(13024.622243278865;0.15)(13046.859212977868;0.19)(13069.09618267687;0.19)(13091.333152375873;0.16999999999999998)(13113.570122074876;0.22)(13135.807091773879;0.15)(13158.044061472881;0.11)(13180.281031171884;0.19)(13202.518000870887;0.18)(13224.75497056989;0.12)(13246.991940268894;0.19)(13269.228909967896;0.19)(13291.4658796669;0.11)(13313.702849365902;0.12)(13335.939819064904;0.16999999999999998)(13358.176788763907;0.22)(13380.41375846291;0.22)(13402.650728161912;0.13)(13424.887697860915;0.18)(13447.124667559918;0.13999999999999999)(13469.36163725892;0.15)(13491.598606957923;0.1)(13513.835576656926;0.18)(13536.072546355928;0.22999999999999998)(13558.309516054933;0.18)(13580.546485753935;0.13999999999999999)(13602.783455452938;0.09)(13625.02042515194;0.13999999999999999)(13647.257394850943;0.2)(13669.494364549946;0.12)(13691.731334248949;0.09)(13713.968303947951;0.1)(13736.205273646954;0.19)(13758.442243345957;0.18)(13780.67921304496;0.05)(13802.916182743964;0.13)(13825.153152442967;0.2)(13847.39012214197;0.15)(13869.627091840972;0.19)(13891.864061539975;0.09)(13914.101031238977;0.13)(13936.33800093798;0.12)(13958.574970636982;0.12)(13980.811940335985;0.09)(14003.048910034988;0.13)(14025.28587973399;0.1)(14047.522849432993;0.1)(14069.759819131996;0.12)(14091.996788830998;0.16)(14114.233758530003;0.13)(14136.470728229006;0.12)(14158.707697928008;0.15)(14180.94466762701;0.11)(14203.181637326014;0.12)(14225.418607025016;0.11)(14247.655576724019;0.15)(14269.892546423021;0.06999999999999999)(14292.129516122024;0.05)(14314.366485821027;0.16999999999999998)(14336.60345552003;0.09)(14358.840425219034;0.06999999999999999)(14381.077394918037;0.09)(14403.31436461704;0.04)(14425.551334316042;0.1)(14447.788304015045;0.09)(14470.025273714047;0.03)(14492.26224341305;0.11)(14514.499213112053;0.11)(14536.736182811055;0.03)(14558.973152510058;0.11)(14581.21012220906;0.13999999999999999)(14603.447091908063;0.08)(14625.684061607066;0.16999999999999998)(14647.921031306068;0.06999999999999999)(14670.158001005073;0.04)(14692.394970704076;0.09)(14714.631940403078;0.11)(14736.868910102081;0.05)(14759.105879801084;0.09)(14781.342849500086;0.08)(14803.579819199089;0.15)(14825.816788898092;0.1)(14848.053758597094;0.1)(14870.290728296097;0.05)(14892.5276979951;0.09)(14914.764667694104;0.06999999999999999)(14937.001637393107;0.11)(14959.23860709211;0.1)(14981.475576791112;0.08)(15003.712546490115;0.06999999999999999)(15025.949516189117;0.08)(15048.18648588812;0.09)(15070.423455587123;0.09)(15092.660425286125;0.08)(15114.897394985128;0.11)(15137.13436468413;0.06999999999999999)(15159.371334383133;0.09)(15181.608304082136;0.06999999999999999)(15203.845273781139;0.05)(15226.082243480143;0.05)(15248.319213179146;0.1)(15270.556182878148;0.06)(15292.793152577151;0.11)(15315.030122276154;0.05)(15337.267091975156;0.03)(15359.504061674159;0.06)(15381.741031373162;0.08)(15403.978001072164;0.06999999999999999)(15426.214970771167;0.05)(15448.45194047017;0.11)(15470.688910169174;0.1)(15492.925879868177;0.06999999999999999)(15515.16284956718;0.02)(15537.399819266182;0.06)(15559.636788965185;0.06)(15581.873758664187;0.06)(15604.11072836319;0.03)(15626.347698062193;0.05)(15648.584667761195;0.06999999999999999)(15670.821637460198;0.06)(15693.0586071592;0.06999999999999999)(15715.295576858203;0.08)(15737.532546557206;0.04)(15759.769516256209;0.05)(15782.006485955213;0.05)(15804.243455654216;0.04)(15826.480425353218;0.04)(15848.717395052221;0.04)(15870.954364751224;0.1)(15893.191334450226;0.04)(15915.428304149229;0.03)(15937.665273848232;0.01)(15959.902243547234;0.04)(15982.139213246237;0.06)(16004.37618294524;0.01)(16026.613152644244;0.03)(16048.850122343247;0.09)(16071.08709204225;0.05)(16093.324061741252;0.06)(16115.561031440255;0.06)(16137.798001139257;0.05)(16160.03497083826;0.05)(16182.271940537263;0.03)(16204.508910236265;0.08)(16226.745879935268;0.09)(16248.98284963427;0.06999999999999999)(16271.219819333273;0.08)(16293.456789032276;0.06)(16315.693758731279;0.06)(16337.930728430283;0.05)(16360.167698129286;0.08)(16382.404667828288;0.03)(16404.64163752729;0.04)(16426.878607226296;0.06)(16449.115576925295;0.06)(16471.3525466243;0.04)(16493.5895163233;0.02)(16515.826486022306;0.03)(16538.063455721305;0.04)(16560.30042542031;0.01)(16582.53739511931;0.03)(16604.774364818317;0.01)(16627.01133451732;0.03)(16649.248304216322;0.04)(16671.485273915325;0.02)(16693.722243614327;0.02)(16715.959213313334;0.04)(16738.196183012333;0.01)(16760.43315271134;0.04)(16782.670122410338;0.04)(16804.907092109344;0.02)(16827.144061808343;0.02)(16849.38103150735;0.01)(16871.61800120635;0.05)(16893.854970905355;0.01)(16916.091940604354;0.04)(16938.32891030336;0.01)(16960.56588000236;0.01)(16982.802849701366;0.06)(17005.039819400365;0.01)(17027.27678909937;0.02)(17049.51375879837;0.04)(17071.750728497376;0.03)(17093.987698196375;0.04)(17116.22466789538;0.02)(17138.46163759438;0.02)(17160.698607293387;0.01)(17182.935576992386;0.02)(17205.172546691392;0.03)(17227.40951639039;0.01)(17249.646486089398;0.03)(17271.8834557884;0.05)(17294.120425487403;0.01)(17316.35739518641;0.02)(17338.594364885408;0.03)(17360.831334584414;0.01)(17383.068304283413;0.01)(17405.30527398242;0.01)(17472.016183079424;0.06)(17494.25315277843;0.02)(17516.49012247743;0.02)(17538.727092176436;0.01)(17583.20103157444;0.04)(17605.43800127344;0.02)(17627.674970972446;0.02)(17649.911940671445;0.02)(17672.14891037045;0.01)(17694.38588006945;0.02)(17716.622849768457;0.01)(17738.859819467456;0.01)(17761.096789166462;0.01)(17783.33375886546;0.02)(17850.044667962473;0.01)(17872.28163766148;0.01)(17916.755577059484;0.01)(17938.992546758484;0.01)(17961.22951645749;0.01)(17983.46648615649;0.01)(18005.703455855495;0.01)(18050.1773952535;0.03)(18094.651334651506;0.01)(18139.12527404951;0.02)(18205.836183146515;0.01)(18228.07315284552;0.01)(18250.31012254452;0.02)(18272.547092243527;0.02)(18317.021031641532;0.03)(18428.20588013655;0.01)(18450.44284983555;0.01)(18517.15375893256;0.02)(18539.39072863156;0.01)(18561.627698330565;0.01)(18583.864668029564;0.01)(18606.10163772857;0.01)(18628.33860742757;0.01)(18695.04951652458;0.02)(18739.523455922586;0.01)(18761.760425621585;0.01)(18783.99739532059;0.01)(18828.471334718597;0.01)(18850.708304417596;0.01)(18872.945274116602;0.02)(18895.1822438156;0.01)(18917.419213514608;0.01)(18939.65618321361;0.01)(19028.604062009625;0.01)(19095.31497110663;0.01)(19139.788910504634;0.01)(19162.02588020364;0.02)(19317.684668096656;0.03)(19339.92163779566;0.01)(19362.15860749466;0.01)(19451.10648629067;0.02)(19517.817395387683;0.01)(19562.29133478569;0.01)(19629.0022438827;0.02)(19717.95012267871;0.02)(19962.556789367736;0.01)(19984.793759066742;0.01)(20007.03072876574;0.01)(20095.97860756176;0.01)(20184.92648635777;0.01)(20273.87436515378;0.01)(20318.348304551786;0.01)(20362.82224394979;0.01)(20407.296183347797;0.01)(20429.533153046796;0.01)(20518.481031842806;0.01)(20585.191940939818;0.01)(20696.376789434835;0.02)(20740.85072883284;0.01)(20852.03557732785;0.01)(21252.301031909905;0.01)(21385.72285010392;0.01)(21519.144668297937;0.01)(21563.618607695942;0.01)(21652.566486491953;0.01)(22564.282244151065;0.01)]"
"DoublePDF[(4.014163970947266;0)(4.660611152648926;0.8616125150421179)(5.306559085845947;0.054452466907340555)(5.93906307220459;0.012535098275170478)(6.599897861480713;0.014741275571600482)(7.246114730834961;0.018752507019655033)(7.888308048248291;0.011933413557962295)(8.541327953338623;0.007821901323706379)(9.173480987548828;0.004312073806658644)(9.820600032806396;0.002807862013638187)(10.394638061523438;0.0020056157240272766)(10.979063987731934;0.0012033694344163659)(11.753442287445068;0.0014039310068190934)(12.408392906188965;0.001604492579221821)(12.887377738952637;7.019655034095467E-4)(13.339945793151855;5.014039310068191E-4)(14.296650886535645;5.014039310068191E-4)(14.953944683074951;6.016847172081829E-4)(15.469672203063965;5.014039310068191E-4)(15.71236276626587;2.0056157240272763E-4)(17.014601230621338;0)(17.32882022857666;4.0112314480545525E-4)(17.717406272888184;2.0056157240272763E-4)(18.83017873764038;4.0112314480545525E-4)(19.466063976287842;2.0056157240272763E-4)(19.925815105438232;2.0056157240272763E-4)(20.603684020996095;1.0028078620136381E-4)(21.518967628479004;0)(21.519967628479005;1.0028078620136381E-4)(23.147916793823242;0)(23.41642713546753;2.0056157240272763E-4)]"
"DoublePDF[(4.173318862915039;0)(4.850619316101074;0.8519558676028084)(5.528731822967529;0.05747241725175527)(6.202930927276611;0.03049147442326981)(6.8791399002075195;0.012136409227683049)(7.556843280792236;0.006318956870611836)(8.21680736541748;0.01123370110330993)(8.916313171386719;0.008625877632898696)(9.592617988586426;0.004012036108324975)(10.255751132965088;0.0033099297893681044)(10.9307541847229;0.0018054162487462387)(11.51520586013794;0.0017051153460381143)(12.267600059509277;0.0015045135406218655)(12.911552429199219;0.0032096288866599798)(13.646480083465576;9.027081243731193E-4)(14.184190273284912;0.001303911735205617)(14.954427242279053;9.027081243731193E-4)(15.624497890472412;9.027081243731193E-4)(16.34238290786743;5.015045135406219E-4)(16.825592041015625;3.0090270812437313E-4)(17.575666427612305;3.0090270812437313E-4)(18.458158016204834;0)(18.653082847595215;2.0060180541624874E-4)(19.65716791152954;2.0060180541624874E-4)(20.255852222442627;2.0060180541624874E-4)(21.92962121963501;0)(21.93062121963501;1.0030090270812437E-4)(22.64461040496826;3.0090270812437313E-4)(24.50592803955078;0)(24.506928039550782;1.0030090270812437E-4)]"
"DoublePDF[(4.190077781677246;0)(4.870384216308594;0.88742983159583)(5.551173210144043;0.04550922213311949)(6.22735595703125;0.026964715316760226)(6.900676250457764;0.005713712910986367)(7.587248802185059;0.0048115477145148355)(8.264456272125244;0.005513231756214916)(8.922499179840088;0.007016840417000802)(9.626973628997803;0.003809141940657578)(10.312047958374023;0.0022052927024859663)(10.984401226043701;0.001904570970328789)(11.632873058319092;0.0024057738572574178)(12.263232707977295;7.016840417000802E-4)(13.025142192840576;9.021651964715317E-4)(13.675097942352295;6.014434643143544E-4)(14.364176750183105;4.0096230954290296E-4)(15.005929946899414;7.016840417000802E-4)(15.632547927856445;1.0024057738572574E-4)(16.38508415222168;8.019246190858059E-4)(16.936461925506592;2.0048115477145148E-4)(17.477458000183105;4.0096230954290296E-4)(18.673977851867676;0)(18.963237285614014;3.007217321571772E-4)(19.668764114379883;2.0048115477145148E-4)(20.225053310394287;2.0048115477145148E-4)(21.173020839691162;4.0096230954290296E-4)(21.212181640625;1.0024057738572574E-4)(22.528294563293457;4.0096230954290296E-4)(23.190821170806885;2.0048115477145148E-4)(24.61177921295166;0)(24.61277921295166;1.0024057738572574E-4)]"
"DoublePDF[(4.9;0.9933)(14.7;0.0015)(24.5;0.0013)(34.4;0.0009)(44.2;0.0005)(54;0.0004)(63.8;0.0003)(73.6;0.0002)(83.4;0.0002)(93.3;0.0002)(103.1;0.0001)(112.9;0.0001)(122.7;0.0001)(162;0.0001)(211;0.0002)(269.9;0.0001)(328.8;0.0001)(377.9;0.0001)(427;0.0001)(485.9;0.0002)]\n"
"DoublePDF[(4.9;99.33)(14.7;0.15)(24.5;0.13)(34.4;0.09)(44.2;0.05)(54;0.04)(63.8;0.03)(73.6;0.02)(83.4;0.02)(93.3;0.02)(103.1;0.01)(112.9;0.01)(122.7;0.01)(162;0.01)(211;0.02)(269.9;0.01)(328.8;0.01)(377.9;0.01)(427;0.01)(485.9;0.02)]\n"
"DoublePDF[(5.0; 0.1)(15.0; 0.8)(50.0; 0.1)]"
"DoublePDF[(5;0.997249312328082)(17;0.00100025006251563)(28;0.000250062515628907)(39;0.000250062515628907)(61;0.000250062515628907)(228;0.000250062515628907)(427;0.000250062515628907)(450;0.000250062515628907)(550;0.000250062515628907)]"
"DoublePDF[(5;0.997249312328082)(17;0.00100025006251563)(28;0.000250062515628907)(39;0.000250062515628907)(61;0.000250062515628907)(228;0.000250062515628907)(427;0.000250062515628907)(450;0.000250062515628907)(550;0.000250062515628907)]\n"
"DoublePDF[(5;0.998333333333333)(14;0.000416666666666667)(24;0.000416666666666667)(33;0.000208333333333333)(108;0.000208333333333333)(390;0.000208333333333333)(466;0.000208333333333333)]"
"DoublePDF[(5;0.998333333333333)(14;0.000416666666666667)(24;0.000416666666666667)(33;0.000208333333333333)(108;0.000208333333333333)(390;0.000208333333333333)(466;0.000208333333333333)]\n"
"DoublePDF[(8.85;89.95)(25.65;7.175)(42.45;0.3)(59.25;0.05)(344.84;0.05)(361.64;0.075)(378.44;0.05)(395.24;0.125)(412.04;0.2)(428.84;0.125)(445.64;0.1)(462.44;0.1)(479.24;0.175)(496.04;0.1)(512.84;0.2)(529.64;0.2)(546.44;0.175)(563.24;0.25)(580.03;0.15)(596.83;0.2)(613.63;0.175)(630.43;0.025)(647.23;0.025)(832.03;0.025)]\n"
"DoublePMF(unit=\"s\")[ (36.0; 0.05) (37.0; 0.03) (41.0; 0.29) (42.0; 0.31) (46.0; 0.11) (47.0; 0.21) ]"
"DoublePMF[(1.2;0.5)(0.95;0.5)]"
"DoublePMF[(10.0; 0.25)(20.0; 0.5)(30.0; 0.25)]"
"DoublePMF[(16050.0; 0.99996)(3210000.0; 0.00003)]"
"DoublePMF[(1637100.0; 0.99003)(3210000.0; 0.008568)(6420000.0; 0.000975)(9630000.0; 0.000189)(1.284E7; 0.000094)(1.605E7; 0.000113)(1.926E7; 0.000025)(3.21E7; 0.000004)(1.605E8; 0.000002)]"
"DoublePMF[(205440.0; 0.999769)(3210000.0; 0.000213)(6420000.0; 0.000012)(9630000.0; 0.000003)(1.284E7; 0.000002)(1.605E7; 0.000001)]"
"DoublePMF[(2210000.0; 0.1476)(5420000.0; 0.7765)(8630000.0; 0.0281)(1.184E7; 0.0098)(1.505E7; 0.0267)(1.826E7; 0.0077)(2.147E7; 0.0012)(2.468E7; 0.0017)(2.789E7; 0.0004)(3.11E7; 0.0003)]"
"DoublePMF[(2210000.0; 0.56551)(5420000.0; 0.40035)(8630000.0; 0.01181)(1.184E7; 0.00785)(1.505E7; 0.01373)(1.826E7; 0.00043)(2.147E7; 0.00003)(2.468E7; 0.00024)(2.789E7; 0.00002)(3.11E7; 0.00003)]"
"DoublePMF[(28890.0; 0.98561)(6420000.0; 0.00014)(9630000.0; 0.01107)(1.284E7; 0.00212)(1.605E7; 0.00078)(1.926E7; 0.00021)(2.247E7; 0.00002)(2.568E7; 0.00003)(2.889E7; 0.00001)(3.21E7; 0.00001)]"
"DoublePMF[(28890.0; 0.999952)(3210000.0; 0.000032)(6420000.0; 0.000015)(9630000.0; 0.000001)]"
"DoublePMF[(28890.0; 0.999964)(3210000.0; 0.000035)(6420000.0; 0.000001)]"
"DoublePMF[(353100.0; 0.999939)(6420000.0; 0.000047)(1.605E7; 0.000011)(2.247E7; 0.000002)(3.21E7; 0.000001)]"
"DoublePMF[(385200.0; 0.999959)(9630000.0; 0.00003)(1.605E7; 0.000008)(2.568E7; 0.000002)]"
"DoublePMF[(513600.0; 0.9983)(1605000.0; 0.0011)(3210000.0; 0.00044)(6420000.0; 0.00013)(9630000.0; 0.00002)(1.284E7; 0.00001)]"
"DoublePMF[(8025.0; 0.99996)(3210000.0; 0.00003)(6420000.0; 0.00001)]"
"EnumPMF[ (\"constant\";0.3) (\"variable\";0.7) ]"
"EnumPMF[ (\"t\";0.1) (\"f\";0.9) ]"
"Exp(0.04)"
"Exp(0.5)"
"Exp(1)"
"Exp(1.0)"
"Exp(3.9)"
"Exp(4.0)"
"Exp(50)"
"FilesIDs.NUMBER_OF_ELEMENTS"
"Gamma(0.84303521911, 0.006673058159)"
"IntPMF(unit=\"bytes\")[ (3500000; 0.1) (4000000; 0.6) (4500000; 0.3) ]"
"IntPMF(unit=\"count\")[ (1; 0.3) (2; 0.4) (5; 0.3) ]"
"IntPMF(unit=\"no_files\")[ (8; 0.1) (9; 0.1) (10; 0.2) (11; 0.4) (12; 0.2) ]"
"IntPMF(unit=\"unit\")[ (0; 0.0) (10; 0.2) (11; 0.2) (12; 0.2) (13; 0.2) (14; 0.2) ]"
"IntPMF[ (0;0.0) (10;0.2) (11;0.2) (12;0.2) (13;0.2) (14;0.2) ]"
"IntPMF[ (100;0.5) (50;0.5) ]"
"IntPMF[ (10;0.2) (11;0.2) (12;0.2) (13;0.2) (14;0.2) ]"
"IntPMF[ (10;0.2) (30;0.1) (60;0.7) ]"
"IntPMF[ (2;0.2) (5;0.2) (8;0.3) (11;0.3) ]"
"IntPMF[ (500000; 0.00000000) (1000000; 0.05100000) (2000000; 0.13400000) (3000000; 0.19300000) (4000000; 0.21200000) (5000000; 0.22400000) (6000000; 0.18600000) ]"
"IntPMF[ (500000;0.0) (1000000;0.051) (2000000;0.134) (3000000;0.193) (4000000;0.212) (5000000;0.224) (6000000;0.186) ]"
"IntPMF[ (5;1.0) ]"
"IntPMF[ (64;0.1) (128;0.5) (192;0.2) (320;0.2) ]"
"IntPMF[(1; 0.2)(2; 0.02)(3; 0.02)(4; 0.02)(5; 0.02)(6; 0.02)(7; 0.05)(8; 0.05)(9; 0.1)(10; 0.1)(11; 0.1)(12; 0.1)(13; 0.1)(14; 0.05)(15; 0.05)]"
"IntPMF[(1;0.3)(2;0.3)(4;0.4)]"
"IntPMF[(38303999; 0.142857)(38304000; 0.142857)(40568000; 0.142857)(41544000; 0.142857)(48280000; 0.142857)(65000000; 0.142857)(88216000; 0.142858)]"
"IntPMF[(5; 0.0)(10; 0.051)(20; 0.134)(30; 0.193)(40; 0.212)(50; 0.224)(60; 0.186)]*100000"
"IntPMF[(65000000; 0.16666667)(40568000; 0.16666667)(41544000; 0.16666667)(38304000; 0.16666667)(48280000; 0.16666666)(88216000; 0.16666666)]"
"LognormMoments(0.2,c.VALUE)"
"LognormMoments(0.3,c.VALUE)"
"LognormMoments(0.4,c.VALUE)"
"LognormMoments(0.5,c.VALUE)"
"LognormMoments(0.6,c.VALUE)"
"LognormMoments(0.8,c.VALUE)"
"NOT isBank.VALUE"
"NOT isBook.VALUE"
"Norm(0.07,0.03)"
"RETURN.BYTESIZE"
"RETURN.INNER.BYTESIZE"
"RETURN.NUMBER_OF_ELEMENTS"
"RETURN.VALUE"
"StoredFiles.INNER.BYTESIZE"
"Trunc(audioRequest.Count.VALUE)*DoublePDF[(2.7599156144E10;0.0)(2.7845577181E10;0.03571428571428571)(2.8091998218E10;0.1)(2.8338419255E10;0.014285714285714285)(2.8584840292E10;0.0)(2.8831261329E10;0.0)(2.9077682366E10;0.0)(2.9324103403E10;0.0)(2.957052444E10;0.0)(2.9816945477E10;0.0)(3.0063366514E10;0.0)(3.0309787551E10;0.0)(3.0556208588E10;0.0)(3.0802629625E10;0.0)(3.1049050662E10;0.1)(3.1295471699E10;0.09285714285714286)(3.1541892736E10;0.014285714285714285)(3.1788313773E10;0.007142857142857143)(3.203473481E10;0.0)(3.2281155847E10;0.0)(3.2527576884E10;0.0)(3.2773997921E10;0.0)(3.3020418958E10;0.0)(3.3266839995E10;0.007142857142857143)(3.3513261032E10;0.12857142857142856)(3.3759682069E10;0.02857142857142857)(3.4006103106E10;0.0)(3.4252524143E10;0.007142857142857143)(3.449894518E10;0.0)(3.4745366217E10;0.0)(3.4991787254E10;0.0)(3.5238208291E10;0.0)(3.5484629328E10;0.0)(3.5731050365E10;0.0)(3.5977471402E10;0.0)(3.6223892439E10;0.0)(3.6470313476E10;0.0)(3.6716734513E10;0.0)(3.696315555E10;0.007142857142857143)(3.7209576587E10;0.0)(3.7455997624E10;0.0)(3.7702418661E10;0.0)(3.7948839698E10;0.0)(3.8195260735E10;0.0)(3.8441681772E10;0.0)(3.8688102809E10;0.0)(3.8934523846E10;0.0)(3.9180944883E10;0.0)(3.942736592E10;0.0)(3.9673786957E10;0.0)(3.9920207994E10;0.0)(4.0166629031E10;0.0)(4.0413050068E10;0.0)(4.0659471105E10;0.0)(4.0905892142E10;0.0)(4.1152313179E10;0.0)(4.1398734216E10;0.007142857142857143)(4.1645155253E10;0.1)(4.189157629E10;0.1357142857142857)(4.2137997327E10;0.02142857142857143)(4.2384418364E10;0.0)(4.2630839401E10;0.0)(4.2877260438E10;0.0)(4.3123681475E10;0.0)(4.3370102512E10;0.0)(4.3616523549E10;0.0)(4.3862944586E10;0.0)(4.4109365623E10;0.0)(4.435578666E10;0.0)(4.4602207697E10;0.0)(4.4848628734E10;0.0)(4.5095049771E10;0.0)(4.5341470808E10;0.0)(4.5587891845E10;0.0)(4.5834312882E10;0.0)(4.6080733919E10;0.0)(4.6327154956E10;0.0)(4.6573575993E10;0.0)(4.681999703E10;0.0)(4.7066418067E10;0.0)(4.7312839104E10;0.0)(4.7559260141E10;0.0)(4.7805681178E10;0.0)(4.8052102215E10;0.0)(4.8298523252E10;0.0)(4.8544944289E10;0.0)(4.8791365326E10;0.0)(4.9037786363E10;0.0)(4.92842074E10;0.0)(4.9530628437E10;0.0)(4.9777049474E10;0.0)(5.0023470511E10;0.0)(5.0269891548E10;0.0)(5.0516312585E10;0.0)(5.0762733622E10;0.0)(5.1009154659E10;0.0)(5.1255575696E10;0.0)(5.1501996733E10;0.0)(5.174841777E10;0.05)(5.1994838807E10;0.1)(5.2241259844E10;0.02857142857142857)(5.2487680881E10;0.014285714285714285)]"
"Trunc(audioRequest.Count.VALUE)*DoublePDF[(4.0E7;0.0)(6.0E7;0.013043478260869565)(8.0E7;0.4956521739130435)(1.0E8;0.2826086956521739)(1.2E8;0.09130434782608696)(1.4E8;0.021739130434782608)(1.6E8;0.02608695652173913)(1.8E8;0.017391304347826087)(2.0E8;0.008695652173913044)(2.2E8;0.004347826086956522)(2.4E8;0.008695652173913044)(2.6E8;0.013043478260869565)(2.8E8;0.004347826086956522)(3.0E8;0.0)(3.2E8;0.004347826086956522)(3.4E8;0.0)(3.6E8;0.0)(3.8E8;0.0)(4.0E8;0.0)(4.2E8;0.0)(4.4E8;0.0)(4.6E8;0.0)(4.8E8;0.0)(5.0E8;0.0)(5.2E8;0.0)(5.4E8;0.0)(5.6E8;0.0)(5.8E8;0.0)(6.0E8;0.0)(6.2E8;0.0)(6.4E8;0.0)(6.6E8;0.0)(6.8E8;0.0)(7.0E8;0.0)(7.2E8;0.0)(7.4E8;0.0)(7.6E8;0.0)(7.8E8;0.0)(8.0E8;0.004347826086956522)(8.2E8;0.0)(8.4E8;0.0)(8.6E8;0.0)(8.8E8;0.0)(9.0E8;0.0)(9.2E8;0.0)(9.4E8;0.0)(9.6E8;0.0)(9.8E8;0.0)(1.0E9;0.0)(1.02E9;0.0)(1.04E9;0.0)(1.06E9;0.0)(1.08E9;0.0)(1.1E9;0.0)(1.12E9;0.0)(1.14E9;0.0)(1.16E9;0.0)(1.18E9;0.0)(1.2E9;0.0)(1.22E9;0.0)(1.24E9;0.0)(1.26E9;0.0)(1.28E9;0.0)(1.3E9;0.0)(1.32E9;0.0)(1.34E9;0.0)(1.36E9;0.0)(1.38E9;0.0)(1.4E9;0.0)(1.42E9;0.0)(1.44E9;0.0)(1.46E9;0.0)(1.48E9;0.0)(1.5E9;0.0)(1.52E9;0.0)(1.54E9;0.0)(1.56E9;0.0)(1.58E9;0.0)(1.6E9;0.0)(1.62E9;0.0)(1.64E9;0.0)(1.66E9;0.0)(1.68E9;0.0)(1.7E9;0.0)(1.72E9;0.0)(1.74E9;0.0)(1.76E9;0.0)(1.78E9;0.0)(1.8E9;0.0)(1.82E9;0.0)(1.84E9;0.0)(1.86E9;0.0)(1.88E9;0.0)(1.9E9;0.0)(1.92E9;0.0)(1.94E9;0.0)(1.96E9;0.0)(1.98E9;0.0)(2.0E9;0.0)(2.02E9;0.0)(2.04E9;0.0)(2.06E9;0.0)(2.08E9;0.0)(2.1E9;0.0)(2.12E9;0.0)(2.14E9;0.0)(2.16E9;0.0)(2.18E9;0.0)(2.2E9;0.0)(2.22E9;0.0)(2.24E9;0.0)(2.26E9;0.0)(2.28E9;0.0)(2.3E9;0.0)(2.32E9;0.0)(2.34E9;0.0)(2.36E9;0.0)(2.38E9;0.0)(2.4E9;0.0)(2.42E9;0.0)(2.44E9;0.0)(2.46E9;0.0)(2.48E9;0.0)(2.5E9;0.0)(2.52E9;0.0)(2.54E9;0.0)(2.56E9;0.0)(2.58E9;0.0)(2.6E9;0.0)(2.62E9;0.0)(2.64E9;0.0)(2.66E9;0.0)(2.68E9;0.0)(2.7E9;0.0)(2.72E9;0.0)(2.74E9;0.0)(2.76E9;0.0)(2.78E9;0.0)(2.8E9;0.0)(2.82E9;0.0)(2.84E9;0.0)(2.86E9;0.0)(2.88E9;0.0)(2.9E9;0.0)(2.92E9;0.0)(2.94E9;0.0)(2.96E9;0.0)(2.98E9;0.0)(3.0E9;0.0)(3.02E9;0.0)(3.04E9;0.0)(3.06E9;0.0)(3.08E9;0.0)(3.1E9;0.0)(3.12E9;0.0)(3.14E9;0.0)(3.16E9;0.0)(3.18E9;0.0)(3.2E9;0.0)(3.22E9;0.0)(3.24E9;0.0)(3.26E9;0.0)(3.28E9;0.0)(3.3E9;0.0)(3.32E9;0.0)(3.34E9;0.0)(3.36E9;0.0)(3.38E9;0.0)(3.4E9;0.0)(3.42E9;0.0)(3.44E9;0.004347826086956522)]"
"Trunc(data.BYTESIZE/seekSize.VALUE)"
"Trunc(data.BYTESIZE/seekSize.VALUE)-1"
"audioRequest.Count.VALUE"
"audioRequest.Count.VALUE * audioRequest.Size.VALUE"
"audioRequest.Count.VALUE < 2"
"audioRequest.Count.VALUE == 1"
"audioRequest.Count.VALUE > 1"
"audioRequest.Count.VALUE >= 2"
"audioRequest.Count.VALUE*0.4"
"audioRequest.Count.VALUE*0.6"
"audioRequest.Count.VALUE*200000"
"audioRequest.Count.VALUE*23428820000.0"
"audioRequest.Count.VALUE*75182981.91"
"audioRequest.Count.VALUE*DoublePMF[(16850000000;0.004347826)(16950000000;0.034782609)(17050000000;0.117391304)(17150000000;0.026086957)(17350000000;0.004347826)(17550000000;0.004347826)(19850000000;0.030434783)(19950000000;0.052173913)(20050000000;0.065217391)(20150000000;0.008695652)(20250000000;0.004347826)(20450000000;0.004347826)(20550000000;0.004347826)(20650000000;0)(20750000000;0)(20850000000;0)(20950000000;0)(21050000000;0)(21150000000;0.004347826)(21250000000;0)(21350000000;0)(21450000000;0)(21550000000;0)(21650000000;0)(21750000000;0)(21850000000;0)(21950000000;0)(22050000000;0)(22150000000;0)(22250000000;0)(22350000000;0)(22450000000;0.030434783)(22550000000;0.047826087)(22650000000;0.017391304)(22750000000;0.004347826)(22850000000;0)(22950000000;0.004347826)(23050000000;0)(23150000000;0)(23250000000;0)(23350000000;0.004347826)(27550000000;0.013043478)(27650000000;0.069565217)(27750000000;0.052173913)(27850000000;0.017391304)(27950000000;0.008695652)(28050000000;0.008695652)(28150000000;0.004347826)(28250000000;0)(28350000000;0)(28450000000;0)(28550000000;0)(28650000000;0)(28750000000;0)(28850000000;0.004347826)(28950000000;0)(29050000000;0)(29150000000;0)(29250000000;0)(29350000000;0)(29450000000;0)(29550000000;0.004347826)(29650000000;0.02173913)(29750000000;0.060869565)(29850000000;0.039130435)(29950000000;0.008695652)(30050000000;0.013043478)(30150000000;0.008695652)(30250000000;0.004347826)(30350000000;0)(30450000000;0)(30550000000;0.008695652)(30650000000;0)(30750000000;0)(30850000000;0)(30950000000;0)(31050000000;0.004347826)(31150000000;0)(31250000000;0.008695652)(31350000000;0)(31450000000;0)(31550000000;0)(31650000000;0)(31750000000;0)(31850000000;0)(31950000000;0)(32050000000;0)(32150000000;0)(32250000000;0)(32350000000;0)(32450000000;0)(32550000000;0)(32650000000;0)(32750000000;0)(32850000000;0)(32950000000;0)(33050000000;0)(33150000000;0)(33250000000;0)(33350000000;0)(33450000000;0)(33550000000;0)(33650000000;0)(33750000000;0)(33850000000;0)(33950000000;0)(34050000000;0)(34150000000;0)(34250000000;0)(34350000000;0)(34450000000;0)(34550000000;0)(34650000000;0)(34750000000;0)(34850000000;0.047826087)(34950000000;0.034782609)(35050000000;0.039130435)(35150000000;0.017391304)(35250000000;0)(35350000000;0.013043478)(35450000000;0.008695652)(35550000000;0)(35650000000;0)(35750000000;0)(35850000000;0)(35950000000;0)(36050000000;0.004347826)(18050000000;0)]"
"audioRequest.Count.VALUE*audioRequest.Size.VALUE"
"audioRequest.Size.VALUE"
"audioRequest.Size.VALUE * audioRequest.Count.VALUE"
"audioRequestReturn.BYTESIZE"
"bigItem.BYTESIZE"
"c.VALUE"
"callResult.VALUE"
"data.BYTESIZE"
"data.BYTESIZE <= seekSize.VALUE"
"data.BYTESIZE>seekSize.VALUE"
"datei.BYTESIZE"
"datei.BYTESIZE + IntPMF[(20;0.5)(10;0.5)]"
"datei.BYTESIZE*2"
"delay.VALUE"
"delayInSeconds.VALUE"
"desiredFiles.NUMBER_OF_ELEMENTS"
"event.VALUE == false"
"event.VALUE ? 2 : 10"
"file.BYTESIZE"
"file.BYTESIZE / 500000"
"file.BYTESIZE*0.7"
"file.TYPE"
"file.TYPE==\"constant\""
"file.TYPE==\"variable\""
"file.VALUE"
"file.VALUE<=192"
"file.VALUE>192"
"fileList.NUMBER_OF_ELEMENTS"
"fileSize.BYTESIZE"
"fileToMark.BYTESIZE + 500"
"files.INNER.BYTESIZE"
"files.NUMBER_OF_ELEMENTS"
"filesFromDB.INNER.BYTESIZE"
"filesFromDB.NUMBER_OF_ELEMENTS"
"getFiles.RETURN.INNER.BYTESIZE"
"getFiles.RETURN.NUMBER_OF_ELEMENTS"
"ids.NUMBER_OF_ELEMENTS"
"info.BYTESIZE + 100"
"inputArray.NUMBER_OF_ELEMENTS"
"ints.NUMBER_OF_ELEMENTS"
"ints.NUMBER_OF_ELEMENTS * 2"
"isBank.VALUE"
"isBook.VALUE"
"isDetailed.VALUE"
"isDetailed.VALUE == \"f\""
"isDetailed.VALUE == \"t\""
"localVar.NUMBER_OF_ELEMENTS*1"
"lockCount.VALUE"
"markedFile.BYTESIZE"
"noOfEntries.VALUE"
"param.VALUE"
"param1.VALUE"
"queryDB.RETURN.INNER.BYTESIZE"
"queryDB.RETURN.NUMBER_OF_ELEMENTS"
"request.requestedFiles.NUMBER_OF_ELEMENTS"
"requestedEntries.VALUE"
"requestedEntries.VALUE * 0.6"
"requestedEntries.VALUE * 0.7"
"returnedFiles.INNER.BYTESIZE"
"seekSize.VALUE"
"seekSize.VALUE * 27.0 / (1024*1024)"
"seekTime.VALUE"
"smallItem.BYTESIZE"
"stream.BYTESIZE"
"stream.BYTESIZE * 2"
"stream.BYTESIZE / 2"
"temp.BYTESIZE"
"time.VALUE"
"true"
"type.VALUE == \"graphical\""
"type.VALUE == \"online\""
"type.VALUE==\"login\""
"type.VALUE==\"logout\""
"watermark.RETURN.BYTESIZE"
