phase,config,model,epoch_ms,t_s,rss_kb,threads,procs,mem_avail_kb
sus1,eventsim,x_espresso,1790708174816.0,0.0,3768.0,1.0,1.0,33695716.0
sus1,eventsim,x_espresso,1790708176829.0,2.01,659692.0,91.0,4.0,33057916.0
sus1,eventsim,x_espresso,1790708178840.0,4.02,1039012.0,112.0,4.0,32659080.0
sus1,eventsim,x_espresso,1790708180852.0,6.03,1152052.0,136.0,4.0,32574212.0
sus1,eventsim,x_espresso,1790708182864.0,8.04,1198104.0,149.0,4.0,32538416.0
sus1,eventsim,x_espresso,1790708184875.0,10.06,1240680.0,163.0,4.0,32485140.0
sus1,eventsim,x_espresso,1790708186886.0,12.07,1267136.0,150.0,4.0,32470504.0
sus1,eventsim,x_espresso,1790708188898.0,14.08,1285668.0,160.0,4.0,32460684.0
sus1,eventsim,x_espresso,1790708190908.0,16.09,1275080.0,168.0,4.0,32475556.0
sus1,eventsim,x_espresso,1790708192919.0,18.1,1277256.0,177.0,4.0,32472444.0
sus1,eventsim,x_espresso,1790708194930.0,20.11,1281912.0,184.0,4.0,32439208.0
sus1,eventsim,x_espresso,1790708196942.0,22.12,1288712.0,190.0,4.0,32438804.0
sus1,eventsim,x_espresso,1790708198951.0,24.13,1298812.0,197.0,4.0,32432164.0
sus1,eventsim,x_espresso,1790708200961.0,26.14,1301280.0,201.0,4.0,32434916.0
sus1,eventsim,x_espresso,1790708202970.0,28.15,1439788.0,207.0,4.0,32305704.0
sus1,eventsim,x_espresso,1790708204980.0,30.16,1440884.0,212.0,4.0,32298700.0
sus1,eventsim,x_espresso,1790708206990.0,32.17,1472800.0,216.0,4.0,32265136.0
sus1,eventsim,x_espresso,1790708209000.0,34.18,1603972.0,221.0,4.0,32137088.0
sus1,eventsim,x_espresso,1790708211010.0,36.19,1599696.0,226.0,4.0,32142508.0
sus1,eventsim,x_espresso,1790708212820.0,38.0,1600516.0,229.0,4.0,32142248.0
sus1,eventsim,x_espresso,1790708214833.0,40.01,1601272.0,233.0,4.0,32145060.0
sus1,eventsim,x_espresso,1790708216846.0,42.03,1596480.0,237.0,4.0,32151008.0
sus1,eventsim,x_espresso,1790708218858.0,44.04,1597180.0,241.0,4.0,32148480.0
sus1,eventsim,x_espresso,1790708220868.0,46.05,1598120.0,246.0,4.0,32153052.0
sus1,eventsim,x_espresso,1790708222883.0,48.06,1725496.0,249.0,4.0,32027292.0
sus1,eventsim,x_espresso,1790708224894.0,50.08,1726100.0,253.0,4.0,32027748.0
sus1,eventsim,x_espresso,1790708226904.0,52.09,1727784.0,256.0,4.0,32025684.0
sus1,eventsim,x_espresso,1790708228915.0,54.1,1728532.0,262.0,4.0,32024424.0
sus1,eventsim,x_espresso,1790708230927.0,56.11,1729260.0,262.0,4.0,32023200.0
sus1,eventsim,x_espresso,1790708232938.0,58.12,1729740.0,265.0,4.0,32020944.0
sus1,eventsim,x_espresso,1790708234948.0,60.13,1730616.0,268.0,4.0,32004036.0
sus1,eventsim,x_espresso,1790708236958.0,62.14,1731140.0,271.0,4.0,32005660.0
sus1,eventsim,x_espresso,1790708238968.0,64.15,1856796.0,275.0,4.0,31881548.0
sus1,eventsim,x_espresso,1790708240979.0,66.16,1857256.0,277.0,4.0,31882916.0
sus1,eventsim,x_espresso,1790708242989.0,68.17,1858120.0,280.0,4.0,31883004.0
sus1,eventsim,x_espresso,1790708244998.0,70.18,1858528.0,283.0,4.0,31891272.0
sus1,eventsim,x_espresso,1790708247009.0,72.19,1858908.0,285.0,4.0,31892760.0
sus1,eventsim,x_espresso,1790708248822.0,74.0,1859876.0,288.0,4.0,31889304.0
sus1,eventsim,x_espresso,1790708250835.0,76.01,1863800.0,290.0,4.0,31886324.0
sus1,eventsim,x_espresso,1790708252847.0,78.03,1864312.0,293.0,4.0,31886240.0
sus1,eventsim,x_espresso,1790708254859.0,80.04,1864628.0,295.0,4.0,31866620.0
sus1,eventsim,x_espresso,1790708256870.0,82.05,1924404.0,298.0,4.0,31819500.0
sus1,eventsim,x_espresso,1790708258880.0,84.06,1982704.0,300.0,4.0,31752504.0
sus1,eventsim,x_espresso,1790708260891.0,86.07,1983128.0,303.0,4.0,31753512.0
sus1,eventsim,x_espresso,1790708262901.0,88.08,1983576.0,306.0,4.0,31755496.0
sus1,eventsim,x_espresso,1790708264912.0,90.09,1983884.0,308.0,4.0,31753096.0
sus1,eventsim,x_espresso,1790708266923.0,92.1,1984260.0,311.0,4.0,31754736.0
sus1,eventsim,x_espresso,1790708268934.0,94.12,1984612.0,313.0,4.0,31752828.0
sus1,eventsim,x_espresso,1790708270945.0,96.13,1989452.0,317.0,4.0,31749428.0
sus1,eventsim,x_espresso,1790708272955.0,98.14,1989720.0,318.0,4.0,31748012.0
sus1,eventsim,x_espresso,1790708274965.0,100.15,1990044.0,319.0,4.0,31748284.0
sus1,eventsim,x_espresso,1790708276973.0,102.16,1990448.0,323.0,4.0,31750048.0
sus1,eventsim,x_espresso,1790708278983.0,104.17,1990724.0,323.0,4.0,31750504.0
sus1,eventsim,x_espresso,1790708280992.0,106.17,1992292.0,327.0,4.0,31751992.0
sus1,eventsim,x_espresso,1790708283001.0,108.18,1992636.0,328.0,4.0,31746908.0
sus1,eventsim,x_espresso,1790708285011.0,110.19,2103796.0,329.0,4.0,31632804.0
sus1,eventsim,x_espresso,1790708286823.0,112.0,2105756.0,331.0,4.0,31632756.0
sus1,eventsim,x_espresso,1790708288834.0,114.02,2106112.0,333.0,4.0,31632500.0
sus1,eventsim,x_espresso,1790708290846.0,116.03,2106484.0,335.0,4.0,31634456.0
sus1,eventsim,x_espresso,1790708292858.0,118.04,2106688.0,336.0,4.0,31633984.0
sus1,eventsim,x_espresso,1790708294869.0,120.05,2107000.0,338.0,4.0,31629024.0
sus1,eventsim,x_espresso,1790708296881.0,122.06,2107300.0,340.0,4.0,31628912.0
sus1,eventsim,x_espresso,1790708298892.0,124.07,2107500.0,341.0,4.0,31631332.0
sus1,eventsim,x_espresso,1790708300902.0,126.08,2107812.0,343.0,4.0,31632036.0
sus1,eventsim,x_ss_mediastore,1790707189085.0,0.0,3720.0,1.0,1.0,33848840.0
sus1,eventsim,x_ss_mediastore,1790707191095.0,2.01,627884.0,92.0,4.0,33217844.0
sus1,eventsim,x_ss_mediastore,1790707193105.0,4.02,759700.0,100.0,4.0,33067204.0
sus1,eventsim,x_ss_mediastore,1790707195114.0,6.03,871296.0,96.0,4.0,32966164.0
sus1,eventsim,x_ss_mediastore,1790707197124.0,8.04,985112.0,98.0,4.0,32859316.0
sus1,eventsim,x_ss_mediastore,1790707199133.0,10.05,1006372.0,98.0,4.0,32852268.0
sus1,eventsim,x_ss_mediastore,1790707201145.0,12.06,1003240.0,83.0,4.0,32853536.0
sus1,eventsim,x_ss_mediastore,1790707203157.0,14.07,1019840.0,83.0,4.0,32848464.0
sus1,eventsim,x_ss_mediastore,1790707205168.0,16.08,1037344.0,86.0,4.0,32837652.0
sus1,eventsim,x_ss_mediastore,1790707207178.0,18.09,1059624.0,91.0,4.0,32818052.0
sus1,eventsim,x_ss_mediastore,1790707209189.0,20.1,1080112.0,92.0,4.0,32799404.0
sus1,eventsim,x_ss_mediastore,1790707211198.0,22.11,1095484.0,95.0,4.0,32777000.0
sus1,eventsim,x_ss_mediastore,1790707213208.0,24.12,1108976.0,99.0,4.0,32753632.0
sus1,eventsim,x_ss_mediastore,1790707215217.0,26.13,1100040.0,101.0,4.0,32767096.0
sus1,eventsim,x_ss_mediastore,1790707217226.0,28.14,1101436.0,107.0,4.0,32769800.0
sus1,eventsim,x_ss_mediastore,1790707219236.0,30.15,1108856.0,110.0,4.0,32762936.0
sus1,eventsim,x_ss_mediastore,1790707221246.0,32.16,1147712.0,110.0,4.0,32705620.0
sus1,eventsim,x_ss_mediastore,1790707223255.0,34.17,1150388.0,112.0,4.0,32705160.0
sus1,eventsim,x_ss_mediastore,1790707225265.0,36.18,1148624.0,114.0,4.0,32710916.0
sus1,eventsim,x_ss_mediastore,1790707227275.0,38.19,1154232.0,117.0,4.0,32709152.0
sus1,eventsim,x_ss_mediastore,1790707229284.0,40.2,1149856.0,119.0,4.0,32719472.0
sus1,eventsim,x_ss_mediastore,1790707231094.0,42.01,1150780.0,125.0,4.0,32714456.0
sus1,eventsim,x_ss_mediastore,1790707233103.0,44.02,1154100.0,124.0,4.0,32715536.0
sus1,eventsim,x_ss_mediastore,1790707235112.0,46.03,1165940.0,128.0,4.0,32708396.0
sus1,eventsim,x_ss_mediastore,1790707237121.0,48.04,1172212.0,130.0,4.0,32694988.0
sus1,eventsim,x_ss_mediastore,1790707239130.0,50.05,1172908.0,132.0,4.0,32694412.0
sus1,eventsim,x_ss_mediastore,1790707241140.0,52.05,1183096.0,135.0,4.0,32682644.0
sus1,eventsim,x_ss_mediastore,1790707243151.0,54.07,1322748.0,136.0,4.0,32542752.0
sus1,eventsim,x_ss_mediastore,1790707245160.0,56.08,1319960.0,139.0,4.0,32551176.0
sus1,eventsim,x_ss_mediastore,1790707247170.0,58.09,1320660.0,141.0,4.0,32552644.0
sus1,eventsim,x_ss_mediastore,1790707249180.0,60.1,1321228.0,143.0,4.0,32551660.0
sus1,eventsim,x_ss_mediastore,1790707251190.0,62.1,1321940.0,146.0,4.0,32539604.0
sus1,eventsim,x_ss_mediastore,1790707253199.0,64.11,1328444.0,148.0,4.0,32532812.0
sus1,eventsim,x_ss_mediastore,1790707255208.0,66.12,1330692.0,150.0,4.0,32531284.0
sus1,eventsim,x_ss_mediastore,1790707257217.0,68.13,1331224.0,152.0,4.0,32529788.0
sus1,eventsim,x_ss_mediastore,1790707259227.0,70.14,1332220.0,154.0,4.0,32521824.0
sus1,eventsim,x_ss_mediastore,1790707261238.0,72.15,1332896.0,157.0,4.0,32527512.0
sus1,eventsim,x_ss_mediastore,1790707263247.0,74.16,1471568.0,159.0,4.0,32396244.0
sus1,eventsim,x_ss_mediastore,1790707265257.0,76.17,1468088.0,161.0,4.0,32402192.0
sus1,eventsim,x_ss_mediastore,1790707267266.0,78.18,1468640.0,166.0,4.0,32400684.0
sus1,eventsim,x_ss_mediastore,1790707269276.0,80.19,1469188.0,165.0,4.0,32400936.0
sus1,eventsim,x_ss_mediastore,1790707271085.0,82.0,1469828.0,167.0,4.0,32379108.0
sus1,eventsim,x_ss_mediastore,1790707273095.0,84.01,1470484.0,169.0,4.0,32381356.0
sus1,eventsim,x_ss_mediastore,1790707275104.0,86.02,1470984.0,171.0,4.0,32385548.0
sus1,eventsim,x_ss_mediastore,1790707277113.0,88.03,1475508.0,173.0,4.0,32385584.0
sus1,eventsim,x_ss_mediastore,1790707279123.0,90.04,1476056.0,175.0,4.0,32385780.0
sus1,eventsim,x_ss_mediastore,1790707281131.0,92.05,1476776.0,177.0,4.0,32382348.0
sus1,eventsim,x_ss_mediastore,1790707283140.0,94.06,1477240.0,178.0,4.0,32385136.0
sus1,eventsim,x_ss_mediastore,1790707285150.0,96.06,1477764.0,180.0,4.0,32388624.0
sus1,eventsim,x_ss_mediastore,1790707287159.0,98.07,1478280.0,182.0,4.0,32390552.0
sus1,eventsim,x_ss_mediastore,1790707289169.0,100.08,1478716.0,184.0,4.0,32391584.0
sus1,eventsim,x_ss_mediastore,1790707291179.0,102.09,1612064.0,186.0,4.0,32251296.0
sus1,eventsim,x_ss_mediastore,1790707293188.0,104.1,1614588.0,188.0,4.0,32253064.0
sus1,eventsim,x_ss_mediastore,1790707295198.0,106.11,1614948.0,190.0,4.0,32251524.0
sus1,eventsim,x_ss_mediastore,1790707297207.0,108.12,1615500.0,192.0,4.0,32253420.0
sus1,eventsim,x_ss_mediastore,1790707299216.0,110.13,1615952.0,194.0,4.0,32253420.0
sus1,eventsim,x_ss_mediastore,1790707301225.0,112.14,1621952.0,199.0,4.0,32243940.0
sus1,eventsim,x_ss_mediastore,1790707303235.0,114.15,1623624.0,199.0,4.0,32244968.0
sus1,eventsim,x_ss_mediastore,1790707305244.0,116.16,1624044.0,200.0,4.0,32244408.0
sus1,eventsim,x_ss_mediastore,1790707307254.0,118.17,1624256.0,201.0,4.0,32243964.0
sus1,eventsim,x_ss_mediastore,1790707309264.0,120.18,1624656.0,203.0,4.0,32242304.0
sus1,eventsim,x_ss_mediastore,1790707311274.0,122.19,1625036.0,205.0,4.0,32232468.0
sus1,eventsim,x_ss_mediastore,1790707313284.0,124.2,1625304.0,207.0,4.0,32234348.0
sus1,eventsim,x_ss_mediastore,1790707315093.0,126.01,1755244.0,208.0,4.0,32106640.0
sus1,eventsim,x_ss_mediastore,1790707317102.0,128.02,1755580.0,210.0,4.0,32110832.0
sus1,eventsim,x_ss_mediastore,1790707319111.0,130.03,1755780.0,211.0,4.0,32110860.0
sus1,eventsim,x_ss_mediastore,1790707321120.0,132.04,1756096.0,213.0,4.0,32109688.0
sus1,eventsim,x_ss_mediastore,1790707323129.0,134.04,1756372.0,215.0,4.0,32108128.0
sus1,eventsim,x_ss_mediastore,1790707325140.0,136.06,1756800.0,218.0,4.0,32108896.0
sus1,eventsim,x_ss_mediastore,1790707327151.0,138.07,1756976.0,219.0,4.0,32112684.0
sus1,eventsim,x_ss_mediastore,1790707329160.0,140.08,1763048.0,221.0,4.0,32110536.0
sus1,eventsim,x_ss_mediastore,1790707331169.0,142.08,1753980.0,222.0,4.0,32121476.0
sus1,eventsim,x_ss_mediastore,1790707333179.0,144.09,1754880.0,224.0,4.0,32121480.0
sus1,eventsim,x_ss_mediastore,1790707335189.0,146.1,1755248.0,226.0,4.0,32121752.0
sus1,eventsim,x_ss_mediastore,1790707337198.0,148.11,1755480.0,227.0,4.0,32119752.0
sus1,eventsim,x_ss_mediastore,1790707339207.0,150.12,1755832.0,229.0,4.0,32113548.0
sus1,eventsim,x_ss_mediastore,1790707341216.0,152.13,1756024.0,230.0,4.0,32107236.0
sus1,eventsim,x_ss_mediastore,1790707343226.0,154.14,1879072.0,232.0,4.0,31986640.0
sus1,eventsim,x_ss_mediastore,1790707345236.0,156.15,1881316.0,234.0,4.0,31986672.0
sus1,eventsim,x_ss_mediastore,1790707347247.0,158.16,1881552.0,235.0,4.0,31986144.0
sus1,eventsim,x_ss_mediastore,1790707349257.0,160.17,1883160.0,237.0,4.0,31989624.0
sus1,eventsim,x_ss_mediastore,1790707351267.0,162.18,1883344.0,238.0,4.0,31980528.0
sus1,eventsim,x_ss_mediastore,1790707353277.0,164.19,1883640.0,240.0,4.0,31981336.0
sus1,eventsim,x_ss_mediastore,1790707355086.0,166.0,1883808.0,241.0,4.0,31981568.0
sus1,eventsim,x_ss_mediastore,1790707357096.0,168.01,1884192.0,243.0,4.0,31984048.0
sus1,eventsim,x_ss_mediastore,1790707359105.0,170.02,1890872.0,245.0,4.0,31982116.0
sus1,eventsim,x_ss_mediastore,1790707361113.0,172.03,1891108.0,247.0,4.0,31985448.0
sus1,eventsim,x_ss_mediastore,1790707363122.0,174.04,1891236.0,248.0,4.0,31987592.0
sus1,eventsim,x_ss_mediastore,1790707365132.0,176.05,1891452.0,249.0,4.0,31981584.0
sus1,eventsim,x_ss_mediastore,1790707367142.0,178.06,1891716.0,250.0,4.0,31985760.0
sus1,eventsim,x_ss_mediastore,1790707369152.0,180.07,1891932.0,251.0,4.0,31986728.0
sus1,eventsim,x_ss_mediastore,1790707371162.0,182.08,1892392.0,254.0,4.0,31975424.0
sus1,eventsim,x_ss_mediastore,1790707373172.0,184.09,1892808.0,254.0,4.0,31970504.0
sus1,eventsim,x_ss_mediastore,1790707375182.0,186.1,1893040.0,256.0,4.0,31974464.0
sus1,eventsim,x_ss_mediastore,1790707377192.0,188.11,1893172.0,257.0,4.0,31977268.0
sus1,eventsim,x_ss_mediastore,1790707379202.0,190.12,1893324.0,258.0,4.0,31979392.0
sus1,eventsim,x_ss_mediastore,1790707381211.0,192.13,1894940.0,263.0,4.0,31973048.0
sus1,eventsim,x_ss_mediastore,1790707383220.0,194.13,1895156.0,261.0,4.0,31976996.0
sus1,eventsim,x_ss_mediastore,1790707385229.0,196.14,1895356.0,263.0,4.0,31979504.0
sus1,eventsim,x_ss_mediastore,1790707387239.0,198.15,1922432.0,264.0,4.0,31948384.0
sus1,eventsim,x_ss_mediastore,1790707389249.0,200.16,2016108.0,265.0,4.0,31856156.0
sus1,eventsim,x_ss_mediastore,1790707391258.0,202.17,2246784.0,267.0,4.0,31605368.0
sus1,eventsim,x_ss_mediastore,1790707393269.0,204.18,2250164.0,268.0,4.0,31606420.0
sus1,eventsim,x_ss_mediastore,1790707395278.0,206.19,2250288.0,269.0,4.0,31606564.0
sus1,eventsim,x_ss_mediastore,1790707397088.0,208.0,2250524.0,271.0,4.0,31606524.0
sus1,eventsim,x_ss_mediastore,1790707399098.0,210.01,2250696.0,272.0,4.0,31607752.0
sus1,eventsim,x_ss_mediastore,1790707401107.0,212.02,2238084.0,273.0,4.0,31632256.0
sus1,eventsim,x_ss_mediastore,1790707403117.0,214.03,2238380.0,275.0,4.0,31633156.0
sus1,eventsim,x_ss_mediastore,1790707405126.0,216.04,2238520.0,276.0,4.0,31634300.0
sus1,eventsim,x_ss_mediastore,1790707407136.0,218.05,2238660.0,277.0,4.0,31634300.0
sus1,eventsim,x_ss_mediastore,1790707409145.0,220.06,2239212.0,279.0,4.0,31634924.0
sus1,eventsim,x_ss_mediastore,1790707411156.0,222.07,2240600.0,280.0,4.0,31624788.0
sus1,eventsim,x_ss_mediastore,1790707413165.0,224.08,2240692.0,281.0,4.0,31629668.0
sus1,eventsim,x_ss_mediastore,1790707415173.0,226.09,2240872.0,283.0,4.0,31632768.0
sus1,eventsim,x_ss_mediastore,1790707417184.0,228.1,2240968.0,284.0,4.0,31636160.0
sus1,eventsim,x_ss_mediastore,1790707419194.0,230.11,2241096.0,285.0,4.0,31637012.0
sus1,eventsim,x_ss_mediastore,1790707421203.0,232.12,2241288.0,287.0,4.0,31623800.0
sus1,eventsim,x_ss_mediastore,1790707423212.0,234.13,2241384.0,288.0,4.0,31624168.0
sus1,eventsim,x_ss_mediastore,1790707425220.0,236.14,2241476.0,289.0,4.0,31627764.0
sus1,eventsim,x_ss_mediastore,1790707427229.0,238.14,2241580.0,290.0,4.0,31628008.0
sus1,eventsim,x_ss_mediastore,1790707429239.0,240.15,2241792.0,292.0,4.0,31628836.0
sus1,eventsim,x_ss_mediastore,1790707431249.0,242.16,2241940.0,293.0,4.0,31609364.0
sus1,eventsim,x_ss_mediastore,1790707433259.0,244.17,2242060.0,293.0,4.0,31611452.0
sus1,eventsim,x_ss_mediastore,1790707435267.0,246.18,2242232.0,295.0,4.0,31614652.0
sus1,eventsim,x_ss_mediastore,1790707437277.0,248.19,2242360.0,296.0,4.0,31616684.0
sus1,eventsim,x_ss_mediastore,1790707439087.0,250.0,2347484.0,297.0,4.0,31504516.0
sus1,eventsim,x_ss_mediastore,1790707441095.0,252.01,2349248.0,298.0,4.0,31504276.0
sus1,eventsim,x_ss_mediastore,1790707443105.0,254.02,2349424.0,299.0,4.0,31504616.0
sus1,eventsim,x_ss_mediastore,1790707445113.0,256.03,2349672.0,301.0,4.0,31506252.0
sus1,eventsim,x_ss_mediastore,1790707447122.0,258.04,2349784.0,302.0,4.0,31504808.0
sus1,eventsim,x_ss_mediastore,1790707449132.0,260.05,2349900.0,303.0,4.0,31505704.0
sus1,eventsim,x_ss_mediastore,1790707451140.0,262.06,2350048.0,304.0,4.0,31503044.0
sus1,eventsim,x_ss_mediastore,1790707453149.0,264.06,2451056.0,306.0,4.0,31404692.0
sus1,eventsim,x_ss_mediastore,1790707455159.0,266.07,2452736.0,307.0,4.0,31415700.0
sus1,eventsim,x_ss_mediastore,1790707457167.0,268.08,2453008.0,308.0,4.0,31415344.0
sus1,eventsim,x_ss_mediastore,1790707459176.0,270.09,2453148.0,309.0,4.0,31413584.0
sus1,eventsim,x_ss_mediastore,1790707461185.0,272.1,2453384.0,311.0,4.0,31425396.0
sus1,eventsim,x_ss_mediastore,1790707463193.0,274.11,2453536.0,312.0,4.0,31424368.0
sus1,eventsim,x_ss_mediastore,1790707465201.0,276.12,2453644.0,313.0,4.0,31424820.0
sus1,eventsim,x_ss_mediastore,1790707467212.0,278.13,2454712.0,315.0,4.0,31424324.0
sus1,eventsim,x_ss_mediastore,1790707469221.0,280.14,2454844.0,316.0,4.0,31423976.0
sus1,eventsim,x_ss_mediastore,1790707471231.0,282.15,2455044.0,317.0,4.0,31418376.0
sus1,eventsim,x_ss_mediastore,1790707473241.0,284.16,2455240.0,318.0,4.0,31419432.0
sus1,eventsim,x_ss_mediastore,1790707475249.0,286.17,2456380.0,321.0,4.0,31420164.0
sus1,eventsim,x_ss_mediastore,1790707477259.0,288.17,2456648.0,321.0,4.0,31418248.0
sus1,eventsim,x_ss_mediastore,1790707479269.0,290.18,2456824.0,322.0,4.0,31409680.0
sus1,eventsim,x_ss_mediastore,1790707481277.0,292.19,2456960.0,323.0,4.0,31401844.0
sus1,eventsim,x_ss_mediastore,1790707483085.0,294.0,2459608.0,325.0,4.0,31401944.0
sus1,eventsim,x_ss_mediastore,1790707485094.0,296.01,2459764.0,326.0,4.0,31402828.0
sus1,eventsim,x_ss_mediastore,1790707487103.0,298.02,2460136.0,327.0,4.0,31403360.0
sus1,eventsim,x_ss_mediastore,1790707489114.0,300.03,2460152.0,327.0,4.0,31402352.0
sus1,eventsim,x_ss_mediastore,1790707491123.0,302.04,2460304.0,329.0,4.0,31402360.0
sus1,eventsim,x_ss_mediastore,1790707493133.0,304.05,2460396.0,330.0,4.0,31393628.0
sus1,eventsim,x_ss_mediastore,1790707495143.0,306.06,2460440.0,331.0,4.0,31394912.0
sus1,eventsim,x_ss_mediastore,1790707497152.0,308.07,15584.0,2.0,2.0,32815216.0
sus1,refsim,x_espresso,1790707559576.0,0.06,14932.0,2.0,1.0,33704104.0
sus1,refsim,x_espresso,1790707561584.0,2.07,431364.0,38.0,1.0,33286292.0
sus1,refsim,x_espresso,1790707563594.0,4.08,396028.0,44.0,1.0,33332432.0
sus1,refsim,x_espresso,1790707565602.0,6.09,519744.0,76.0,1.0,33208980.0
sus1,refsim,x_espresso,1790707567610.0,8.1,524888.0,75.0,1.0,33189944.0
sus1,refsim,x_espresso,1790707569619.0,10.11,689460.0,72.0,1.0,33043224.0
sus1,refsim,x_espresso,1790707571627.0,12.11,682208.0,73.0,1.0,33042352.0
sus1,refsim,x_espresso,1790707573636.0,14.12,685328.0,73.0,1.0,33044580.0
sus1,refsim,x_espresso,1790707575645.0,16.13,686576.0,72.0,1.0,33046920.0
sus1,refsim,x_espresso,1790707577655.0,18.14,692120.0,71.0,1.0,33041220.0
sus1,refsim,x_espresso,1790707579663.0,20.15,692996.0,72.0,1.0,33046012.0
sus1,refsim,x_espresso,1790707581672.0,22.16,689996.0,70.0,1.0,33040152.0
sus1,refsim,x_espresso,1790707583681.0,24.17,690708.0,69.0,1.0,33043408.0
sus1,refsim,x_espresso,1790707585689.0,26.18,691320.0,70.0,1.0,33045112.0
sus1,refsim,x_espresso,1790707587698.0,28.18,691664.0,69.0,1.0,33047624.0
sus1,refsim,x_espresso,1790707589707.0,30.19,691972.0,71.0,1.0,33050492.0
sus1,refsim,x_espresso,1790707591515.0,32.0,692288.0,71.0,1.0,33059928.0
sus1,refsim,x_espresso,1790707593524.0,34.01,693136.0,72.0,1.0,33059636.0
sus1,refsim,x_espresso,1790707595533.0,36.02,693484.0,72.0,1.0,33061300.0
sus1,refsim,x_espresso,1790707597545.0,38.03,693612.0,71.0,1.0,33060040.0
sus1,refsim,x_espresso,1790707599556.0,40.04,693760.0,69.0,1.0,33060056.0
sus1,refsim,x_espresso,1790707601567.0,42.05,693828.0,69.0,1.0,33057800.0
sus1,refsim,x_espresso,1790707603578.0,44.06,702720.0,69.0,1.0,33055560.0
sus1,refsim,x_espresso,1790707605586.0,46.07,698176.0,70.0,1.0,33062180.0
sus1,refsim,x_espresso,1790707607596.0,48.08,701164.0,69.0,1.0,33062752.0
sus1,refsim,x_espresso,1790707609606.0,50.09,701292.0,69.0,1.0,33063052.0
sus1,refsim,x_espresso,1790707611616.0,52.1,700056.0,69.0,1.0,33071540.0
sus1,refsim,x_espresso,1790707613625.0,54.11,700168.0,69.0,1.0,33057992.0
sus1,refsim,x_espresso,1790707615633.0,56.12,695364.0,69.0,1.0,33064692.0
sus1,refsim,x_espresso,1790707617643.0,58.13,705040.0,70.0,1.0,33053700.0
sus1,refsim,x_espresso,1790707619652.0,60.14,705116.0,69.0,1.0,33054484.0
sus1,refsim,x_espresso,1790707621662.0,62.15,695648.0,69.0,1.0,33062220.0
sus1,refsim,x_espresso,1790707623670.0,64.16,695740.0,69.0,1.0,33052008.0
sus1,refsim,x_espresso,1790707625679.0,66.17,695820.0,69.0,1.0,33054880.0
sus1,refsim,x_espresso,1790707627690.0,68.18,696144.0,70.0,1.0,33056900.0
sus1,refsim,x_espresso,1790707629699.0,70.19,696240.0,69.0,1.0,33056364.0
sus1,refsim,x_espresso,1790707631710.0,72.2,696396.0,69.0,1.0,33059256.0
sus1,refsim,x_espresso,1790707633519.0,74.01,698120.0,69.0,1.0,33062932.0
sus1,refsim,x_espresso,1790707635527.0,76.01,698204.0,69.0,1.0,33062480.0
sus1,refsim,x_espresso,1790707637538.0,78.02,699624.0,69.0,1.0,33058800.0
sus1,refsim,x_espresso,1790707639549.0,80.04,707484.0,69.0,1.0,33043736.0
sus1,refsim,x_espresso,1790707641559.0,82.05,701000.0,69.0,1.0,33055408.0
sus1,refsim,x_espresso,1790707643568.0,84.06,701044.0,69.0,1.0,33050704.0
sus1,refsim,x_espresso,1790707645577.0,86.06,701956.0,72.0,1.0,33052040.0
sus1,refsim,x_espresso,1790707647587.0,88.07,702044.0,69.0,1.0,33053132.0
sus1,refsim,x_espresso,1790707649597.0,90.08,702180.0,69.0,1.0,33053396.0
sus1,refsim,x_espresso,1790707651605.0,92.09,702216.0,69.0,1.0,33057012.0
sus1,refsim,x_espresso,1790707653614.0,94.1,702396.0,69.0,1.0,33058004.0
sus1,refsim,x_espresso,1790707655622.0,96.11,702456.0,69.0,1.0,33061884.0
sus1,refsim,x_espresso,1790707657632.0,98.12,702552.0,69.0,1.0,33061852.0
sus1,refsim,x_espresso,1790707659641.0,100.13,702644.0,69.0,1.0,33059588.0
sus1,refsim,x_espresso,1790707661651.0,102.14,702740.0,69.0,1.0,33058588.0
sus1,refsim,x_espresso,1790707663661.0,104.15,702780.0,69.0,1.0,33055988.0
sus1,refsim,x_espresso,1790707665670.0,106.16,702908.0,69.0,1.0,33055172.0
sus1,refsim,x_espresso,1790707667679.0,108.17,702940.0,69.0,1.0,33055508.0
sus1,refsim,x_espresso,1790707669688.0,110.17,703008.0,69.0,1.0,33057624.0
sus1,refsim,x_espresso,1790707671697.0,112.18,703076.0,69.0,1.0,33056632.0
sus1,refsim,x_espresso,1790707673706.0,114.19,703092.0,69.0,1.0,33051568.0
sus1,refsim,x_espresso,1790707675515.0,116.0,703116.0,69.0,1.0,33057396.0
sus1,refsim,x_espresso,1790707677525.0,118.01,703176.0,69.0,1.0,33055792.0
sus1,refsim,x_espresso,1790707679536.0,120.02,703232.0,69.0,1.0,33055592.0
sus1,refsim,x_ss_mediastore,1790705671817.0,0.06,15700.0,2.0,1.0,33689512.0
sus1,refsim,x_ss_mediastore,1790705673825.0,2.07,525480.0,38.0,1.0,33166940.0
sus1,refsim,x_ss_mediastore,1790705675832.0,4.08,470956.0,48.0,1.0,33132788.0
sus1,refsim,x_ss_mediastore,1790705677839.0,6.09,552444.0,50.0,1.0,33045080.0
sus1,refsim,x_ss_mediastore,1790705679847.0,8.09,576228.0,49.0,1.0,33047120.0
sus1,refsim,x_ss_mediastore,1790705681863.0,10.11,651472.0,49.0,1.0,32972740.0
sus1,refsim,x_ss_mediastore,1790705683874.0,12.12,710788.0,44.0,1.0,32925376.0
sus1,refsim,x_ss_mediastore,1790705685885.0,14.13,726196.0,44.0,1.0,32928544.0
sus1,refsim,x_ss_mediastore,1790705687895.0,16.14,729656.0,42.0,1.0,32944716.0
sus1,refsim,x_ss_mediastore,1790705689906.0,18.15,730332.0,41.0,1.0,32966724.0
sus1,refsim,x_ss_mediastore,1790705691916.0,20.16,758736.0,42.0,1.0,32925876.0
sus1,refsim,x_ss_mediastore,1790705693926.0,22.17,764752.0,41.0,1.0,32964628.0
sus1,refsim,x_ss_mediastore,1790705695935.0,24.18,765584.0,43.0,1.0,32970248.0
sus1,refsim,x_ss_mediastore,1790705697945.0,26.19,767992.0,47.0,1.0,32963140.0
sus1,refsim,x_ss_mediastore,1790705699955.0,28.2,768364.0,42.0,1.0,32965964.0
sus1,refsim,x_ss_mediastore,1790705701763.0,30.01,768720.0,42.0,1.0,32964004.0
sus1,refsim,x_ss_mediastore,1790705703773.0,32.02,768940.0,41.0,1.0,32963304.0
sus1,refsim,x_ss_mediastore,1790705705781.0,34.03,751208.0,41.0,1.0,32990532.0
sus1,refsim,x_ss_mediastore,1790705707790.0,36.04,751268.0,41.0,1.0,32994668.0
sus1,refsim,x_ss_mediastore,1790705709799.0,38.05,829388.0,41.0,1.0,32914064.0
sus1,refsim,x_ss_mediastore,1790705711808.0,40.05,835744.0,41.0,1.0,32906864.0
sus1,refsim,x_ss_mediastore,1790705713816.0,42.06,834496.0,42.0,1.0,32901036.0
sus1,refsim,x_ss_mediastore,1790705715824.0,44.07,837864.0,42.0,1.0,32907060.0
sus1,refsim,x_ss_mediastore,1790705717831.0,46.08,838040.0,42.0,1.0,32913184.0
sus1,refsim,x_ss_mediastore,1790705719839.0,48.09,838244.0,41.0,1.0,32886804.0
sus1,refsim,x_ss_mediastore,1790705721846.0,50.09,838504.0,41.0,1.0,32878964.0
sus1,refsim,x_ss_mediastore,1790705723860.0,52.1,840528.0,41.0,1.0,32887596.0
sus1,refsim,x_ss_mediastore,1790705725870.0,54.11,840840.0,42.0,1.0,32905880.0
sus1,refsim,x_ss_mediastore,1790705727881.0,56.12,840964.0,41.0,1.0,32904376.0
sus1,refsim,x_ss_mediastore,1790705729891.0,58.14,841132.0,41.0,1.0,32911504.0
sus1,refsim,x_ss_mediastore,1790705731901.0,60.15,841340.0,41.0,1.0,32899624.0
sus1,refsim,x_ss_mediastore,1790705733911.0,62.16,841508.0,41.0,1.0,32902136.0
sus1,refsim,x_ss_mediastore,1790705735921.0,64.17,846616.0,41.0,1.0,32893200.0
sus1,refsim,x_ss_mediastore,1790705737930.0,66.17,838192.0,41.0,1.0,32903956.0
sus1,refsim,x_ss_mediastore,1790705739939.0,68.18,838376.0,44.0,1.0,32904100.0
sus1,refsim,x_ss_mediastore,1790705741951.0,70.19,838576.0,43.0,1.0,32903616.0
sus1,refsim,x_ss_mediastore,1790705743760.0,72.01,838672.0,42.0,1.0,32905180.0
sus1,refsim,x_ss_mediastore,1790705745769.0,74.02,838812.0,41.0,1.0,32903624.0
sus1,refsim,x_ss_mediastore,1790705747777.0,76.02,840272.0,42.0,1.0,32903872.0
sus1,refsim,x_ss_mediastore,1790705749786.0,78.03,840364.0,41.0,1.0,32896504.0
sus1,refsim,x_ss_mediastore,1790705751795.0,80.04,934852.0,41.0,1.0,32792216.0
sus1,refsim,x_ss_mediastore,1790705753804.0,82.05,934964.0,41.0,1.0,32788884.0
sus1,refsim,x_ss_mediastore,1790705755811.0,84.06,939688.0,41.0,1.0,32797200.0
sus1,refsim,x_ss_mediastore,1790705757821.0,86.07,935152.0,41.0,1.0,32798432.0
sus1,refsim,x_ss_mediastore,1790705759830.0,88.08,935272.0,41.0,1.0,32820208.0
sus1,refsim,x_ss_mediastore,1790705761838.0,90.08,935348.0,42.0,1.0,32823216.0
sus1,refsim,x_ss_mediastore,1790705763847.0,92.09,935412.0,41.0,1.0,32814556.0
sus1,refsim,x_ss_mediastore,1790705765859.0,94.1,935576.0,41.0,1.0,32817892.0
sus1,refsim,x_ss_mediastore,1790705767870.0,96.11,935700.0,41.0,1.0,32809364.0
sus1,refsim,x_ss_mediastore,1790705769881.0,98.12,935828.0,41.0,1.0,32810120.0
sus1,refsim,x_ss_mediastore,1790705771891.0,100.13,937436.0,41.0,1.0,32804144.0
sus1,refsim,x_ss_mediastore,1790705773902.0,102.15,937636.0,41.0,1.0,32804916.0
sus1,refsim,x_ss_mediastore,1790705775912.0,104.16,937892.0,41.0,1.0,32789636.0
sus1,refsim,x_ss_mediastore,1790705777922.0,106.17,1051036.0,41.0,1.0,32671160.0
sus1,refsim,x_ss_mediastore,1790705779932.0,108.18,1052216.0,41.0,1.0,32660828.0
sus1,refsim,x_ss_mediastore,1790705781942.0,110.19,1052292.0,41.0,1.0,32832812.0
sus1,refsim,x_ss_mediastore,1790705783953.0,112.2,1052348.0,41.0,1.0,32840808.0
sus1,refsim,x_ss_mediastore,1790705785761.0,114.01,1052412.0,41.0,1.0,32821940.0
sus1,refsim,x_ss_mediastore,1790705787772.0,116.02,1052508.0,41.0,1.0,32810504.0
sus1,refsim,x_ss_mediastore,1790705789781.0,118.03,1052652.0,46.0,1.0,32841128.0
sus1,refsim,x_ss_mediastore,1790705791791.0,120.04,1052788.0,44.0,1.0,32843448.0
sus1,refsim,x_ss_mediastore,1790705793800.0,122.05,1052852.0,41.0,1.0,32847708.0
sus1,refsim,x_ss_mediastore,1790705795809.0,124.06,1067108.0,42.0,1.0,32832544.0
sus1,refsim,x_ss_mediastore,1790705797820.0,126.07,1052952.0,41.0,1.0,32839076.0
sus1,refsim,x_ss_mediastore,1790705799829.0,128.08,1053052.0,41.0,1.0,32840388.0
sus1,refsim,x_ss_mediastore,1790705801838.0,130.08,1053096.0,41.0,1.0,32840304.0
sus1,refsim,x_ss_mediastore,1790705803850.0,132.09,1053232.0,41.0,1.0,32841352.0
sus1,refsim,x_ss_mediastore,1790705805861.0,134.1,1055080.0,41.0,1.0,32836748.0
sus1,refsim,x_ss_mediastore,1790705807873.0,136.12,1058816.0,41.0,1.0,32835828.0
sus1,refsim,x_ss_mediastore,1790705809884.0,138.13,1194604.0,41.0,1.0,32682896.0
sus1,refsim,x_ss_mediastore,1790705811895.0,140.14,1194684.0,41.0,1.0,32686428.0
sus1,refsim,x_ss_mediastore,1790705813906.0,142.15,1194812.0,43.0,1.0,32691044.0
sus1,refsim,x_ss_mediastore,1790705815916.0,144.16,1194880.0,42.0,1.0,32703360.0
sus1,refsim,x_ss_mediastore,1790705817928.0,146.17,1194948.0,41.0,1.0,32706084.0
sus1,refsim,x_ss_mediastore,1790705819938.0,148.18,1195100.0,41.0,1.0,32689088.0
sus1,refsim,x_ss_mediastore,1790705821949.0,150.19,1195168.0,41.0,1.0,32690340.0
sus1,refsim,x_ss_mediastore,1790705823758.0,152.0,1195252.0,42.0,1.0,32690408.0
sus1,refsim,x_ss_mediastore,1790705825767.0,154.01,1195328.0,41.0,1.0,32692776.0
sus1,refsim,x_ss_mediastore,1790705827777.0,156.02,1195496.0,41.0,1.0,32684144.0
sus1,refsim,x_ss_mediastore,1790705829786.0,158.03,1195576.0,41.0,1.0,32667232.0
sus1,refsim,x_ss_mediastore,1790705831795.0,160.04,1195636.0,41.0,1.0,32668076.0
sus1,refsim,x_ss_mediastore,1790705833804.0,162.05,1195700.0,41.0,1.0,32672824.0
sus1,refsim,x_ss_mediastore,1790705835813.0,164.06,1195828.0,41.0,1.0,32664200.0
sus1,refsim,x_ss_mediastore,1790705837822.0,166.07,1198032.0,41.0,1.0,32670224.0
sus1,refsim,x_ss_mediastore,1790705839831.0,168.08,1198304.0,42.0,1.0,32672396.0
sus1,refsim,x_ss_mediastore,1790705841840.0,170.09,1198356.0,41.0,1.0,32669384.0
sus1,refsim,x_ss_mediastore,1790705843853.0,172.09,1198460.0,44.0,1.0,32701536.0
sus1,refsim,x_ss_mediastore,1790705845864.0,174.11,1200244.0,45.0,1.0,32704876.0
sus1,refsim,x_ss_mediastore,1790705847876.0,176.12,1338112.0,43.0,1.0,32562352.0
sus1,refsim,x_ss_mediastore,1790705849886.0,178.13,1338180.0,41.0,1.0,32557764.0
sus1,refsim,x_ss_mediastore,1790705851897.0,180.14,1338264.0,41.0,1.0,32558020.0
sus1,refsim,x_ss_mediastore,1790705853906.0,182.15,1338324.0,41.0,1.0,32555508.0
sus1,refsim,x_ss_mediastore,1790705855917.0,184.16,1338372.0,41.0,1.0,32554240.0
sus1,refsim,x_ss_mediastore,1790705857927.0,186.17,1338484.0,41.0,1.0,32555480.0
sus1,refsim,x_ss_mediastore,1790705859939.0,188.18,1338552.0,41.0,1.0,32548032.0
sus1,refsim,x_ss_mediastore,1790705861950.0,190.19,1338632.0,41.0,1.0,32545968.0
sus1,refsim,x_ss_mediastore,1790705863760.0,192.01,1338716.0,41.0,1.0,32545952.0
sus1,refsim,x_ss_mediastore,1790705865769.0,194.02,1338816.0,41.0,1.0,32540664.0
sus1,refsim,x_ss_mediastore,1790705867778.0,196.02,1338892.0,41.0,1.0,32520996.0
sus1,refsim,x_ss_mediastore,1790705869787.0,198.03,1338968.0,41.0,1.0,32510900.0
sus1,refsim,x_ss_mediastore,1790705871797.0,200.04,1339036.0,41.0,1.0,32511528.0
sus1,refsim,x_ss_mediastore,1790705873806.0,202.05,1341284.0,41.0,1.0,32510888.0
sus1,refsim,x_ss_mediastore,1790705875814.0,204.06,1341368.0,41.0,1.0,32508984.0
sus1,refsim,x_ss_mediastore,1790705877823.0,206.07,1341424.0,41.0,1.0,32511644.0
sus1,refsim,x_ss_mediastore,1790705879832.0,208.08,1341536.0,41.0,1.0,32519684.0
sus1,refsim,x_ss_mediastore,1790705881840.0,210.09,1341628.0,41.0,1.0,32537304.0
sus1,refsim,x_ss_mediastore,1790705883856.0,212.1,1341872.0,41.0,1.0,32538688.0
sus1,refsim,x_ss_mediastore,1790705885865.0,214.11,1341944.0,41.0,1.0,32539956.0
sus1,refsim,x_ss_mediastore,1790705887876.0,216.12,1342036.0,41.0,1.0,32528860.0
sus1,refsim,x_ss_mediastore,1790705889887.0,218.13,1342172.0,41.0,1.0,32529872.0
sus1,refsim,x_ss_mediastore,1790705891898.0,220.14,1342236.0,41.0,1.0,32520568.0
sus1,refsim,x_ss_mediastore,1790705893910.0,222.15,1342292.0,41.0,1.0,32520572.0
sus1,refsim,x_ss_mediastore,1790705895922.0,224.16,1342372.0,41.0,1.0,32508724.0
sus1,refsim,x_ss_mediastore,1790705897933.0,226.18,1342452.0,42.0,1.0,32508072.0
sus1,refsim,x_ss_mediastore,1790705899944.0,228.19,1342740.0,46.0,1.0,32509996.0
sus1,refsim,x_ss_mediastore,1790705901956.0,230.2,1342840.0,43.0,1.0,32507928.0
sus1,refsim,x_ss_mediastore,1790705903764.0,232.01,1344080.0,41.0,1.0,32522952.0
sus1,refsim,x_ss_mediastore,1790705905773.0,234.02,1344140.0,41.0,1.0,32534764.0
sus1,refsim,x_ss_mediastore,1790705907783.0,236.03,1339468.0,41.0,1.0,32541344.0
sus1,refsim,x_ss_mediastore,1790705909793.0,238.04,1339556.0,41.0,1.0,32537148.0
sus1,refsim,x_ss_mediastore,1790705911802.0,240.05,1339648.0,41.0,1.0,32539168.0
sus1,refsim,x_ss_mediastore,1790705913812.0,242.06,1339720.0,41.0,1.0,32541868.0
sus1,refsim,x_ss_mediastore,1790705915820.0,244.07,1339852.0,41.0,1.0,32535968.0
sus1,refsim,x_ss_mediastore,1790705917829.0,246.08,1339924.0,41.0,1.0,32539944.0
sus1,refsim,x_ss_mediastore,1790705919838.0,248.08,1340072.0,41.0,1.0,32541732.0
sus1,refsim,x_ss_mediastore,1790705921853.0,250.09,1340140.0,41.0,1.0,32549656.0
sus1,refsim,x_ss_mediastore,1790705923865.0,252.11,1340224.0,41.0,1.0,32548748.0
sus1,refsim,x_ss_mediastore,1790705925876.0,254.12,1340344.0,41.0,1.0,32537860.0
sus1,refsim,x_ss_mediastore,1790705927884.0,256.13,1343000.0,41.0,1.0,32537492.0
sus1,refsim,x_ss_mediastore,1790705929895.0,258.14,1343092.0,41.0,1.0,32541860.0
sus1,refsim,x_ss_mediastore,1790705931905.0,260.15,1353392.0,43.0,1.0,32532568.0
sus1,refsim,x_ss_mediastore,1790705933916.0,262.16,1341924.0,42.0,1.0,32543260.0
sus1,refsim,x_ss_mediastore,1790705935928.0,264.17,1342048.0,42.0,1.0,32533580.0
sus1,refsim,x_ss_mediastore,1790705937939.0,266.18,1342100.0,41.0,1.0,32534632.0
sus1,refsim,x_ss_mediastore,1790705939950.0,268.19,1342236.0,41.0,1.0,32539980.0
sus1,refsim,x_ss_mediastore,1790705941760.0,270.01,1342324.0,41.0,1.0,32544832.0
sus1,refsim,x_ss_mediastore,1790705943770.0,272.02,1342384.0,41.0,1.0,32542816.0
sus1,refsim,x_ss_mediastore,1790705945778.0,274.03,1342508.0,41.0,1.0,32527460.0
sus1,refsim,x_ss_mediastore,1790705947788.0,276.03,1342584.0,41.0,1.0,32531220.0
sus1,refsim,x_ss_mediastore,1790705949796.0,278.04,1342712.0,41.0,1.0,32530684.0
sus1,refsim,x_ss_mediastore,1790705951805.0,280.05,1342772.0,41.0,1.0,32527492.0
sus1,refsim,x_ss_mediastore,1790705953815.0,282.06,1342924.0,41.0,1.0,32527728.0
sus1,refsim,x_ss_mediastore,1790705955822.0,284.07,1343000.0,41.0,1.0,32533744.0
sus1,refsim,x_ss_mediastore,1790705957830.0,286.08,1343124.0,41.0,1.0,32538432.0
sus1,refsim,x_ss_mediastore,1790705959839.0,288.09,1343204.0,41.0,1.0,32539268.0
sus1,refsim,x_ss_mediastore,1790705961852.0,290.09,1343292.0,41.0,1.0,32538256.0
sus1,refsim,x_ss_mediastore,1790705963863.0,292.11,1343352.0,41.0,1.0,32538256.0
sus1,refsim,x_ss_mediastore,1790705965874.0,294.12,1343492.0,41.0,1.0,32544948.0
sus1,refsim,x_ss_mediastore,1790705967885.0,296.13,1343564.0,41.0,1.0,32544296.0
sus1,refsim,x_ss_mediastore,1790705969895.0,298.14,1346000.0,41.0,1.0,32541944.0
sus1,refsim,x_ss_mediastore,1790705971905.0,300.15,1346128.0,41.0,1.0,32541812.0
sus1,simoxide,x_espresso,1790738765948.0,0.0,3896.0,2.0,1.0,6216028.0
sus1,simoxide,x_espresso,1790738767965.0,2.01,4484.0,2.0,1.0,6219948.0
sus1,simoxide,x_espresso,1790738769981.0,4.03,4920.0,2.0,1.0,6230248.0
sus1,simoxide,x_espresso,1790738771997.0,6.05,5380.0,2.0,1.0,6245984.0
sus1,simoxide,x_espresso,1790738774009.0,8.06,5836.0,2.0,1.0,6260456.0
sus1,simoxide,x_espresso,1790738776024.0,10.08,6304.0,2.0,1.0,6249136.0
sus1,simoxide,x_espresso,1790738778036.0,12.09,6756.0,2.0,1.0,6242924.0
sus1,simoxide,x_espresso,1790738780050.0,14.1,7224.0,2.0,1.0,6241808.0
sus1,simoxide,x_espresso,1790738782062.0,16.11,7664.0,2.0,1.0,6242940.0
sus1,simoxide,x_espresso,1790738784073.0,18.13,8128.0,2.0,1.0,6242128.0
sus1,simoxide,x_espresso,1790738786085.0,20.14,8560.0,2.0,1.0,6230536.0
sus1,simoxide,x_espresso,1790738788097.0,22.15,9016.0,2.0,1.0,6226748.0
sus1,simoxide,x_espresso,1790738790109.0,24.16,9484.0,2.0,1.0,6224196.0
sus1,simoxide,x_espresso,1790738792121.0,26.17,9924.0,2.0,1.0,6221756.0
sus1,simoxide,x_espresso,1790738794133.0,28.19,10408.0,2.0,1.0,6225992.0
sus1,simoxide,x_espresso,1790738796145.0,30.2,10836.0,2.0,1.0,6921820.0
sus1,simoxide,x_espresso,1790738797960.0,32.01,11260.0,2.0,1.0,6909752.0
sus1,simoxide,x_espresso,1790738799978.0,34.03,11736.0,2.0,1.0,6909920.0
sus1,simoxide,x_espresso,1790738801994.0,36.04,12180.0,2.0,1.0,6910888.0
sus1,simoxide,x_espresso,1790738804008.0,38.06,12644.0,2.0,1.0,8693744.0
sus1,simoxide,x_espresso,1790738806026.0,40.08,13100.0,2.0,1.0,8695484.0
sus1,simoxide,x_espresso,1790738808040.0,42.09,13524.0,2.0,1.0,9935796.0
sus1,simoxide,x_espresso,1790738810056.0,44.11,13996.0,2.0,1.0,9948028.0
sus1,simoxide,x_espresso,1790738812069.0,46.12,14460.0,2.0,1.0,9950880.0
sus1,simoxide,x_espresso,1790738814080.0,48.13,14904.0,2.0,1.0,9951020.0
sus1,simoxide,x_espresso,1790738816091.0,50.14,15332.0,2.0,1.0,9737408.0
sus1,simoxide,x_espresso,1790738818103.0,52.16,15768.0,2.0,1.0,9669896.0
sus1,simoxide,x_espresso,1790738820115.0,54.17,16196.0,2.0,1.0,9724288.0
sus1,simoxide,x_espresso,1790738822127.0,56.18,16664.0,2.0,1.0,9746212.0
sus1,simoxide,x_espresso,1790738824138.0,58.19,17120.0,2.0,1.0,9772992.0
sus1,simoxide,x_espresso,1790738825960.0,60.01,17388.0,1.0,1.0,9775996.0
sus1,simoxide,x_ss_mediastore,1790738704855.0,0.0,4708.0,2.0,1.0,6032588.0
sus1,simoxide,x_ss_mediastore,1790738706871.0,2.01,5220.0,2.0,1.0,6038356.0
sus1,simoxide,x_ss_mediastore,1790738708885.0,4.03,4924.0,2.0,1.0,6035516.0
sus1,simoxide,x_ss_mediastore,1790738710899.0,6.04,5840.0,2.0,1.0,6042068.0
sus1,simoxide,x_ss_mediastore,1790738712913.0,8.06,5224.0,2.0,1.0,6071388.0
sus1,simoxide,x_ss_mediastore,1790738714925.0,10.07,5576.0,2.0,1.0,6088112.0
sus1,simoxide,x_ss_mediastore,1790738716939.0,12.08,5236.0,2.0,1.0,6012696.0
sus1,simoxide,x_ss_mediastore,1790738718951.0,14.1,5320.0,2.0,1.0,6034796.0
sus1,simoxide,x_ss_mediastore,1790738720966.0,16.11,6128.0,2.0,1.0,6060328.0
sus1,simoxide,x_ss_mediastore,1790738722980.0,18.13,5600.0,2.0,1.0,6060060.0
sus1,simoxide,x_ss_mediastore,1790738724995.0,20.14,5540.0,2.0,1.0,6157372.0
sus1,simoxide,x_ss_mediastore,1790738727011.0,22.15,6324.0,2.0,1.0,6165728.0
sus1,simoxide,x_ss_mediastore,1790738729024.0,24.17,5852.0,2.0,1.0,6167220.0
sus1,simoxide,x_ss_mediastore,1790738731037.0,26.18,6088.0,2.0,1.0,6161476.0
sus1,simoxide,x_ss_mediastore,1790738733049.0,28.2,5908.0,2.0,1.0,6166328.0
sus1,simoxide,x_ss_mediastore,1790738734861.0,30.01,5860.0,2.0,1.0,6155712.0
sus1,simoxide,x_ss_mediastore,1790738736875.0,32.02,6176.0,2.0,1.0,6144020.0
sus1,simoxide,x_ss_mediastore,1790738738886.0,34.03,6040.0,2.0,1.0,6146416.0
sus1,simoxide,x_ss_mediastore,1790738740901.0,36.04,6324.0,2.0,1.0,6163412.0
sus1,simoxide,x_ss_mediastore,1790738742918.0,38.06,6128.0,2.0,1.0,6184500.0
sus1,simoxide,x_ss_mediastore,1790738744930.0,40.08,6584.0,2.0,1.0,6162836.0
sus1,simoxide,x_ss_mediastore,1790738746944.0,42.09,6480.0,2.0,1.0,6168792.0
sus1,simoxide,x_ss_mediastore,1790738748956.0,44.1,6572.0,2.0,1.0,6159424.0
sus1,simoxide,x_ss_mediastore,1790738750974.0,46.12,6484.0,2.0,1.0,6155144.0
sus1,simoxide,x_ss_mediastore,1790738752991.0,48.13,7228.0,2.0,1.0,6161356.0
sus1,simoxide,x_ss_mediastore,1790738755005.0,50.15,7280.0,2.0,1.0,6159552.0
sus1,simoxide,x_ss_mediastore,1790738757021.0,52.16,6856.0,2.0,1.0,6163208.0
sus1,simoxide,x_ss_mediastore,1790738759034.0,54.18,6800.0,2.0,1.0,6185464.0
sus1,simoxide,x_ss_mediastore,1790738761046.0,56.19,7480.0,2.0,1.0,6248688.0
sus1,simoxide,x_ss_mediastore,1790738762858.0,58.01,6972.0,2.0,1.0,6239236.0
sus1,simoxide,x_ss_mediastore,1790738764870.0,60.02,6608.0,1.0,1.0,6217504.0
sus1,simucom,x_espresso,1790708050575.0,0.0,3712.0,1.0,1.0,33751364.0
sus1,simucom,x_espresso,1790708052584.0,2.01,461296.0,72.0,2.0,33237808.0
sus1,simucom,x_espresso,1790708054593.0,4.02,419904.0,82.0,2.0,33271668.0
sus1,simucom,x_espresso,1790708056601.0,6.03,782584.0,108.0,2.0,32956804.0
sus1,simucom,x_espresso,1790708058610.0,8.03,835732.0,141.0,2.0,32896648.0
sus1,simucom,x_espresso,1790708060618.0,10.04,1425752.0,145.0,2.0,32392316.0
sus1,simucom,x_espresso,1790708062628.0,12.05,1881368.0,142.0,2.0,31933372.0
sus1,simucom,x_espresso,1790708064637.0,14.06,1896820.0,140.0,2.0,31885288.0
sus1,simucom,x_espresso,1790708066646.0,16.07,1911880.0,141.0,2.0,31868484.0
sus1,simucom,x_espresso,1790708068654.0,18.08,1917024.0,143.0,2.0,31864212.0
sus1,simucom,x_espresso,1790708070663.0,20.09,1914704.0,141.0,2.0,31861972.0
sus1,simucom,x_espresso,1790708072672.0,22.1,1918940.0,142.0,2.0,31852008.0
sus1,simucom,x_espresso,1790708074680.0,24.11,1937368.0,140.0,2.0,31851316.0
sus1,simucom,x_espresso,1790708076689.0,26.11,1953408.0,142.0,2.0,31850340.0
sus1,simucom,x_espresso,1790708078698.0,28.12,1963504.0,143.0,2.0,31844316.0
sus1,simucom,x_espresso,1790708080706.0,30.13,1950472.0,140.0,2.0,31857524.0
sus1,simucom,x_espresso,1790708082715.0,32.14,1973856.0,142.0,2.0,31844188.0
sus1,simucom,x_espresso,1790708084723.0,34.15,1978456.0,141.0,2.0,31829712.0
sus1,simucom,x_espresso,1790708086733.0,36.16,1977320.0,142.0,2.0,31841388.0
sus1,simucom,x_espresso,1790708088742.0,38.17,1987172.0,140.0,2.0,31835296.0
sus1,simucom,x_espresso,1790708090751.0,40.18,1973016.0,141.0,2.0,31851304.0
sus1,simucom,x_espresso,1790708092760.0,42.19,1976396.0,140.0,2.0,31849968.0
sus1,simucom,x_espresso,1790708094770.0,44.2,1981420.0,141.0,2.0,31841120.0
sus1,simucom,x_espresso,1790708096577.0,46.0,1982340.0,141.0,2.0,31840464.0
sus1,simucom,x_espresso,1790708098587.0,48.01,1985104.0,141.0,2.0,31839636.0
sus1,simucom,x_espresso,1790708100595.0,50.02,1986160.0,140.0,2.0,31840480.0
sus1,simucom,x_espresso,1790708102603.0,52.03,1987360.0,142.0,2.0,31840392.0
sus1,simucom,x_espresso,1790708104611.0,54.04,1988144.0,141.0,2.0,31842048.0
sus1,simucom,x_espresso,1790708106619.0,56.04,1989560.0,140.0,2.0,31844668.0
sus1,simucom,x_espresso,1790708108629.0,58.05,1990284.0,141.0,2.0,31843256.0
sus1,simucom,x_espresso,1790708110637.0,60.06,1991396.0,155.0,2.0,31843396.0
sus1,simucom,x_espresso,1790708112645.0,62.07,2001764.0,141.0,2.0,31825280.0
sus1,simucom,x_espresso,1790708114654.0,64.08,2002556.0,141.0,2.0,31820552.0
sus1,simucom,x_espresso,1790708116663.0,66.09,2021568.0,139.0,2.0,31794552.0
sus1,simucom,x_espresso,1790708118671.0,68.1,2022496.0,140.0,2.0,31796188.0
sus1,simucom,x_espresso,1790708120680.0,70.1,2023236.0,139.0,2.0,31796172.0
sus1,simucom,x_espresso,1790708122687.0,72.11,2024360.0,139.0,2.0,31794944.0
sus1,simucom,x_espresso,1790708124696.0,74.12,2025356.0,140.0,2.0,31772564.0
sus1,simucom,x_espresso,1790708126704.0,76.13,2026580.0,140.0,2.0,31773736.0
sus1,simucom,x_espresso,1790708128712.0,78.14,2031500.0,139.0,2.0,31784452.0
sus1,simucom,x_espresso,1790708130721.0,80.15,2032860.0,139.0,2.0,31785592.0
sus1,simucom,x_espresso,1790708132731.0,82.16,2025232.0,140.0,2.0,31794180.0
sus1,simucom,x_espresso,1790708134740.0,84.17,2027736.0,140.0,2.0,31790848.0
sus1,simucom,x_espresso,1790708136750.0,86.18,2030928.0,139.0,2.0,31788020.0
sus1,simucom,x_espresso,1790708138759.0,88.18,2032072.0,139.0,2.0,31788300.0
sus1,simucom,x_espresso,1790708140768.0,90.19,2032796.0,140.0,2.0,31787180.0
sus1,simucom,x_espresso,1790708142575.0,92.0,2044688.0,141.0,2.0,31771176.0
sus1,simucom,x_espresso,1790708144583.0,94.01,2045804.0,140.0,2.0,31769756.0
sus1,simucom,x_espresso,1790708146592.0,96.02,2046536.0,140.0,2.0,31768864.0
sus1,simucom,x_espresso,1790708148600.0,98.02,2047440.0,140.0,2.0,31770236.0
sus1,simucom,x_espresso,1790708150608.0,100.03,2048068.0,139.0,2.0,31769480.0
sus1,simucom,x_espresso,1790708152615.0,102.04,2048844.0,139.0,2.0,31769656.0
sus1,simucom,x_espresso,1790708154625.0,104.05,2049728.0,139.0,2.0,31779972.0
sus1,simucom,x_espresso,1790708156634.0,106.06,2050660.0,140.0,2.0,31780748.0
sus1,simucom,x_espresso,1790708158642.0,108.07,2051304.0,140.0,2.0,31782564.0
sus1,simucom,x_espresso,1790708160651.0,110.08,2052168.0,140.0,2.0,31781860.0
sus1,simucom,x_espresso,1790708162658.0,112.08,2053036.0,140.0,2.0,31779616.0
sus1,simucom,x_espresso,1790708164667.0,114.09,2053428.0,139.0,2.0,31773764.0
sus1,simucom,x_espresso,1790708166675.0,116.1,2056224.0,139.0,2.0,31773920.0
sus1,simucom,x_espresso,1790708168684.0,118.11,2056812.0,139.0,2.0,31778400.0
sus1,simucom,x_espresso,1790708170693.0,120.12,2065532.0,140.0,2.0,31763588.0
sus1,simucom,x_espresso,1790708172701.0,122.13,2058492.0,140.0,2.0,31768968.0
sus1,simucom,x_ss_mediastore,1790706884522.0,0.0,3704.0,1.0,1.0,33888728.0
sus1,simucom,x_ss_mediastore,1790706886533.0,2.01,447748.0,71.0,2.0,33366596.0
sus1,simucom,x_ss_mediastore,1790706888541.0,4.02,421312.0,83.0,2.0,33410768.0
sus1,simucom,x_ss_mediastore,1790706890551.0,6.03,573596.0,81.0,2.0,33279088.0
sus1,simucom,x_ss_mediastore,1790706892561.0,8.04,780820.0,108.0,2.0,33060640.0
sus1,simucom,x_ss_mediastore,1790706894570.0,10.05,814104.0,111.0,2.0,33032968.0
sus1,simucom,x_ss_mediastore,1790706896579.0,12.06,1109936.0,103.0,2.0,32688484.0
sus1,simucom,x_ss_mediastore,1790706898588.0,14.07,1269984.0,105.0,2.0,32621528.0
sus1,simucom,x_ss_mediastore,1790706900597.0,16.08,1573156.0,105.0,2.0,32354364.0
sus1,simucom,x_ss_mediastore,1790706902605.0,18.08,1600112.0,104.0,2.0,32333692.0
sus1,simucom,x_ss_mediastore,1790706904614.0,20.09,1561436.0,107.0,2.0,32291280.0
sus1,simucom,x_ss_mediastore,1790706906624.0,22.1,1597452.0,109.0,2.0,32297576.0
sus1,simucom,x_ss_mediastore,1790706908632.0,24.11,1604312.0,102.0,2.0,32279644.0
sus1,simucom,x_ss_mediastore,1790706910640.0,26.12,1619888.0,102.0,2.0,32285888.0
sus1,simucom,x_ss_mediastore,1790706912649.0,28.13,1633832.0,104.0,2.0,32287488.0
sus1,simucom,x_ss_mediastore,1790706914659.0,30.14,1621560.0,103.0,2.0,32312068.0
sus1,simucom,x_ss_mediastore,1790706916668.0,32.15,1637088.0,103.0,2.0,32305452.0
sus1,simucom,x_ss_mediastore,1790706918676.0,34.16,1661892.0,103.0,2.0,32287972.0
sus1,simucom,x_ss_mediastore,1790706920684.0,36.16,1676256.0,104.0,2.0,32285516.0
sus1,simucom,x_ss_mediastore,1790706922693.0,38.17,1677844.0,102.0,2.0,32285972.0
sus1,simucom,x_ss_mediastore,1790706924702.0,40.18,1669048.0,102.0,2.0,32298952.0
sus1,simucom,x_ss_mediastore,1790706926710.0,42.19,1674284.0,102.0,2.0,32295740.0
sus1,simucom,x_ss_mediastore,1790706928718.0,44.2,1676112.0,102.0,2.0,32297624.0
sus1,simucom,x_ss_mediastore,1790706930526.0,46.0,1664592.0,104.0,2.0,32302320.0
sus1,simucom,x_ss_mediastore,1790706932534.0,48.01,1665508.0,104.0,2.0,32302896.0
sus1,simucom,x_ss_mediastore,1790706934543.0,50.02,1666336.0,103.0,2.0,32301380.0
sus1,simucom,x_ss_mediastore,1790706936552.0,52.03,1683580.0,101.0,2.0,32278860.0
sus1,simucom,x_ss_mediastore,1790706938561.0,54.04,1684920.0,102.0,2.0,32281732.0
sus1,simucom,x_ss_mediastore,1790706940571.0,56.05,1676428.0,101.0,2.0,32282660.0
sus1,simucom,x_ss_mediastore,1790706942582.0,58.06,1677476.0,102.0,2.0,32281444.0
sus1,simucom,x_ss_mediastore,1790706944593.0,60.07,1679740.0,102.0,2.0,32286616.0
sus1,simucom,x_ss_mediastore,1790706946603.0,62.08,1683312.0,103.0,2.0,32286780.0
sus1,simucom,x_ss_mediastore,1790706948612.0,64.09,1686564.0,102.0,2.0,32282852.0
sus1,simucom,x_ss_mediastore,1790706950620.0,66.1,1681416.0,102.0,2.0,32294600.0
sus1,simucom,x_ss_mediastore,1790706952630.0,68.11,1682640.0,101.0,2.0,32292848.0
sus1,simucom,x_ss_mediastore,1790706954639.0,70.12,1684012.0,102.0,2.0,32294256.0
sus1,simucom,x_ss_mediastore,1790706956648.0,72.13,1685436.0,103.0,2.0,32291276.0
sus1,simucom,x_ss_mediastore,1790706958656.0,74.14,1686656.0,102.0,2.0,32293484.0
sus1,simucom,x_ss_mediastore,1790706960664.0,76.14,1687164.0,103.0,2.0,32281204.0
sus1,simucom,x_ss_mediastore,1790706962673.0,78.15,1688188.0,101.0,2.0,32290520.0
sus1,simucom,x_ss_mediastore,1790706964681.0,80.16,1689028.0,102.0,2.0,32292912.0
sus1,simucom,x_ss_mediastore,1790706966690.0,82.17,1689904.0,101.0,2.0,32285788.0
sus1,simucom,x_ss_mediastore,1790706968697.0,84.18,1690764.0,104.0,2.0,32282140.0
sus1,simucom,x_ss_mediastore,1790706970706.0,86.18,1707488.0,104.0,2.0,32274208.0
sus1,simucom,x_ss_mediastore,1790706972714.0,88.19,1708488.0,101.0,2.0,32272672.0
sus1,simucom,x_ss_mediastore,1790706974522.0,90.0,1709316.0,101.0,2.0,32270392.0
sus1,simucom,x_ss_mediastore,1790706976530.0,92.01,1717104.0,104.0,2.0,32262252.0
sus1,simucom,x_ss_mediastore,1790706978538.0,94.02,1718060.0,103.0,2.0,32257696.0
sus1,simucom,x_ss_mediastore,1790706980550.0,96.03,1711564.0,102.0,2.0,32259148.0
sus1,simucom,x_ss_mediastore,1790706982561.0,98.04,1712492.0,102.0,2.0,32261256.0
sus1,simucom,x_ss_mediastore,1790706984570.0,100.05,1715860.0,102.0,2.0,32262968.0
sus1,simucom,x_ss_mediastore,1790706986579.0,102.06,1716932.0,104.0,2.0,32262856.0
sus1,simucom,x_ss_mediastore,1790706988588.0,104.07,1717884.0,102.0,2.0,32260176.0
sus1,simucom,x_ss_mediastore,1790706990598.0,106.08,1719412.0,102.0,2.0,32264644.0
sus1,simucom,x_ss_mediastore,1790706992607.0,108.09,1720164.0,102.0,2.0,32264576.0
sus1,simucom,x_ss_mediastore,1790706994617.0,110.1,1722460.0,102.0,2.0,32264488.0
sus1,simucom,x_ss_mediastore,1790706996625.0,112.1,1723340.0,102.0,2.0,32265124.0
sus1,simucom,x_ss_mediastore,1790706998635.0,114.11,1724476.0,102.0,2.0,32259292.0
sus1,simucom,x_ss_mediastore,1790707000645.0,116.12,1724752.0,101.0,2.0,32250332.0
sus1,simucom,x_ss_mediastore,1790707002654.0,118.13,1725496.0,101.0,2.0,32249820.0
sus1,simucom,x_ss_mediastore,1790707004662.0,120.14,1726736.0,102.0,2.0,32251128.0
sus1,simucom,x_ss_mediastore,1790707006671.0,122.15,1729072.0,101.0,2.0,32247280.0
sus1,simucom,x_ss_mediastore,1790707008680.0,124.16,1729640.0,101.0,2.0,32247572.0
sus1,simucom,x_ss_mediastore,1790707010689.0,126.17,1730180.0,101.0,2.0,32244712.0
sus1,simucom,x_ss_mediastore,1790707012698.0,128.18,1730668.0,101.0,2.0,32243536.0
sus1,simucom,x_ss_mediastore,1790707014707.0,130.19,1731224.0,101.0,2.0,32244188.0
sus1,simucom,x_ss_mediastore,1790707016716.0,132.19,1733404.0,101.0,2.0,32244652.0
sus1,simucom,x_ss_mediastore,1790707018524.0,134.0,1734000.0,101.0,2.0,32244432.0
sus1,simucom,x_ss_mediastore,1790707020532.0,136.01,1735416.0,101.0,2.0,32241316.0
sus1,simucom,x_ss_mediastore,1790707022542.0,138.02,1735948.0,101.0,2.0,32244832.0
sus1,simucom,x_ss_mediastore,1790707024553.0,140.03,1736668.0,102.0,2.0,32244908.0
sus1,simucom,x_ss_mediastore,1790707026563.0,142.04,1736724.0,100.0,2.0,32241792.0
sus1,simucom,x_ss_mediastore,1790707028573.0,144.05,1737348.0,101.0,2.0,32238284.0
sus1,simucom,x_ss_mediastore,1790707030582.0,146.06,1738072.0,101.0,2.0,32237228.0
sus1,simucom,x_ss_mediastore,1790707032591.0,148.07,1745356.0,103.0,2.0,32231152.0
sus1,simucom,x_ss_mediastore,1790707034601.0,150.08,1745984.0,102.0,2.0,32230604.0
sus1,simucom,x_ss_mediastore,1790707036611.0,152.09,1738504.0,101.0,2.0,32241196.0
sus1,simucom,x_ss_mediastore,1790707038621.0,154.1,1739044.0,101.0,2.0,32242236.0
sus1,simucom,x_ss_mediastore,1790707040629.0,156.11,1739704.0,101.0,2.0,32229676.0
sus1,simucom,x_ss_mediastore,1790707042639.0,158.12,1740372.0,101.0,2.0,32223040.0
sus1,simucom,x_ss_mediastore,1790707044647.0,160.13,1740904.0,101.0,2.0,32232612.0
sus1,simucom,x_ss_mediastore,1790707046656.0,162.14,1741500.0,101.0,2.0,32231916.0
sus1,simucom,x_ss_mediastore,1790707048665.0,164.14,1742008.0,101.0,2.0,32232568.0
sus1,simucom,x_ss_mediastore,1790707050674.0,166.15,1742184.0,100.0,2.0,32236412.0
sus1,simucom,x_ss_mediastore,1790707052682.0,168.16,1742764.0,100.0,2.0,32242548.0
sus1,simucom,x_ss_mediastore,1790707054690.0,170.17,1743492.0,100.0,2.0,32245736.0
sus1,simucom,x_ss_mediastore,1790707056699.0,172.18,1744056.0,100.0,2.0,32236596.0
sus1,simucom,x_ss_mediastore,1790707058710.0,174.19,1744620.0,101.0,2.0,32237512.0
sus1,simucom,x_ss_mediastore,1790707060719.0,176.2,1745048.0,101.0,2.0,32218928.0
sus1,simucom,x_ss_mediastore,1790707062527.0,178.01,1749000.0,101.0,2.0,32218308.0
sus1,simucom,x_ss_mediastore,1790707064536.0,180.01,1749436.0,101.0,2.0,32221428.0
sus1,simucom,x_ss_mediastore,1790707066546.0,182.02,1750008.0,101.0,2.0,32221384.0
sus1,simucom,x_ss_mediastore,1790707068556.0,184.03,1750484.0,101.0,2.0,32223972.0
sus1,simucom,x_ss_mediastore,1790707070567.0,186.05,1750892.0,101.0,2.0,32221044.0
sus1,simucom,x_ss_mediastore,1790707072577.0,188.06,1751300.0,100.0,2.0,32218988.0
sus1,simucom,x_ss_mediastore,1790707074586.0,190.07,1751364.0,99.0,2.0,32223228.0
sus1,simucom,x_ss_mediastore,1790707076595.0,192.07,1752048.0,99.0,2.0,32225984.0
sus1,simucom,x_ss_mediastore,1790707078604.0,194.08,1752636.0,99.0,2.0,32231072.0
sus1,simucom,x_ss_mediastore,1790707080614.0,196.09,1753260.0,99.0,2.0,32221524.0
sus1,simucom,x_ss_mediastore,1790707082623.0,198.1,1753752.0,99.0,2.0,32222256.0
sus1,simucom,x_ss_mediastore,1790707084633.0,200.11,1754328.0,99.0,2.0,32224600.0
sus1,simucom,x_ss_mediastore,1790707086643.0,202.12,1754776.0,99.0,2.0,32222176.0
sus1,simucom,x_ss_mediastore,1790707088652.0,204.13,1755504.0,100.0,2.0,32221544.0
sus1,simucom,x_ss_mediastore,1790707090661.0,206.14,1756048.0,100.0,2.0,32207980.0
sus1,simucom,x_ss_mediastore,1790707092670.0,208.15,1756536.0,100.0,2.0,32208528.0
sus1,simucom,x_ss_mediastore,1790707094678.0,210.16,1757116.0,100.0,2.0,32210932.0
sus1,simucom,x_ss_mediastore,1790707096687.0,212.17,1757660.0,100.0,2.0,32209832.0
sus1,simucom,x_ss_mediastore,1790707098695.0,214.17,1758224.0,100.0,2.0,32210036.0
sus1,simucom,x_ss_mediastore,1790707100704.0,216.18,1758348.0,102.0,2.0,32209636.0
sus1,simucom,x_ss_mediastore,1790707102712.0,218.19,1759116.0,101.0,2.0,32206120.0
sus1,simucom,x_ss_mediastore,1790707104720.0,220.2,1759716.0,99.0,2.0,32208672.0
sus1,simucom,x_ss_mediastore,1790707106529.0,222.01,1760248.0,99.0,2.0,32205340.0
sus1,simucom,x_ss_mediastore,1790707108538.0,224.02,1760968.0,100.0,2.0,32208728.0
sus1,simucom,x_ss_mediastore,1790707110550.0,226.03,1897504.0,100.0,2.0,32061516.0
sus1,simucom,x_ss_mediastore,1790707112560.0,228.04,1898124.0,100.0,2.0,32062656.0
sus1,simucom,x_ss_mediastore,1790707114570.0,230.05,1898724.0,100.0,2.0,32066192.0
sus1,simucom,x_ss_mediastore,1790707116581.0,232.06,1899400.0,100.0,2.0,32070548.0
sus1,simucom,x_ss_mediastore,1790707118592.0,234.07,1899920.0,100.0,2.0,32070352.0
sus1,simucom,x_ss_mediastore,1790707120602.0,236.08,1900012.0,99.0,2.0,32058068.0
sus1,simucom,x_ss_mediastore,1790707122611.0,238.09,1900588.0,99.0,2.0,32059880.0
sus1,simucom,x_ss_mediastore,1790707124619.0,240.1,1901268.0,99.0,2.0,32061032.0
sus1,simucom,x_ss_mediastore,1790707126627.0,242.11,1905816.0,99.0,2.0,32057884.0
sus1,simucom,x_ss_mediastore,1790707128636.0,244.11,1906564.0,99.0,2.0,32060824.0
sus1,simucom,x_ss_mediastore,1790707130645.0,246.12,1907088.0,99.0,2.0,32052896.0
sus1,simucom,x_ss_mediastore,1790707132654.0,248.13,1907628.0,98.0,2.0,32057900.0
sus1,simucom,x_ss_mediastore,1790707134662.0,250.14,1908308.0,99.0,2.0,32058988.0
sus1,simucom,x_ss_mediastore,1790707136672.0,252.15,1908988.0,99.0,2.0,32062312.0
sus1,simucom,x_ss_mediastore,1790707138680.0,254.16,1909548.0,99.0,2.0,32068056.0
sus1,simucom,x_ss_mediastore,1790707140689.0,256.17,1910128.0,99.0,2.0,32057156.0
sus1,simucom,x_ss_mediastore,1790707142697.0,258.18,1910644.0,99.0,2.0,32057188.0
sus1,simucom,x_ss_mediastore,1790707144705.0,260.18,2038220.0,98.0,2.0,31914988.0
sus1,simucom,x_ss_mediastore,1790707146713.0,262.19,2039056.0,98.0,2.0,31915768.0
sus1,simucom,x_ss_mediastore,1790707148521.0,264.0,2039664.0,98.0,2.0,31918268.0
sus1,simucom,x_ss_mediastore,1790707150530.0,266.01,2040208.0,98.0,2.0,31910416.0
sus1,simucom,x_ss_mediastore,1790707152540.0,268.02,2040712.0,98.0,2.0,31913664.0
sus1,simucom,x_ss_mediastore,1790707154550.0,270.03,2041260.0,99.0,2.0,31915700.0
sus1,simucom,x_ss_mediastore,1790707156562.0,272.04,2041956.0,99.0,2.0,31915696.0
sus1,simucom,x_ss_mediastore,1790707158571.0,274.05,2042440.0,99.0,2.0,31917092.0
sus1,simucom,x_ss_mediastore,1790707160580.0,276.06,2042984.0,99.0,2.0,31913040.0
sus1,simucom,x_ss_mediastore,1790707162590.0,278.07,2043524.0,99.0,2.0,31910812.0
sus1,simucom,x_ss_mediastore,1790707164599.0,280.08,2044032.0,99.0,2.0,31914900.0
sus1,simucom,x_ss_mediastore,1790707166609.0,282.09,2044500.0,99.0,2.0,31915596.0
sus1,simucom,x_ss_mediastore,1790707168618.0,284.1,2045740.0,101.0,2.0,31915760.0
sus1,simucom,x_ss_mediastore,1790707170626.0,286.11,2046260.0,101.0,2.0,31921380.0
sus1,simucom,x_ss_mediastore,1790707172634.0,288.11,2048216.0,101.0,2.0,31914116.0
sus1,simucom,x_ss_mediastore,1790707174642.0,290.12,2048928.0,100.0,2.0,31920100.0
sus1,simucom,x_ss_mediastore,1790707176651.0,292.13,2049432.0,98.0,2.0,31929228.0
sus1,simucom,x_ss_mediastore,1790707178659.0,294.14,2050032.0,98.0,2.0,31927304.0
sus1,simucom,x_ss_mediastore,1790707180667.0,296.15,2050544.0,98.0,2.0,31915620.0
sus1,simucom,x_ss_mediastore,1790707182676.0,298.15,2051044.0,99.0,2.0,31913692.0
sus1,simucom,x_ss_mediastore,1790707184684.0,300.16,2051536.0,99.0,2.0,31910396.0
sus1,simucom,x_ss_mediastore,1790707186693.0,302.17,2175700.0,99.0,2.0,31776736.0
sus1,simulizar-vt,x_espresso,1790707805449.0,0.07,15700.0,2.0,1.0,33737540.0
sus1,simulizar-vt,x_espresso,1790707807458.0,2.07,511996.0,38.0,1.0,33240988.0
sus1,simulizar-vt,x_espresso,1790707809468.0,4.08,385760.0,44.0,1.0,33356764.0
sus1,simulizar-vt,x_espresso,1790707811477.0,6.09,503556.0,52.0,1.0,33228508.0
sus1,simulizar-vt,x_espresso,1790707813486.0,8.1,585336.0,54.0,1.0,33143164.0
sus1,simulizar-vt,x_espresso,1790707815495.0,10.11,782056.0,49.0,1.0,32945620.0
sus1,simulizar-vt,x_espresso,1790707817504.0,12.12,865316.0,49.0,1.0,32859440.0
sus1,simulizar-vt,x_espresso,1790707819513.0,14.13,867308.0,49.0,1.0,32848632.0
sus1,simulizar-vt,x_espresso,1790707821521.0,16.14,863832.0,48.0,1.0,32863036.0
sus1,simulizar-vt,x_espresso,1790707823531.0,18.15,977820.0,48.0,1.0,32749660.0
sus1,simulizar-vt,x_espresso,1790707825541.0,20.16,979544.0,46.0,1.0,32747888.0
sus1,simulizar-vt,x_espresso,1790707827551.0,22.17,995040.0,46.0,1.0,32734272.0
sus1,simulizar-vt,x_espresso,1790707829561.0,24.18,995632.0,46.0,1.0,32734780.0
sus1,simulizar-vt,x_espresso,1790707831568.0,26.19,1018716.0,47.0,1.0,32714272.0
sus1,simulizar-vt,x_espresso,1790707833577.0,28.19,1019168.0,44.0,1.0,32713580.0
sus1,simulizar-vt,x_espresso,1790707835386.0,30.0,1020432.0,47.0,1.0,32717612.0
sus1,simulizar-vt,x_espresso,1790707837395.0,32.01,999580.0,44.0,1.0,32739260.0
sus1,simulizar-vt,x_espresso,1790707839404.0,34.02,1000560.0,45.0,1.0,32740220.0
sus1,simulizar-vt,x_espresso,1790707841411.0,36.03,1002080.0,47.0,1.0,32747868.0
sus1,simulizar-vt,x_espresso,1790707843420.0,38.04,1012644.0,44.0,1.0,32741800.0
sus1,simulizar-vt,x_espresso,1790707845430.0,40.05,1144756.0,45.0,1.0,32591104.0
sus1,simulizar-vt,x_espresso,1790707847440.0,42.06,1145620.0,44.0,1.0,32594608.0
sus1,simulizar-vt,x_espresso,1790707849450.0,44.07,1146116.0,45.0,1.0,32592680.0
sus1,simulizar-vt,x_espresso,1790707851458.0,46.08,1146432.0,45.0,1.0,32590920.0
sus1,simulizar-vt,x_espresso,1790707853467.0,48.08,1153528.0,45.0,1.0,32575320.0
sus1,simulizar-vt,x_espresso,1790707855476.0,50.09,1154324.0,48.0,1.0,32579848.0
sus1,simulizar-vt,x_espresso,1790707857486.0,52.1,1284888.0,45.0,1.0,32443216.0
sus1,simulizar-vt,x_espresso,1790707859495.0,54.11,1286932.0,45.0,1.0,32446356.0
sus1,simulizar-vt,x_espresso,1790707861503.0,56.12,1287412.0,45.0,1.0,32442528.0
sus1,simulizar-vt,x_espresso,1790707863512.0,58.13,1290092.0,45.0,1.0,32450472.0
sus1,simulizar-vt,x_espresso,1790707865521.0,60.14,1290736.0,44.0,1.0,32453048.0
sus1,simulizar-vt,x_espresso,1790707867531.0,62.15,1291584.0,45.0,1.0,32454384.0
sus1,simulizar-vt,x_espresso,1790707869542.0,64.16,1292440.0,48.0,1.0,32455192.0
sus1,simulizar-vt,x_espresso,1790707871550.0,66.17,1292988.0,45.0,1.0,32454700.0
sus1,simulizar-vt,x_espresso,1790707873559.0,68.17,1298368.0,45.0,1.0,32447200.0
sus1,simulizar-vt,x_espresso,1790707875568.0,70.18,1311496.0,45.0,1.0,32437476.0
sus1,simulizar-vt,x_espresso,1790707877577.0,72.19,1299232.0,44.0,1.0,32447976.0
sus1,simulizar-vt,x_espresso,1790707879387.0,74.0,1299568.0,46.0,1.0,32451272.0
sus1,simulizar-vt,x_espresso,1790707881395.0,76.01,1296020.0,46.0,1.0,32458168.0
sus1,simulizar-vt,x_espresso,1790707883404.0,78.02,1303532.0,51.0,1.0,32439600.0
sus1,simulizar-vt,x_espresso,1790707885414.0,80.03,1303624.0,46.0,1.0,32439820.0
sus1,simulizar-vt,x_espresso,1790707887422.0,82.04,1302256.0,47.0,1.0,32445052.0
sus1,simulizar-vt,x_espresso,1790707889432.0,84.05,1302468.0,47.0,1.0,32446284.0
sus1,simulizar-vt,x_espresso,1790707891440.0,86.06,1297164.0,46.0,1.0,32454472.0
sus1,simulizar-vt,x_espresso,1790707893449.0,88.07,1297248.0,46.0,1.0,32446340.0
sus1,simulizar-vt,x_espresso,1790707895459.0,90.08,1297312.0,46.0,1.0,32450248.0
sus1,simulizar-vt,x_espresso,1790707897468.0,92.08,1301700.0,48.0,1.0,32450472.0
sus1,simulizar-vt,x_espresso,1790707899477.0,94.09,1318484.0,46.0,1.0,32422868.0
sus1,simulizar-vt,x_espresso,1790707901485.0,96.1,1335268.0,48.0,1.0,32414564.0
sus1,simulizar-vt,x_espresso,1790707903494.0,98.11,1367644.0,46.0,1.0,32384216.0
sus1,simulizar-vt,x_espresso,1790707905503.0,100.12,1385376.0,46.0,1.0,32367140.0
sus1,simulizar-vt,x_espresso,1790707907512.0,102.13,1401124.0,46.0,1.0,32348200.0
sus1,simulizar-vt,x_espresso,1790707909520.0,104.14,1420132.0,46.0,1.0,32323984.0
sus1,simulizar-vt,x_espresso,1790707911530.0,106.15,1436968.0,49.0,1.0,32302120.0
sus1,simulizar-vt,x_espresso,1790707913538.0,108.16,1454520.0,47.0,1.0,32298684.0
sus1,simulizar-vt,x_espresso,1790707915548.0,110.16,1484088.0,46.0,1.0,32272120.0
sus1,simulizar-vt,x_espresso,1790707917558.0,112.17,1500940.0,46.0,1.0,32247688.0
sus1,simulizar-vt,x_espresso,1790707919567.0,114.18,1521844.0,46.0,1.0,32227916.0
sus1,simulizar-vt,x_espresso,1790707921576.0,116.19,1542760.0,46.0,1.0,32205176.0
sus1,simulizar-vt,x_espresso,1790707923383.0,118.0,1559524.0,46.0,1.0,32181844.0
sus1,simulizar-vt,x_espresso,1790707925393.0,120.01,1578644.0,49.0,1.0,32162348.0
sus1,simulizar-vt,x_ss_mediastore,1790706278436.0,0.06,14672.0,2.0,1.0,33754532.0
sus1,simulizar-vt,x_ss_mediastore,1790706280445.0,2.07,511364.0,38.0,1.0,33273104.0
sus1,simulizar-vt,x_ss_mediastore,1790706282455.0,4.08,482588.0,44.0,1.0,33286020.0
sus1,simulizar-vt,x_ss_mediastore,1790706284465.0,6.09,592668.0,52.0,1.0,33175536.0
sus1,simulizar-vt,x_ss_mediastore,1790706286473.0,8.1,732996.0,52.0,1.0,33000152.0
sus1,simulizar-vt,x_ss_mediastore,1790706288482.0,10.11,742444.0,51.0,1.0,32994092.0
sus1,simulizar-vt,x_ss_mediastore,1790706290491.0,12.12,730608.0,48.0,1.0,33005696.0
sus1,simulizar-vt,x_ss_mediastore,1790706292502.0,14.13,733748.0,47.0,1.0,33014148.0
sus1,simulizar-vt,x_ss_mediastore,1790706294512.0,16.14,813552.0,45.0,1.0,32923976.0
sus1,simulizar-vt,x_ss_mediastore,1790706296520.0,18.15,836696.0,45.0,1.0,32908388.0
sus1,simulizar-vt,x_ss_mediastore,1790706298529.0,20.16,825676.0,46.0,1.0,32910800.0
sus1,simulizar-vt,x_ss_mediastore,1790706300538.0,22.17,841420.0,45.0,1.0,32917720.0
sus1,simulizar-vt,x_ss_mediastore,1790706302547.0,24.18,847832.0,45.0,1.0,32916044.0
sus1,simulizar-vt,x_ss_mediastore,1790706304575.0,26.19,826072.0,45.0,1.0,32940544.0
sus1,simulizar-vt,x_ss_mediastore,1790706306402.0,28.02,826192.0,45.0,1.0,32934376.0
sus1,simulizar-vt,x_ss_mediastore,1790706308443.0,30.05,826192.0,45.0,1.0,32943140.0
sus1,simulizar-vt,x_ss_mediastore,1790706310460.0,32.09,826764.0,45.0,1.0,32940380.0
sus1,simulizar-vt,x_ss_mediastore,1790706312469.0,34.1,827400.0,51.0,1.0,32946256.0
sus1,simulizar-vt,x_ss_mediastore,1790706314479.0,36.11,827788.0,47.0,1.0,32950412.0
sus1,simulizar-vt,x_ss_mediastore,1790706316488.0,38.12,828512.0,46.0,1.0,32948272.0
sus1,simulizar-vt,x_ss_mediastore,1790706318498.0,40.13,919252.0,45.0,1.0,32862264.0
sus1,simulizar-vt,x_ss_mediastore,1790706320506.0,42.14,920280.0,45.0,1.0,32863768.0
sus1,simulizar-vt,x_ss_mediastore,1790706322514.0,44.14,922680.0,45.0,1.0,32862628.0
sus1,simulizar-vt,x_ss_mediastore,1790706324523.0,46.15,917808.0,46.0,1.0,32862636.0
sus1,simulizar-vt,x_ss_mediastore,1790706326532.0,48.16,919824.0,45.0,1.0,32863672.0
sus1,simulizar-vt,x_ss_mediastore,1790706328541.0,50.17,922556.0,45.0,1.0,32861972.0
sus1,simulizar-vt,x_ss_mediastore,1790706330551.0,52.18,923044.0,45.0,1.0,32865152.0
sus1,simulizar-vt,x_ss_mediastore,1790706332561.0,54.19,923636.0,45.0,1.0,32869124.0
sus1,simulizar-vt,x_ss_mediastore,1790706334571.0,56.2,920020.0,44.0,1.0,32871232.0
sus1,simulizar-vt,x_ss_mediastore,1790706336381.0,58.01,924524.0,45.0,1.0,32870944.0
sus1,simulizar-vt,x_ss_mediastore,1790706338391.0,60.02,926776.0,44.0,1.0,32870844.0
sus1,simulizar-vt,x_ss_mediastore,1790706340402.0,62.03,923260.0,44.0,1.0,32877476.0
sus1,simulizar-vt,x_ss_mediastore,1790706342410.0,64.04,923504.0,45.0,1.0,32878244.0
sus1,simulizar-vt,x_ss_mediastore,1790706344420.0,66.05,923884.0,46.0,1.0,32878764.0
sus1,simulizar-vt,x_ss_mediastore,1790706346429.0,68.06,1032948.0,46.0,1.0,32757560.0
sus1,simulizar-vt,x_ss_mediastore,1790706348438.0,70.07,1035016.0,46.0,1.0,32745676.0
sus1,simulizar-vt,x_ss_mediastore,1790706350447.0,72.08,1035416.0,46.0,1.0,32747832.0
sus1,simulizar-vt,x_ss_mediastore,1790706352455.0,74.08,1035708.0,46.0,1.0,32749228.0
sus1,simulizar-vt,x_ss_mediastore,1790706354464.0,76.09,1045104.0,46.0,1.0,32731096.0
sus1,simulizar-vt,x_ss_mediastore,1790706356474.0,78.1,1176880.0,46.0,1.0,32594696.0
sus1,simulizar-vt,x_ss_mediastore,1790706358483.0,80.11,1177192.0,50.0,1.0,32580992.0
sus1,simulizar-vt,x_ss_mediastore,1790706360493.0,82.12,1171652.0,46.0,1.0,32585764.0
sus1,simulizar-vt,x_ss_mediastore,1790706362501.0,84.13,1171772.0,46.0,1.0,32593952.0
sus1,simulizar-vt,x_ss_mediastore,1790706364509.0,86.14,1171876.0,46.0,1.0,32600412.0
sus1,simulizar-vt,x_ss_mediastore,1790706366518.0,88.15,1174032.0,48.0,1.0,32604064.0
sus1,simulizar-vt,x_ss_mediastore,1790706368528.0,90.16,1174184.0,46.0,1.0,32610028.0
sus1,simulizar-vt,x_ss_mediastore,1790706370537.0,92.17,1174296.0,46.0,1.0,32611068.0
sus1,simulizar-vt,x_ss_mediastore,1790706372544.0,94.17,1174408.0,46.0,1.0,32613296.0
sus1,simulizar-vt,x_ss_mediastore,1790706374556.0,96.18,1174664.0,46.0,1.0,32616684.0
sus1,simulizar-vt,x_ss_mediastore,1790706376568.0,98.2,1175200.0,46.0,1.0,32618144.0
sus1,simulizar-vt,x_ss_mediastore,1790706378377.0,100.01,1175332.0,46.0,1.0,32609804.0
sus1,simulizar-vt,x_ss_mediastore,1790706380388.0,102.02,1175556.0,46.0,1.0,32611472.0
sus1,simulizar-vt,x_ss_mediastore,1790706382396.0,104.03,1175728.0,46.0,1.0,32612576.0
sus1,simulizar-vt,x_ss_mediastore,1790706384407.0,106.03,1175916.0,47.0,1.0,32611696.0
sus1,simulizar-vt,x_ss_mediastore,1790706386417.0,108.04,1176028.0,47.0,1.0,32612200.0
sus1,simulizar-vt,x_ss_mediastore,1790706388427.0,110.06,1176196.0,46.0,1.0,32620128.0
sus1,simulizar-vt,x_ss_mediastore,1790706390436.0,112.06,1176292.0,45.0,1.0,32620048.0
sus1,simulizar-vt,x_ss_mediastore,1790706392445.0,114.07,1176504.0,46.0,1.0,32621220.0
sus1,simulizar-vt,x_ss_mediastore,1790706394455.0,116.08,1176564.0,46.0,1.0,32621884.0
sus1,simulizar-vt,x_ss_mediastore,1790706396464.0,118.09,1176628.0,46.0,1.0,32621380.0
sus1,simulizar-vt,x_ss_mediastore,1790706398473.0,120.1,1176768.0,46.0,1.0,32616224.0
sus1,simulizar-vt,x_ss_mediastore,1790706400482.0,122.11,1177040.0,46.0,1.0,32689856.0
sus1,simulizar-vt,x_ss_mediastore,1790706402490.0,124.12,1177208.0,46.0,1.0,32690988.0
sus1,simulizar-vt,x_ss_mediastore,1790706404500.0,126.13,1177304.0,46.0,1.0,32691668.0
sus1,simulizar-vt,x_ss_mediastore,1790706406510.0,128.14,1177452.0,46.0,1.0,32691904.0
sus1,simulizar-vt,x_ss_mediastore,1790706408518.0,130.15,1177588.0,46.0,1.0,32688328.0
sus1,simulizar-vt,x_ss_mediastore,1790706410528.0,132.16,1177852.0,46.0,1.0,32690584.0
sus1,simulizar-vt,x_ss_mediastore,1790706412535.0,134.16,1178020.0,45.0,1.0,32692224.0
sus1,simulizar-vt,x_ss_mediastore,1790706414544.0,136.17,1178312.0,46.0,1.0,32690668.0
sus1,simulizar-vt,x_ss_mediastore,1790706416556.0,138.18,1178436.0,46.0,1.0,32690668.0
sus1,simulizar-vt,x_ss_mediastore,1790706418566.0,140.19,1195984.0,48.0,1.0,32658376.0
sus1,simulizar-vt,x_ss_mediastore,1790706420375.0,142.0,1190896.0,47.0,1.0,32662896.0
sus1,simulizar-vt,x_ss_mediastore,1790706422384.0,144.01,1201420.0,46.0,1.0,32656856.0
sus1,simulizar-vt,x_ss_mediastore,1790706424395.0,146.02,1203572.0,46.0,1.0,32657768.0
sus1,simulizar-vt,x_ss_mediastore,1790706426405.0,148.03,1214156.0,46.0,1.0,32649828.0
sus1,simulizar-vt,x_ss_mediastore,1790706428415.0,150.04,1222568.0,46.0,1.0,32638004.0
sus1,simulizar-vt,x_ss_mediastore,1790706430425.0,152.05,1233136.0,46.0,1.0,32631648.0
sus1,simulizar-vt,x_ss_mediastore,1790706432435.0,154.06,1243640.0,46.0,1.0,32617800.0
sus1,simulizar-vt,x_ss_mediastore,1790706434443.0,156.07,1250820.0,46.0,1.0,32609212.0
sus1,simulizar-vt,x_ss_mediastore,1790706436452.0,158.08,1261756.0,46.0,1.0,32598172.0
sus1,simulizar-vt,x_ss_mediastore,1790706438461.0,160.09,1276392.0,46.0,1.0,32579296.0
sus1,simulizar-vt,x_ss_mediastore,1790706440470.0,162.1,1288936.0,47.0,1.0,32566552.0
sus1,simulizar-vt,x_ss_mediastore,1790706442479.0,164.11,1297308.0,47.0,1.0,32560528.0
sus1,simulizar-vt,x_ss_mediastore,1790706444488.0,166.12,1309860.0,46.0,1.0,32544452.0
sus1,simulizar-vt,x_ss_mediastore,1790706446498.0,168.13,1318296.0,46.0,1.0,32534976.0
sus1,simulizar-vt,x_ss_mediastore,1790706448507.0,170.14,1330816.0,46.0,1.0,32522284.0
sus1,simulizar-vt,x_ss_mediastore,1790706450517.0,172.14,1339204.0,46.0,1.0,32519088.0
sus1,simulizar-vt,x_ss_mediastore,1790706452525.0,174.15,1351748.0,46.0,1.0,32509968.0
sus1,simulizar-vt,x_ss_mediastore,1790706454534.0,176.16,1355960.0,46.0,1.0,32504028.0
sus1,simulizar-vt,x_ss_mediastore,1790706456542.0,178.17,1370564.0,45.0,1.0,32483208.0
sus1,simulizar-vt,x_ss_mediastore,1790706458554.0,180.18,1383172.0,46.0,1.0,32461660.0
sus1,simulizar-vt,x_ss_mediastore,1790706460564.0,182.19,1393616.0,46.0,1.0,32450728.0
sus1,simulizar-vt,x_ss_mediastore,1790706462374.0,184.0,1401992.0,46.0,1.0,32450636.0
sus1,simulizar-vt,x_ss_mediastore,1790706464385.0,186.01,1412444.0,46.0,1.0,32447068.0
sus1,simulizar-vt,x_ss_mediastore,1790706466395.0,188.02,1422908.0,46.0,1.0,32439808.0
sus1,simulizar-vt,x_ss_mediastore,1790706468404.0,190.03,1433356.0,47.0,1.0,32421180.0
sus1,simulizar-vt,x_ss_mediastore,1790706470416.0,192.04,1439644.0,46.0,1.0,32414244.0
sus1,simulizar-vt,x_ss_mediastore,1790706472425.0,194.05,1456364.0,46.0,1.0,32396488.0
sus1,simulizar-vt,x_ss_mediastore,1790706474434.0,196.06,1464756.0,49.0,1.0,32391468.0
sus1,simulizar-vt,x_ss_mediastore,1790706476445.0,198.07,1481440.0,46.0,1.0,32373560.0
sus1,simulizar-vt,x_ss_mediastore,1790706478455.0,200.08,1485700.0,46.0,1.0,32373260.0
sus1,simulizar-vt,x_ss_mediastore,1790706480464.0,202.09,1496160.0,46.0,1.0,32370808.0
sus1,simulizar-vt,x_ss_mediastore,1790706482472.0,204.1,1506612.0,46.0,1.0,32356112.0
sus1,simulizar-vt,x_ss_mediastore,1790706484481.0,206.11,1519144.0,46.0,1.0,32347048.0
sus1,simulizar-vt,x_ss_mediastore,1790706486491.0,208.12,1528760.0,46.0,1.0,32339488.0
sus1,simulizar-vt,x_ss_mediastore,1790706488500.0,210.13,1541300.0,46.0,1.0,32319092.0
sus1,simulizar-vt,x_ss_mediastore,1790706490509.0,212.14,1555924.0,46.0,1.0,32303216.0
sus1,simulizar-vt,x_ss_mediastore,1790706492517.0,214.15,1562216.0,46.0,1.0,32295964.0
sus1,simulizar-vt,x_ss_mediastore,1790706494526.0,216.15,1570516.0,45.0,1.0,32287200.0
sus1,simulizar-vt,x_ss_mediastore,1790706496535.0,218.16,1580972.0,45.0,1.0,32280396.0
sus1,simulizar-vt,x_ss_mediastore,1790706498543.0,220.17,1597748.0,46.0,1.0,32272920.0
sus1,simulizar-vt,x_ss_mediastore,1790706500554.0,222.18,1608236.0,46.0,1.0,32263344.0
sus1,simulizar-vt,x_ss_mediastore,1790706502564.0,224.19,1622860.0,46.0,1.0,32245460.0
sus1,simulizar-vt,x_ss_mediastore,1790706504375.0,226.0,1622896.0,46.0,1.0,32245208.0
sus1,simulizar-vt,x_ss_mediastore,1790706506384.0,228.01,1633364.0,46.0,1.0,32238152.0
sus1,simulizar-vt,x_ss_mediastore,1790706508395.0,230.02,1645888.0,46.0,1.0,32222664.0
sus1,simulizar-vt,x_ss_mediastore,1790706510406.0,232.03,1656420.0,46.0,1.0,32214604.0
sus1,simulizar-vt,x_ss_mediastore,1790706512416.0,234.04,1671024.0,46.0,1.0,32194172.0
sus1,simulizar-vt,x_ss_mediastore,1790706514425.0,236.05,1685384.0,46.0,1.0,32178044.0
sus1,simulizar-vt,x_ss_mediastore,1790706516435.0,238.06,1685692.0,46.0,1.0,32178492.0
sus1,simulizar-vt,x_ss_mediastore,1790706518445.0,240.07,1698232.0,46.0,1.0,32170980.0
sus1,simulizar-vt,x_ss_mediastore,1790706520454.0,242.08,1706588.0,46.0,1.0,32163468.0
sus1,simulizar-vt,x_ss_mediastore,1790706522464.0,244.09,1706612.0,46.0,1.0,32163864.0
sus1,simulizar-vt,x_ss_mediastore,1790706524473.0,246.1,1727516.0,46.0,1.0,32139428.0
sus1,simulizar-vt,x_ss_mediastore,1790706526482.0,248.11,1740080.0,46.0,1.0,32136908.0
sus1,simulizar-vt,x_ss_mediastore,1790706528491.0,250.12,1758872.0,46.0,1.0,32107268.0
sus1,simulizar-vt,x_ss_mediastore,1790706530500.0,252.13,1758916.0,47.0,1.0,32108136.0
sus1,simulizar-vt,x_ss_mediastore,1790706532509.0,254.14,1771448.0,46.0,1.0,32089204.0
sus1,simulizar-vt,x_ss_mediastore,1790706534519.0,256.15,1786080.0,47.0,1.0,32073276.0
sus1,simulizar-vt,x_ss_mediastore,1790706536528.0,258.16,1786304.0,49.0,1.0,32070500.0
sus1,simulizar-vt,x_ss_mediastore,1790706538537.0,260.17,1800944.0,48.0,1.0,32031604.0
sus1,simulizar-vt,x_ss_mediastore,1790706540548.0,262.18,1825852.0,46.0,1.0,32010928.0
sus1,simulizar-vt,x_ss_mediastore,1790706542557.0,264.19,1825880.0,46.0,1.0,32011788.0
sus1,simulizar-vt,x_ss_mediastore,1790706544566.0,266.2,1838352.0,45.0,1.0,31971944.0
sus1,simulizar-vt,x_ss_mediastore,1790706546375.0,268.0,1853028.0,46.0,1.0,31956664.0
sus1,simulizar-vt,x_ss_mediastore,1790706548384.0,270.01,1853064.0,46.0,1.0,31947976.0
sus1,simulizar-vt,x_ss_mediastore,1790706550393.0,272.02,1869772.0,46.0,1.0,31930852.0
sus1,simulizar-vt,x_ss_mediastore,1790706552402.0,274.03,1884372.0,46.0,1.0,31916916.0
sus1,simulizar-vt,x_ss_mediastore,1790706554412.0,276.04,1884420.0,46.0,1.0,31919760.0
sus1,simulizar-vt,x_ss_mediastore,1790706556421.0,278.05,1905372.0,46.0,1.0,31906452.0
sus1,simulizar-vt,x_ss_mediastore,1790706558429.0,280.06,1922088.0,46.0,1.0,31882908.0
sus1,simulizar-vt,x_ss_mediastore,1790706560439.0,282.07,1922108.0,46.0,1.0,31886276.0
sus1,simulizar-vt,x_ss_mediastore,1790706562449.0,284.08,1936736.0,46.0,1.0,31871280.0
sus1,simulizar-vt,x_ss_mediastore,1790706564459.0,286.09,1941112.0,48.0,1.0,31861344.0
sus1,simulizar-vt,x_ss_mediastore,1790706566468.0,288.1,1962004.0,47.0,1.0,31843972.0
sus1,simulizar-vt,x_ss_mediastore,1790706568477.0,290.11,1982828.0,46.0,1.0,31822416.0
sus1,simulizar-vt,x_ss_mediastore,1790706570486.0,292.12,1982892.0,46.0,1.0,31823864.0
sus1,simulizar-vt,x_ss_mediastore,1790706572495.0,294.12,1997516.0,46.0,1.0,31809420.0
sus1,simulizar-vt,x_ss_mediastore,1790706574504.0,296.13,2010044.0,46.0,1.0,31792232.0
sus1,simulizar-vt,x_ss_mediastore,1790706576513.0,298.14,2010080.0,46.0,1.0,31793256.0
sus1,simulizar-vt,x_ss_mediastore,1790706578523.0,300.15,2035136.0,46.0,1.0,31756408.0
sus1,simulizar-vt,x_ss_mediastore,1790706580531.0,302.16,2051864.0,46.0,1.0,31743668.0
sus1,simulizar,x_espresso,1790707682641.0,0.06,15644.0,2.0,1.0,33725944.0
sus1,simulizar,x_espresso,1790707684649.0,2.07,525840.0,39.0,1.0,33221352.0
sus1,simulizar,x_espresso,1790707686659.0,4.08,394148.0,45.0,1.0,33317456.0
sus1,simulizar,x_espresso,1790707688669.0,6.09,521700.0,78.0,1.0,33183360.0
sus1,simulizar,x_espresso,1790707690677.0,8.1,565932.0,78.0,1.0,33115048.0
sus1,simulizar,x_espresso,1790707692686.0,10.11,608336.0,87.0,1.0,33060468.0
sus1,simulizar,x_espresso,1790707694696.0,12.12,666968.0,91.0,1.0,33030968.0
sus1,simulizar,x_espresso,1790707696704.0,14.13,739772.0,97.0,1.0,32964340.0
sus1,simulizar,x_espresso,1790707698713.0,16.13,739452.0,102.0,1.0,32963456.0
sus1,simulizar,x_espresso,1790707700720.0,18.14,760204.0,108.0,1.0,32948500.0
sus1,simulizar,x_espresso,1790707702728.0,20.15,770076.0,115.0,1.0,32956760.0
sus1,simulizar,x_espresso,1790707704739.0,22.16,776892.0,119.0,1.0,32963296.0
sus1,simulizar,x_espresso,1790707706751.0,24.17,782128.0,127.0,1.0,32962632.0
sus1,simulizar,x_espresso,1790707708761.0,26.18,773900.0,131.0,1.0,32971136.0
sus1,simulizar,x_espresso,1790707710770.0,28.19,775756.0,138.0,1.0,32971536.0
sus1,simulizar,x_espresso,1790707712579.0,30.0,776760.0,144.0,1.0,32964384.0
sus1,simulizar,x_espresso,1790707714589.0,32.01,777988.0,153.0,1.0,32960880.0
sus1,simulizar,x_espresso,1790707716598.0,34.02,779648.0,160.0,1.0,32965864.0
sus1,simulizar,x_espresso,1790707718607.0,36.03,785180.0,163.0,1.0,32964632.0
sus1,simulizar,x_espresso,1790707720616.0,38.04,786740.0,170.0,1.0,32964128.0
sus1,simulizar,x_espresso,1790707722624.0,40.05,787832.0,177.0,1.0,32959788.0
sus1,simulizar,x_espresso,1790707724634.0,42.06,811560.0,182.0,1.0,32934672.0
sus1,simulizar,x_espresso,1790707726644.0,44.07,812928.0,189.0,1.0,32938524.0
sus1,simulizar,x_espresso,1790707728655.0,46.08,796552.0,195.0,1.0,32951288.0
sus1,simulizar,x_espresso,1790707730667.0,48.09,807808.0,202.0,1.0,32943252.0
sus1,simulizar,x_espresso,1790707732677.0,50.1,808788.0,208.0,1.0,32939232.0
sus1,simulizar,x_espresso,1790707734686.0,52.11,803840.0,214.0,1.0,32947608.0
sus1,simulizar,x_espresso,1790707736695.0,54.12,804892.0,221.0,1.0,32946640.0
sus1,simulizar,x_espresso,1790707738705.0,56.13,805904.0,227.0,1.0,32946140.0
sus1,simulizar,x_espresso,1790707740713.0,58.14,905212.0,233.0,1.0,32846060.0
sus1,simulizar,x_espresso,1790707742722.0,60.14,906172.0,240.0,1.0,32834752.0
sus1,simulizar,x_espresso,1790707744732.0,62.15,886248.0,246.0,1.0,32853248.0
sus1,simulizar,x_espresso,1790707746744.0,64.17,977288.0,252.0,1.0,32765472.0
sus1,simulizar,x_espresso,1790707748755.0,66.18,978104.0,259.0,1.0,32763400.0
sus1,simulizar,x_espresso,1790707750764.0,68.19,979032.0,265.0,1.0,32763124.0
sus1,simulizar,x_espresso,1790707752775.0,70.2,982444.0,272.0,1.0,32760376.0
sus1,simulizar,x_espresso,1790707754584.0,72.01,984396.0,278.0,1.0,32761308.0
sus1,simulizar,x_espresso,1790707756592.0,74.01,994108.0,284.0,1.0,32752664.0
sus1,simulizar,x_espresso,1790707758601.0,76.02,994920.0,291.0,1.0,32753744.0
sus1,simulizar,x_espresso,1790707760610.0,78.03,1107180.0,297.0,1.0,32647648.0
sus1,simulizar,x_espresso,1790707762620.0,80.04,1148588.0,303.0,1.0,32589828.0
sus1,simulizar,x_espresso,1790707764628.0,82.05,1149460.0,310.0,1.0,32592536.0
sus1,simulizar,x_espresso,1790707766637.0,84.06,1150288.0,317.0,1.0,32593216.0
sus1,simulizar,x_espresso,1790707768646.0,86.07,1151068.0,323.0,1.0,32593248.0
sus1,simulizar,x_espresso,1790707770656.0,88.08,1151908.0,330.0,1.0,32598476.0
sus1,simulizar,x_espresso,1790707772665.0,90.09,1152220.0,336.0,1.0,32598192.0
sus1,simulizar,x_espresso,1790707774674.0,92.1,1156912.0,343.0,1.0,32597168.0
sus1,simulizar,x_espresso,1790707776682.0,94.11,1157340.0,350.0,1.0,32596968.0
sus1,simulizar,x_espresso,1790707778694.0,96.11,1163520.0,357.0,1.0,32588636.0
sus1,simulizar,x_espresso,1790707780703.0,98.12,1167036.0,363.0,1.0,32588160.0
sus1,simulizar,x_espresso,1790707782711.0,100.13,1169808.0,369.0,1.0,32579260.0
sus1,simulizar,x_espresso,1790707784720.0,102.14,1161188.0,376.0,1.0,32588448.0
sus1,simulizar,x_espresso,1790707786728.0,104.15,1161464.0,382.0,1.0,32588160.0
sus1,simulizar,x_espresso,1790707788739.0,106.16,1162416.0,390.0,1.0,32588064.0
sus1,simulizar,x_espresso,1790707790751.0,108.17,1302136.0,395.0,1.0,32437476.0
sus1,simulizar,x_espresso,1790707792760.0,110.18,1302588.0,401.0,1.0,32431864.0
sus1,simulizar,x_espresso,1790707794771.0,112.19,1302860.0,408.0,1.0,32433556.0
sus1,simulizar,x_espresso,1790707796579.0,114.0,1302996.0,414.0,1.0,32434552.0
sus1,simulizar,x_espresso,1790707798591.0,116.01,1303220.0,420.0,1.0,32436928.0
sus1,simulizar,x_espresso,1790707800599.0,118.02,1303452.0,427.0,1.0,32438212.0
sus1,simulizar,x_espresso,1790707802609.0,120.03,1307828.0,433.0,1.0,32426256.0
sus1,simulizar,x_ss_mediastore,1790705974922.0,0.06,12044.0,2.0,1.0,33860224.0
sus1,simulizar,x_ss_mediastore,1790705976932.0,2.07,513064.0,38.0,1.0,33351204.0
sus1,simulizar,x_ss_mediastore,1790705978943.0,4.08,475528.0,46.0,1.0,33386572.0
sus1,simulizar,x_ss_mediastore,1790705980951.0,6.09,535856.0,49.0,1.0,33290236.0
sus1,simulizar,x_ss_mediastore,1790705982963.0,8.1,556584.0,49.0,1.0,33270612.0
sus1,simulizar,x_ss_mediastore,1790705984975.0,10.12,610000.0,49.0,1.0,33221472.0
sus1,simulizar,x_ss_mediastore,1790705986985.0,12.13,682164.0,48.0,1.0,33128044.0
sus1,simulizar,x_ss_mediastore,1790705988995.0,14.14,733972.0,49.0,1.0,33066920.0
sus1,simulizar,x_ss_mediastore,1790705991005.0,16.15,802360.0,48.0,1.0,32999460.0
sus1,simulizar,x_ss_mediastore,1790705993014.0,18.16,807696.0,50.0,1.0,32999928.0
sus1,simulizar,x_ss_mediastore,1790705995022.0,20.17,828436.0,50.0,1.0,32968416.0
sus1,simulizar,x_ss_mediastore,1790705997032.0,22.17,835124.0,52.0,1.0,32978120.0
sus1,simulizar,x_ss_mediastore,1790705999040.0,24.18,838188.0,55.0,1.0,32981396.0
sus1,simulizar,x_ss_mediastore,1790706001049.0,26.19,834532.0,53.0,1.0,32993644.0
sus1,simulizar,x_ss_mediastore,1790706002861.0,28.0,838880.0,52.0,1.0,32983164.0
sus1,simulizar,x_ss_mediastore,1790706004871.0,30.01,847288.0,53.0,1.0,32982200.0
sus1,simulizar,x_ss_mediastore,1790706006882.0,32.02,847704.0,54.0,1.0,32989148.0
sus1,simulizar,x_ss_mediastore,1790706008893.0,34.03,848188.0,54.0,1.0,32990052.0
sus1,simulizar,x_ss_mediastore,1790706010903.0,36.04,848864.0,55.0,1.0,32989416.0
sus1,simulizar,x_ss_mediastore,1790706012913.0,38.05,849860.0,56.0,1.0,33003496.0
sus1,simulizar,x_ss_mediastore,1790706014923.0,40.06,850532.0,57.0,1.0,33006016.0
sus1,simulizar,x_ss_mediastore,1790706016933.0,42.07,863316.0,59.0,1.0,32997212.0
sus1,simulizar,x_ss_mediastore,1790706018942.0,44.08,1015592.0,60.0,1.0,32838184.0
sus1,simulizar,x_ss_mediastore,1790706020953.0,46.09,1028256.0,63.0,1.0,32831100.0
sus1,simulizar,x_ss_mediastore,1790706022965.0,48.11,1029032.0,63.0,1.0,32829844.0
sus1,simulizar,x_ss_mediastore,1790706024978.0,50.12,1033216.0,65.0,1.0,32827628.0
sus1,simulizar,x_ss_mediastore,1790706026989.0,52.13,1027228.0,64.0,1.0,32820220.0
sus1,simulizar,x_ss_mediastore,1790706029001.0,54.14,1027756.0,65.0,1.0,32823388.0
sus1,simulizar,x_ss_mediastore,1790706031011.0,56.15,1039144.0,67.0,1.0,32811024.0
sus1,simulizar,x_ss_mediastore,1790706033022.0,58.16,1039520.0,67.0,1.0,32812084.0
sus1,simulizar,x_ss_mediastore,1790706035032.0,60.17,1042428.0,68.0,1.0,32814824.0
sus1,simulizar,x_ss_mediastore,1790706037042.0,62.18,1045264.0,69.0,1.0,32806172.0
sus1,simulizar,x_ss_mediastore,1790706039053.0,64.2,1045788.0,70.0,1.0,32807984.0
sus1,simulizar,x_ss_mediastore,1790706040863.0,66.0,1052480.0,71.0,1.0,32807480.0
sus1,simulizar,x_ss_mediastore,1790706042875.0,68.02,1167780.0,72.0,1.0,32679464.0
sus1,simulizar,x_ss_mediastore,1790706044886.0,70.03,1168156.0,73.0,1.0,32679464.0
sus1,simulizar,x_ss_mediastore,1790706046897.0,72.04,1168464.0,74.0,1.0,32684032.0
sus1,simulizar,x_ss_mediastore,1790706048908.0,74.05,1169000.0,75.0,1.0,32686804.0
sus1,simulizar,x_ss_mediastore,1790706050919.0,76.06,1173328.0,79.0,1.0,32687044.0
sus1,simulizar,x_ss_mediastore,1790706052929.0,78.07,1176364.0,79.0,1.0,32686344.0
sus1,simulizar,x_ss_mediastore,1790706054938.0,80.08,1176588.0,78.0,1.0,32691376.0
sus1,simulizar,x_ss_mediastore,1790706056950.0,82.09,1176876.0,79.0,1.0,32683116.0
sus1,simulizar,x_ss_mediastore,1790706058962.0,84.1,1297064.0,83.0,1.0,32543772.0
sus1,simulizar,x_ss_mediastore,1790706060975.0,86.12,1316652.0,81.0,1.0,32522496.0
sus1,simulizar,x_ss_mediastore,1790706062987.0,88.13,1317364.0,83.0,1.0,32515008.0
sus1,simulizar,x_ss_mediastore,1790706064998.0,90.14,1317544.0,83.0,1.0,32500712.0
sus1,simulizar,x_ss_mediastore,1790706067009.0,92.15,1317764.0,84.0,1.0,32495924.0
sus1,simulizar,x_ss_mediastore,1790706069020.0,94.16,1320112.0,85.0,1.0,32497592.0
sus1,simulizar,x_ss_mediastore,1790706071030.0,96.17,1320272.0,86.0,1.0,32496360.0
sus1,simulizar,x_ss_mediastore,1790706073041.0,98.18,1328308.0,87.0,1.0,32481508.0
sus1,simulizar,x_ss_mediastore,1790706075053.0,100.19,1328388.0,88.0,1.0,32480152.0
sus1,simulizar,x_ss_mediastore,1790706076863.0,102.0,1329072.0,90.0,1.0,32508020.0
sus1,simulizar,x_ss_mediastore,1790706078874.0,104.02,1329232.0,91.0,1.0,32521992.0
sus1,simulizar,x_ss_mediastore,1790706080885.0,106.03,1329388.0,92.0,1.0,32523172.0
sus1,simulizar,x_ss_mediastore,1790706082895.0,108.04,1329488.0,92.0,1.0,32517344.0
sus1,simulizar,x_ss_mediastore,1790706084906.0,110.05,1329628.0,93.0,1.0,32524036.0
sus1,simulizar,x_ss_mediastore,1790706086918.0,112.06,1329752.0,94.0,1.0,32528180.0
sus1,simulizar,x_ss_mediastore,1790706088929.0,114.07,1329916.0,95.0,1.0,32512380.0
sus1,simulizar,x_ss_mediastore,1790706090939.0,116.08,1330028.0,96.0,1.0,32522508.0
sus1,simulizar,x_ss_mediastore,1790706092954.0,118.09,1330144.0,97.0,1.0,32497148.0
sus1,simulizar,x_ss_mediastore,1790706094967.0,120.11,1330256.0,98.0,1.0,32496308.0
sus1,simulizar,x_ss_mediastore,1790706096980.0,122.12,1330364.0,99.0,1.0,32491508.0
sus1,simulizar,x_ss_mediastore,1790706098992.0,124.13,1330472.0,100.0,1.0,32494376.0
sus1,simulizar,x_ss_mediastore,1790706101005.0,126.15,1330580.0,101.0,1.0,32500324.0
sus1,simulizar,x_ss_mediastore,1790706103016.0,128.16,1335336.0,103.0,1.0,32496292.0
sus1,simulizar,x_ss_mediastore,1790706105027.0,130.17,1335412.0,103.0,1.0,32493712.0
sus1,simulizar,x_ss_mediastore,1790706107037.0,132.18,1335548.0,104.0,1.0,32497936.0
sus1,simulizar,x_ss_mediastore,1790706109046.0,134.19,1336164.0,106.0,1.0,32501088.0
sus1,simulizar,x_ss_mediastore,1790706111057.0,136.2,1336272.0,106.0,1.0,32506220.0
sus1,simulizar,x_ss_mediastore,1790706112869.0,138.01,1336404.0,107.0,1.0,32495648.0
sus1,simulizar,x_ss_mediastore,1790706114879.0,140.02,1372232.0,110.0,1.0,32457464.0
sus1,simulizar,x_ss_mediastore,1790706116890.0,142.03,1357508.0,111.0,1.0,32467956.0
sus1,simulizar,x_ss_mediastore,1790706118901.0,144.04,1357572.0,110.0,1.0,32466752.0
sus1,simulizar,x_ss_mediastore,1790706120911.0,146.05,1357660.0,111.0,1.0,32464252.0
sus1,simulizar,x_ss_mediastore,1790706122922.0,148.06,1357764.0,112.0,1.0,32471032.0
sus1,simulizar,x_ss_mediastore,1790706124932.0,150.07,1357872.0,113.0,1.0,32470488.0
sus1,simulizar,x_ss_mediastore,1790706126942.0,152.08,1357976.0,114.0,1.0,32464936.0
sus1,simulizar,x_ss_mediastore,1790706128954.0,154.09,1358084.0,115.0,1.0,32467840.0
sus1,simulizar,x_ss_mediastore,1790706130968.0,156.11,1368648.0,116.0,1.0,32461124.0
sus1,simulizar,x_ss_mediastore,1790706132981.0,158.12,1379200.0,117.0,1.0,32445036.0
sus1,simulizar,x_ss_mediastore,1790706134994.0,160.13,1385576.0,118.0,1.0,32433868.0
sus1,simulizar,x_ss_mediastore,1790706137006.0,162.15,1396288.0,120.0,1.0,32423292.0
sus1,simulizar,x_ss_mediastore,1790706139018.0,164.16,1411088.0,121.0,1.0,32419568.0
sus1,simulizar,x_ss_mediastore,1790706141028.0,166.17,1421616.0,121.0,1.0,32408932.0
sus1,simulizar,x_ss_mediastore,1790706143037.0,168.18,1432164.0,122.0,1.0,32392032.0
sus1,simulizar,x_ss_mediastore,1790706145047.0,170.19,1442684.0,123.0,1.0,32387044.0
sus1,simulizar,x_ss_mediastore,1790706147057.0,172.2,1453272.0,124.0,1.0,32378652.0
sus1,simulizar,x_ss_mediastore,1790706148868.0,174.01,1463820.0,125.0,1.0,32372296.0
sus1,simulizar,x_ss_mediastore,1790706150878.0,176.02,1474380.0,126.0,1.0,32363980.0
sus1,simulizar,x_ss_mediastore,1790706152889.0,178.03,1479924.0,127.0,1.0,32353784.0
sus1,simulizar,x_ss_mediastore,1790706154899.0,180.04,1485128.0,128.0,1.0,32353532.0
sus1,simulizar,x_ss_mediastore,1790706156910.0,182.05,1495676.0,129.0,1.0,32331208.0
sus1,simulizar,x_ss_mediastore,1790706158921.0,184.06,1510492.0,131.0,1.0,32313336.0
sus1,simulizar,x_ss_mediastore,1790706160930.0,186.07,1527300.0,132.0,1.0,32295496.0
sus1,simulizar,x_ss_mediastore,1790706162942.0,188.08,1533664.0,133.0,1.0,32294240.0
sus1,simulizar,x_ss_mediastore,1790706164953.0,190.09,1548392.0,134.0,1.0,32276852.0
sus1,simulizar,x_ss_mediastore,1790706166966.0,192.11,1558976.0,135.0,1.0,32267768.0
sus1,simulizar,x_ss_mediastore,1790706168978.0,194.12,1569500.0,136.0,1.0,32256216.0
sus1,simulizar,x_ss_mediastore,1790706170989.0,196.13,1586412.0,140.0,1.0,32242920.0
sus1,simulizar,x_ss_mediastore,1790706173002.0,198.14,1586536.0,140.0,1.0,32245092.0
sus1,simulizar,x_ss_mediastore,1790706175013.0,200.15,1597096.0,139.0,1.0,32230180.0
sus1,simulizar,x_ss_mediastore,1790706177024.0,202.17,1607652.0,140.0,1.0,32219740.0
sus1,simulizar,x_ss_mediastore,1790706179035.0,204.18,1618164.0,141.0,1.0,32211808.0
sus1,simulizar,x_ss_mediastore,1790706181045.0,206.19,1637056.0,142.0,1.0,32182580.0
sus1,simulizar,x_ss_mediastore,1790706183055.0,208.2,1637208.0,143.0,1.0,32182584.0
sus1,simulizar,x_ss_mediastore,1790706184866.0,210.01,1647740.0,144.0,1.0,32174860.0
sus1,simulizar,x_ss_mediastore,1790706186877.0,212.02,1660376.0,145.0,1.0,32161708.0
sus1,simulizar,x_ss_mediastore,1790706188889.0,214.03,1670908.0,146.0,1.0,32235988.0
sus1,simulizar,x_ss_mediastore,1790706190900.0,216.04,1671028.0,147.0,1.0,32236744.0
sus1,simulizar,x_ss_mediastore,1790706192911.0,218.05,1689908.0,148.0,1.0,32216568.0
sus1,simulizar,x_ss_mediastore,1790706194922.0,220.06,1700460.0,149.0,1.0,32210464.0
sus1,simulizar,x_ss_mediastore,1790706196932.0,222.07,1711008.0,150.0,1.0,32194528.0
sus1,simulizar,x_ss_mediastore,1790706198942.0,224.08,1727816.0,151.0,1.0,32189704.0
sus1,simulizar,x_ss_mediastore,1790706200955.0,226.09,1727936.0,152.0,1.0,32189792.0
sus1,simulizar,x_ss_mediastore,1790706202969.0,228.11,1744736.0,153.0,1.0,32168268.0
sus1,simulizar,x_ss_mediastore,1790706204981.0,230.12,1759448.0,154.0,1.0,32153992.0
sus1,simulizar,x_ss_mediastore,1790706206990.0,232.13,1759576.0,155.0,1.0,32145280.0
sus1,simulizar,x_ss_mediastore,1790706209001.0,234.14,1774308.0,156.0,1.0,32139800.0
sus1,simulizar,x_ss_mediastore,1790706211011.0,236.15,1784840.0,157.0,1.0,32134084.0
sus1,simulizar,x_ss_mediastore,1790706213021.0,238.16,1801672.0,158.0,1.0,32126056.0
sus1,simulizar,x_ss_mediastore,1790706215033.0,240.17,1801796.0,159.0,1.0,32125796.0
sus1,simulizar,x_ss_mediastore,1790706217042.0,242.18,1812332.0,160.0,1.0,32090116.0
sus1,simulizar,x_ss_mediastore,1790706219053.0,244.2,1833316.0,161.0,1.0,32088040.0
sus1,simulizar,x_ss_mediastore,1790706220864.0,246.0,1833436.0,162.0,1.0,32087180.0
sus1,simulizar,x_ss_mediastore,1790706222875.0,248.02,1843976.0,163.0,1.0,32073820.0
sus1,simulizar,x_ss_mediastore,1790706224885.0,250.03,1844088.0,164.0,1.0,32074252.0
sus1,simulizar,x_ss_mediastore,1790706226896.0,252.04,1865060.0,165.0,1.0,32050112.0
sus1,simulizar,x_ss_mediastore,1790706228907.0,254.05,1879844.0,167.0,1.0,32012480.0
sus1,simulizar,x_ss_mediastore,1790706230918.0,256.06,1879920.0,167.0,1.0,32014588.0
sus1,simulizar,x_ss_mediastore,1790706232929.0,258.07,1897116.0,169.0,1.0,31991296.0
sus1,simulizar,x_ss_mediastore,1790706234939.0,260.08,1908548.0,172.0,1.0,31972588.0
sus1,simulizar,x_ss_mediastore,1790706236951.0,262.09,1909004.0,172.0,1.0,31982720.0
sus1,simulizar,x_ss_mediastore,1790706238964.0,264.1,1936368.0,171.0,1.0,31954464.0
sus1,simulizar,x_ss_mediastore,1790706240975.0,266.12,1941988.0,172.0,1.0,31938564.0
sus1,simulizar,x_ss_mediastore,1790706242989.0,268.13,1942112.0,173.0,1.0,31939920.0
sus1,simulizar,x_ss_mediastore,1790706245002.0,270.14,1958900.0,174.0,1.0,31921328.0
sus1,simulizar,x_ss_mediastore,1790706247015.0,272.16,1959024.0,175.0,1.0,31917316.0
sus1,simulizar,x_ss_mediastore,1790706249026.0,274.17,1977916.0,176.0,1.0,31902560.0
sus1,simulizar,x_ss_mediastore,1790706251038.0,276.18,1992184.0,177.0,1.0,31881560.0
sus1,simulizar,x_ss_mediastore,1790706253046.0,278.19,1994844.0,178.0,1.0,31882148.0
sus1,simulizar,x_ss_mediastore,1790706255057.0,280.2,2011628.0,179.0,1.0,31817152.0
sus1,simulizar,x_ss_mediastore,1790706256868.0,282.01,2011648.0,179.0,1.0,31819360.0
sus1,simulizar,x_ss_mediastore,1790706258879.0,284.02,2026360.0,180.0,1.0,31805040.0
sus1,simulizar,x_ss_mediastore,1790706260891.0,286.03,2026464.0,181.0,1.0,31802108.0
sus1,simulizar,x_ss_mediastore,1790706262901.0,288.04,2043256.0,182.0,1.0,31787060.0
sus1,simulizar,x_ss_mediastore,1790706264912.0,290.05,2064244.0,183.0,1.0,31752744.0
sus1,simulizar,x_ss_mediastore,1790706266922.0,292.06,2085232.0,185.0,1.0,31703120.0
sus1,simulizar,x_ss_mediastore,1790706268932.0,294.07,2104104.0,185.0,1.0,31672516.0
sus1,simulizar,x_ss_mediastore,1790706270943.0,296.08,2104232.0,186.0,1.0,31680092.0
sus1,simulizar,x_ss_mediastore,1790706272957.0,298.1,2151984.0,189.0,1.0,31639784.0
sus1,simulizar,x_ss_mediastore,1790706274970.0,300.11,2152072.0,189.0,1.0,31641676.0
sus1,simulizar,x_ss_mediastore,1790706276984.0,302.12,2168832.0,189.0,1.0,31603200.0
sus1,slingshot,x_espresso,1790707928364.0,0.01,15424.0,2.0,1.0,33716876.0
sus1,slingshot,x_espresso,1790707930373.0,2.02,255872.0,46.0,1.0,33477964.0
sus1,slingshot,x_espresso,1790707932381.0,4.03,601424.0,48.0,1.0,33114124.0
sus1,slingshot,x_espresso,1790707934390.0,6.04,808964.0,59.0,1.0,32886492.0
sus1,slingshot,x_espresso,1790707936398.0,8.05,933112.0,73.0,1.0,32773624.0
sus1,slingshot,x_espresso,1790707938406.0,10.05,942072.0,84.0,1.0,32763280.0
sus1,slingshot,x_espresso,1790707940414.0,12.06,949380.0,98.0,1.0,32744288.0
sus1,slingshot,x_espresso,1790707942423.0,14.07,962528.0,113.0,1.0,32747452.0
sus1,slingshot,x_espresso,1790707944433.0,16.08,988084.0,126.0,1.0,32705244.0
sus1,slingshot,x_espresso,1790707946441.0,18.09,996864.0,140.0,1.0,32708624.0
sus1,slingshot,x_espresso,1790707948451.0,20.1,1001336.0,154.0,1.0,32704676.0
sus1,slingshot,x_espresso,1790707950460.0,22.11,1009252.0,168.0,1.0,32706504.0
sus1,slingshot,x_espresso,1790707952470.0,24.12,1015520.0,183.0,1.0,32707596.0
sus1,slingshot,x_espresso,1790707954479.0,26.13,1012460.0,197.0,1.0,32699004.0
sus1,slingshot,x_espresso,1790707956487.0,28.14,1014016.0,209.0,1.0,32706276.0
sus1,slingshot,x_espresso,1790707958495.0,30.14,1016368.0,223.0,1.0,32710616.0
sus1,slingshot,x_espresso,1790707960504.0,32.15,1022464.0,241.0,1.0,32709036.0
sus1,slingshot,x_espresso,1790707962514.0,34.16,1024008.0,252.0,1.0,32709624.0
sus1,slingshot,x_espresso,1790707964523.0,36.17,1026612.0,267.0,1.0,32705140.0
sus1,slingshot,x_espresso,1790707966531.0,38.18,1028280.0,281.0,1.0,32707512.0
sus1,slingshot,x_espresso,1790707968540.0,40.19,1032084.0,297.0,1.0,32707412.0
sus1,slingshot,x_espresso,1790707970550.0,42.2,1033040.0,310.0,1.0,32705880.0
sus1,slingshot,x_espresso,1790707972358.0,44.01,1033484.0,323.0,1.0,32707316.0
sus1,slingshot,x_espresso,1790707974367.0,46.02,1042412.0,338.0,1.0,32683104.0
sus1,slingshot,x_espresso,1790707976377.0,48.02,1053660.0,354.0,1.0,32672784.0
sus1,slingshot,x_espresso,1790707978385.0,50.03,1078536.0,367.0,1.0,32644128.0
sus1,slingshot,x_espresso,1790707980393.0,52.04,1066160.0,381.0,1.0,32663752.0
sus1,slingshot,x_espresso,1790707982402.0,54.05,1086056.0,397.0,1.0,32643896.0
sus1,slingshot,x_espresso,1790707984411.0,56.06,1089008.0,410.0,1.0,32634024.0
sus1,slingshot,x_espresso,1790707986419.0,58.07,1091296.0,428.0,1.0,32637356.0
sus1,slingshot,x_espresso,1790707988430.0,60.08,1091848.0,440.0,1.0,32637108.0
sus1,slingshot,x_espresso,1790707990439.0,62.09,1092316.0,454.0,1.0,32640048.0
sus1,slingshot,x_espresso,1790707992449.0,64.1,1095324.0,470.0,1.0,32637156.0
sus1,slingshot,x_espresso,1790707994459.0,66.11,1095712.0,483.0,1.0,32642308.0
sus1,slingshot,x_espresso,1790707996468.0,68.12,1104332.0,498.0,1.0,32631796.0
sus1,slingshot,x_espresso,1790707998477.0,70.13,1104732.0,512.0,1.0,32633044.0
sus1,slingshot,x_espresso,1790708000487.0,72.13,1105132.0,527.0,1.0,32630040.0
sus1,slingshot,x_espresso,1790708002496.0,74.14,1110208.0,542.0,1.0,32619996.0
sus1,slingshot,x_espresso,1790708004505.0,76.15,851804.0,556.0,1.0,32875464.0
sus1,slingshot,x_espresso,1790708006514.0,78.16,1051308.0,570.0,1.0,32665128.0
sus1,slingshot,x_espresso,1790708008523.0,80.17,1051800.0,585.0,1.0,32666336.0
sus1,slingshot,x_espresso,1790708010533.0,82.18,1052220.0,600.0,1.0,32666540.0
sus1,slingshot,x_espresso,1790708012541.0,84.19,1055628.0,616.0,1.0,32660824.0
sus1,slingshot,x_espresso,1790708014551.0,86.2,1056128.0,629.0,1.0,32674300.0
sus1,slingshot,x_espresso,1790708016360.0,88.01,1056496.0,643.0,1.0,32674076.0
sus1,slingshot,x_espresso,1790708018369.0,90.02,1175944.0,657.0,1.0,32551384.0
sus1,slingshot,x_espresso,1790708020377.0,92.03,1180476.0,672.0,1.0,32547140.0
sus1,slingshot,x_espresso,1790708022387.0,94.03,1188012.0,687.0,1.0,32539116.0
sus1,slingshot,x_espresso,1790708024396.0,96.04,1188480.0,701.0,1.0,32534592.0
sus1,slingshot,x_espresso,1790708026405.0,98.05,1188832.0,716.0,1.0,32533692.0
sus1,slingshot,x_espresso,1790708028414.0,100.06,1189276.0,731.0,1.0,32533780.0
sus1,slingshot,x_espresso,1790708030423.0,102.07,1189672.0,745.0,1.0,32532952.0
sus1,slingshot,x_espresso,1790708032433.0,104.08,1190548.0,761.0,1.0,32528452.0
sus1,slingshot,x_espresso,1790708034443.0,106.09,1202924.0,775.0,1.0,32508828.0
sus1,slingshot,x_espresso,1790708036453.0,108.1,1209772.0,793.0,1.0,32508372.0
sus1,slingshot,x_espresso,1790708038464.0,110.11,1210172.0,805.0,1.0,32507460.0
sus1,slingshot,x_espresso,1790708040473.0,112.12,1214384.0,819.0,1.0,32510816.0
sus1,slingshot,x_espresso,1790708042482.0,114.13,1214852.0,834.0,1.0,32508808.0
sus1,slingshot,x_espresso,1790708044492.0,116.14,1209820.0,849.0,1.0,32508328.0
sus1,slingshot,x_espresso,1790708046501.0,118.15,1210212.0,864.0,1.0,32510808.0
sus1,slingshot,x_espresso,1790708048510.0,120.16,1210596.0,879.0,1.0,32513156.0
sus1,slingshot,x_ss_mediastore,1790706582190.0,0.01,15420.0,2.0,1.0,33773052.0
sus1,slingshot,x_ss_mediastore,1790706584199.0,2.02,314556.0,48.0,1.0,33477868.0
sus1,slingshot,x_ss_mediastore,1790706586209.0,4.03,504264.0,49.0,1.0,33273752.0
sus1,slingshot,x_ss_mediastore,1790706588218.0,6.04,621976.0,45.0,1.0,33131504.0
sus1,slingshot,x_ss_mediastore,1790706590227.0,8.05,776676.0,45.0,1.0,32975156.0
sus1,slingshot,x_ss_mediastore,1790706592235.0,10.06,874684.0,45.0,1.0,32883272.0
sus1,slingshot,x_ss_mediastore,1790706594247.0,12.07,869044.0,44.0,1.0,32899476.0
sus1,slingshot,x_ss_mediastore,1790706596257.0,14.08,879592.0,44.0,1.0,32903792.0
sus1,slingshot,x_ss_mediastore,1790706598267.0,16.09,873620.0,45.0,1.0,32913372.0
sus1,slingshot,x_ss_mediastore,1790706600276.0,18.1,875448.0,50.0,1.0,32915768.0
sus1,slingshot,x_ss_mediastore,1790706602285.0,20.11,878876.0,51.0,1.0,32915088.0
sus1,slingshot,x_ss_mediastore,1790706604295.0,22.12,880504.0,51.0,1.0,32912768.0
sus1,slingshot,x_ss_mediastore,1790706606304.0,24.12,888248.0,55.0,1.0,32904772.0
sus1,slingshot,x_ss_mediastore,1790706608313.0,26.13,889108.0,53.0,1.0,32916184.0
sus1,slingshot,x_ss_mediastore,1790706610322.0,28.14,890976.0,53.0,1.0,32913916.0
sus1,slingshot,x_ss_mediastore,1790706612331.0,30.15,892288.0,55.0,1.0,32915000.0
sus1,slingshot,x_ss_mediastore,1790706614341.0,32.16,893484.0,55.0,1.0,32917424.0
sus1,slingshot,x_ss_mediastore,1790706616352.0,34.17,913212.0,56.0,1.0,32898648.0
sus1,slingshot,x_ss_mediastore,1790706618362.0,36.18,905352.0,60.0,1.0,32892004.0
sus1,slingshot,x_ss_mediastore,1790706620372.0,38.19,917380.0,61.0,1.0,32886492.0
sus1,slingshot,x_ss_mediastore,1790706622181.0,40.0,919172.0,62.0,1.0,32887372.0
sus1,slingshot,x_ss_mediastore,1790706624191.0,42.01,919808.0,61.0,1.0,32886768.0
sus1,slingshot,x_ss_mediastore,1790706626200.0,44.02,922180.0,66.0,1.0,32886384.0
sus1,slingshot,x_ss_mediastore,1790706628209.0,46.03,923508.0,66.0,1.0,32881456.0
sus1,slingshot,x_ss_mediastore,1790706630218.0,48.04,925596.0,68.0,1.0,32885052.0
sus1,slingshot,x_ss_mediastore,1790706632228.0,50.05,925860.0,66.0,1.0,32884916.0
sus1,slingshot,x_ss_mediastore,1790706634236.0,52.06,931892.0,67.0,1.0,32883648.0
sus1,slingshot,x_ss_mediastore,1790706636246.0,54.07,944116.0,68.0,1.0,32873100.0
sus1,slingshot,x_ss_mediastore,1790706638256.0,56.08,942076.0,72.0,1.0,32877860.0
sus1,slingshot,x_ss_mediastore,1790706640266.0,58.09,942328.0,72.0,1.0,32878060.0
sus1,slingshot,x_ss_mediastore,1790706642276.0,60.1,943100.0,73.0,1.0,32877808.0
sus1,slingshot,x_ss_mediastore,1790706644284.0,62.11,943348.0,73.0,1.0,32882012.0
sus1,slingshot,x_ss_mediastore,1790706646293.0,64.11,943960.0,76.0,1.0,32883244.0
sus1,slingshot,x_ss_mediastore,1790706648302.0,66.12,944468.0,79.0,1.0,32879584.0
sus1,slingshot,x_ss_mediastore,1790706650312.0,68.13,970124.0,81.0,1.0,32853192.0
sus1,slingshot,x_ss_mediastore,1790706652322.0,70.14,970260.0,79.0,1.0,32852052.0
sus1,slingshot,x_ss_mediastore,1790706654331.0,72.15,970384.0,79.0,1.0,32857176.0
sus1,slingshot,x_ss_mediastore,1790706656340.0,74.16,1001832.0,84.0,1.0,32826284.0
sus1,slingshot,x_ss_mediastore,1790706658351.0,76.17,981992.0,82.0,1.0,32839376.0
sus1,slingshot,x_ss_mediastore,1790706660362.0,78.18,982192.0,83.0,1.0,32839684.0
sus1,slingshot,x_ss_mediastore,1790706662371.0,80.19,986264.0,85.0,1.0,32838500.0
sus1,slingshot,x_ss_mediastore,1790706664181.0,82.0,986732.0,87.0,1.0,32840960.0
sus1,slingshot,x_ss_mediastore,1790706666190.0,84.01,990324.0,88.0,1.0,32839060.0
sus1,slingshot,x_ss_mediastore,1790706668197.0,86.02,990440.0,88.0,1.0,32840124.0
sus1,slingshot,x_ss_mediastore,1790706670206.0,88.03,1106404.0,89.0,1.0,32710624.0
sus1,slingshot,x_ss_mediastore,1790706672215.0,90.04,1106732.0,90.0,1.0,32710124.0
sus1,slingshot,x_ss_mediastore,1790706674224.0,92.05,1118612.0,94.0,1.0,32702024.0
sus1,slingshot,x_ss_mediastore,1790706676232.0,94.05,1118776.0,93.0,1.0,32701896.0
sus1,slingshot,x_ss_mediastore,1790706678239.0,96.06,1118908.0,94.0,1.0,32731964.0
sus1,slingshot,x_ss_mediastore,1790706680249.0,98.07,1119164.0,96.0,1.0,32731636.0
sus1,slingshot,x_ss_mediastore,1790706682258.0,100.08,829996.0,97.0,1.0,33026448.0
sus1,slingshot,x_ss_mediastore,1790706684267.0,102.09,1006632.0,98.0,1.0,32852584.0
sus1,slingshot,x_ss_mediastore,1790706686277.0,104.1,1025868.0,101.0,1.0,32828676.0
sus1,slingshot,x_ss_mediastore,1790706688286.0,106.11,1016272.0,101.0,1.0,32831016.0
sus1,slingshot,x_ss_mediastore,1790706690295.0,108.12,1017196.0,105.0,1.0,32834680.0
sus1,slingshot,x_ss_mediastore,1790706692305.0,110.13,1017400.0,106.0,1.0,32837328.0
sus1,slingshot,x_ss_mediastore,1790706694314.0,112.13,1017764.0,105.0,1.0,32839640.0
sus1,slingshot,x_ss_mediastore,1790706696323.0,114.14,1017908.0,106.0,1.0,32839760.0
sus1,slingshot,x_ss_mediastore,1790706698331.0,116.15,1018068.0,107.0,1.0,32830372.0
sus1,slingshot,x_ss_mediastore,1790706700339.0,118.16,1018356.0,108.0,1.0,32834660.0
sus1,slingshot,x_ss_mediastore,1790706702350.0,120.17,1018564.0,109.0,1.0,32834996.0
sus1,slingshot,x_ss_mediastore,1790706704360.0,122.18,1018724.0,110.0,1.0,32834940.0
sus1,slingshot,x_ss_mediastore,1790706706370.0,124.19,1018892.0,111.0,1.0,32836296.0
sus1,slingshot,x_ss_mediastore,1790706708378.0,126.2,1019124.0,112.0,1.0,32832756.0
sus1,slingshot,x_ss_mediastore,1790706710187.0,128.01,1024364.0,117.0,1.0,32830520.0
sus1,slingshot,x_ss_mediastore,1790706712198.0,130.02,1024720.0,116.0,1.0,32833224.0
sus1,slingshot,x_ss_mediastore,1790706714207.0,132.03,1024876.0,116.0,1.0,32870836.0
sus1,slingshot,x_ss_mediastore,1790706716216.0,134.04,1025016.0,117.0,1.0,32875412.0
sus1,slingshot,x_ss_mediastore,1790706718224.0,136.05,1025220.0,118.0,1.0,32869108.0
sus1,slingshot,x_ss_mediastore,1790706720232.0,138.05,1025788.0,120.0,1.0,32867724.0
sus1,slingshot,x_ss_mediastore,1790706722241.0,140.06,1026348.0,123.0,1.0,32871656.0
sus1,slingshot,x_ss_mediastore,1790706724251.0,142.07,1026500.0,122.0,1.0,32874940.0
sus1,slingshot,x_ss_mediastore,1790706726261.0,144.08,1043548.0,125.0,1.0,32858812.0
sus1,slingshot,x_ss_mediastore,1790706728269.0,146.09,1027892.0,125.0,1.0,32865776.0
sus1,slingshot,x_ss_mediastore,1790706730278.0,148.1,1027992.0,126.0,1.0,32868032.0
sus1,slingshot,x_ss_mediastore,1790706732289.0,150.11,1145080.0,127.0,1.0,32749108.0
sus1,slingshot,x_ss_mediastore,1790706734299.0,152.12,1145196.0,128.0,1.0,32749112.0
sus1,slingshot,x_ss_mediastore,1790706736309.0,154.13,1145348.0,129.0,1.0,32749112.0
sus1,slingshot,x_ss_mediastore,1790706738318.0,156.14,1147184.0,131.0,1.0,32744024.0
sus1,slingshot,x_ss_mediastore,1790706740327.0,158.15,1147336.0,132.0,1.0,32745540.0
sus1,slingshot,x_ss_mediastore,1790706742336.0,160.16,1147448.0,133.0,1.0,32751892.0
sus1,slingshot,x_ss_mediastore,1790706744346.0,162.17,1147604.0,135.0,1.0,32751892.0
sus1,slingshot,x_ss_mediastore,1790706746357.0,164.18,1147820.0,136.0,1.0,32750928.0
sus1,slingshot,x_ss_mediastore,1790706748366.0,166.19,1150728.0,138.0,1.0,32741324.0
sus1,slingshot,x_ss_mediastore,1790706750376.0,168.2,1150824.0,138.0,1.0,32740044.0
sus1,slingshot,x_ss_mediastore,1790706752185.0,170.01,1150944.0,139.0,1.0,32741924.0
sus1,slingshot,x_ss_mediastore,1790706754195.0,172.02,1151064.0,140.0,1.0,32742376.0
sus1,slingshot,x_ss_mediastore,1790706756205.0,174.03,1151160.0,141.0,1.0,32743824.0
sus1,slingshot,x_ss_mediastore,1790706758213.0,176.03,1151276.0,142.0,1.0,32738312.0
sus1,slingshot,x_ss_mediastore,1790706760221.0,178.04,1151500.0,144.0,1.0,32749552.0
sus1,slingshot,x_ss_mediastore,1790706762231.0,180.05,1151596.0,145.0,1.0,32749668.0
sus1,slingshot,x_ss_mediastore,1790706764240.0,182.06,1151716.0,146.0,1.0,32750472.0
sus1,slingshot,x_ss_mediastore,1790706766250.0,184.07,1151832.0,147.0,1.0,32750488.0
sus1,slingshot,x_ss_mediastore,1790706768258.0,186.08,1152040.0,149.0,1.0,32735156.0
sus1,slingshot,x_ss_mediastore,1790706770267.0,188.09,1152572.0,151.0,1.0,32744424.0
sus1,slingshot,x_ss_mediastore,1790706772276.0,190.1,1154152.0,152.0,1.0,32745080.0
sus1,slingshot,x_ss_mediastore,1790706774285.0,192.11,1154244.0,152.0,1.0,32745220.0
sus1,slingshot,x_ss_mediastore,1790706776294.0,194.12,1154360.0,153.0,1.0,32746040.0
sus1,slingshot,x_ss_mediastore,1790706778303.0,196.13,1154584.0,155.0,1.0,32729192.0
sus1,slingshot,x_ss_mediastore,1790706780313.0,198.13,1154696.0,156.0,1.0,32742804.0
sus1,slingshot,x_ss_mediastore,1790706782323.0,200.14,1154816.0,157.0,1.0,32743484.0
sus1,slingshot,x_ss_mediastore,1790706784332.0,202.15,1154932.0,158.0,1.0,32747032.0
sus1,slingshot,x_ss_mediastore,1790706786342.0,204.16,1155032.0,159.0,1.0,32746528.0
sus1,slingshot,x_ss_mediastore,1790706788353.0,206.17,1155260.0,161.0,1.0,32741420.0
sus1,slingshot,x_ss_mediastore,1790706790363.0,208.18,1161908.0,165.0,1.0,32742244.0
sus1,slingshot,x_ss_mediastore,1790706792374.0,210.19,1161992.0,165.0,1.0,32742084.0
sus1,slingshot,x_ss_mediastore,1790706794183.0,212.0,1162104.0,164.0,1.0,32741840.0
sus1,slingshot,x_ss_mediastore,1790706796193.0,214.01,1162212.0,166.0,1.0,32741852.0
sus1,slingshot,x_ss_mediastore,1790706798202.0,216.02,1163308.0,170.0,1.0,32741608.0
sus1,slingshot,x_ss_mediastore,1790706800212.0,218.03,1163424.0,169.0,1.0,32748112.0
sus1,slingshot,x_ss_mediastore,1790706802221.0,220.04,1163496.0,169.0,1.0,32748296.0
sus1,slingshot,x_ss_mediastore,1790706804230.0,222.05,1163596.0,170.0,1.0,32746340.0
sus1,slingshot,x_ss_mediastore,1790706806239.0,224.06,1163808.0,172.0,1.0,32743180.0
sus1,slingshot,x_ss_mediastore,1790706808248.0,226.07,1163988.0,173.0,1.0,32743112.0
sus1,slingshot,x_ss_mediastore,1790706810257.0,228.08,1164104.0,174.0,1.0,32745108.0
sus1,slingshot,x_ss_mediastore,1790706812266.0,230.09,1164204.0,175.0,1.0,32746668.0
sus1,slingshot,x_ss_mediastore,1790706814277.0,232.1,1164328.0,176.0,1.0,32747344.0
sus1,slingshot,x_ss_mediastore,1790706816285.0,234.11,1164540.0,178.0,1.0,32746336.0
sus1,slingshot,x_ss_mediastore,1790706818293.0,236.12,1164648.0,179.0,1.0,32744568.0
sus1,slingshot,x_ss_mediastore,1790706820302.0,238.12,1164756.0,180.0,1.0,32735840.0
sus1,slingshot,x_ss_mediastore,1790706822311.0,240.13,1164864.0,181.0,1.0,32736604.0
sus1,slingshot,x_ss_mediastore,1790706824321.0,242.14,1165064.0,183.0,1.0,32736108.0
sus1,slingshot,x_ss_mediastore,1790706826330.0,244.15,1165172.0,184.0,1.0,32736108.0
sus1,slingshot,x_ss_mediastore,1790706828338.0,246.16,1165268.0,185.0,1.0,32735100.0
sus1,slingshot,x_ss_mediastore,1790706830349.0,248.17,1165360.0,186.0,1.0,32738436.0
sus1,slingshot,x_ss_mediastore,1790706832360.0,250.18,1165476.0,187.0,1.0,32738600.0
sus1,slingshot,x_ss_mediastore,1790706834370.0,252.19,1165704.0,189.0,1.0,32738364.0
sus1,slingshot,x_ss_mediastore,1790706836180.0,254.0,1165792.0,190.0,1.0,32735652.0
sus1,slingshot,x_ss_mediastore,1790706838190.0,256.01,1178752.0,193.0,1.0,32723780.0
sus1,slingshot,x_ss_mediastore,1790706840200.0,258.02,1179168.0,194.0,1.0,32717608.0
sus1,slingshot,x_ss_mediastore,1790706842209.0,260.03,1179264.0,194.0,1.0,32719984.0
sus1,slingshot,x_ss_mediastore,1790706844218.0,262.04,1190400.0,195.0,1.0,32709672.0
sus1,slingshot,x_ss_mediastore,1790706846228.0,264.05,1190480.0,196.0,1.0,32710568.0
sus1,slingshot,x_ss_mediastore,1790706848237.0,266.06,1190584.0,197.0,1.0,32710820.0
sus1,slingshot,x_ss_mediastore,1790706850248.0,268.07,1190680.0,198.0,1.0,32711536.0
sus1,slingshot,x_ss_mediastore,1790706852257.0,270.08,1190896.0,200.0,1.0,32710088.0
sus1,slingshot,x_ss_mediastore,1790706854266.0,272.09,1190992.0,201.0,1.0,32709740.0
sus1,slingshot,x_ss_mediastore,1790706856276.0,274.1,1191120.0,202.0,1.0,32709656.0
sus1,slingshot,x_ss_mediastore,1790706858285.0,276.11,1191216.0,203.0,1.0,32707952.0
sus1,slingshot,x_ss_mediastore,1790706860294.0,278.12,1191352.0,204.0,1.0,32700064.0
sus1,slingshot,x_ss_mediastore,1790706862304.0,280.12,1191568.0,206.0,1.0,32699828.0
sus1,slingshot,x_ss_mediastore,1790706864313.0,282.13,1191660.0,207.0,1.0,32700160.0
sus1,slingshot,x_ss_mediastore,1790706866322.0,284.14,1191756.0,208.0,1.0,32699408.0
sus1,slingshot,x_ss_mediastore,1790706868335.0,286.15,1192032.0,209.0,1.0,32699420.0
sus1,slingshot,x_ss_mediastore,1790706870345.0,288.17,1192248.0,211.0,1.0,32697988.0
sus1,slingshot,x_ss_mediastore,1790706872356.0,290.18,1192352.0,212.0,1.0,32701160.0
sus1,slingshot,x_ss_mediastore,1790706874367.0,292.19,1192464.0,213.0,1.0,32693356.0
sus1,slingshot,x_ss_mediastore,1790706876378.0,294.2,1192584.0,214.0,1.0,32706816.0
sus1,slingshot,x_ss_mediastore,1790706878187.0,296.01,1192692.0,215.0,1.0,32704044.0
sus1,slingshot,x_ss_mediastore,1790706880196.0,298.02,1192928.0,217.0,1.0,32701176.0
sus1,slingshot,x_ss_mediastore,1790706882206.0,300.03,1193036.0,218.0,1.0,32702788.0
susN,refsim-procs-22,x_ss_mediastore,1790709776271.0,0.0,4520.0,1.0,1.0,33719832.0
susN,refsim-procs-22,x_ss_mediastore,1790709778319.0,2.02,5400604.0,422.0,23.0,28745624.0
susN,refsim-procs-22,x_ss_mediastore,1790709780366.0,4.07,6789308.0,446.0,23.0,27287864.0
susN,refsim-procs-22,x_ss_mediastore,1790709782381.0,6.11,7122952.0,423.0,23.0,26968376.0
susN,refsim-procs-22,x_ss_mediastore,1790709784425.0,8.13,8286408.0,425.0,23.0,25818912.0
susN,refsim-procs-22,x_ss_mediastore,1790709786511.0,10.2,9912892.0,546.0,23.0,24158428.0
susN,refsim-procs-22,x_ss_mediastore,1790709788342.0,12.07,10648660.0,446.0,23.0,23566764.0
susN,refsim-procs-22,x_ss_mediastore,1790709790373.0,14.09,11107260.0,453.0,23.0,23021196.0
susN,refsim-procs-22,x_ss_mediastore,1790709792436.0,16.13,11527712.0,525.0,23.0,22632428.0
susN,refsim-procs-22,x_ss_mediastore,1790709794325.0,18.01,12506860.0,531.0,23.0,21731896.0
susN,refsim-procs-22,x_ss_mediastore,1790709796416.0,20.09,12805464.0,512.0,23.0,21375064.0
susN,refsim-procs-22,x_ss_mediastore,1790709798478.0,22.18,12942824.0,499.0,23.0,21203964.0
susN,refsim-procs-22,x_ss_mediastore,1790709800320.0,24.02,13184668.0,510.0,23.0,21019248.0
susN,refsim-procs-22,x_ss_mediastore,1790709802346.0,26.06,13019416.0,502.0,23.0,20925436.0
susN,refsim-procs-22,x_ss_mediastore,1790709804381.0,28.1,13399112.0,504.0,23.0,20659096.0
susN,refsim-procs-22,x_ss_mediastore,1790709806425.0,30.13,13644964.0,471.0,23.0,20508688.0
susN,refsim-procs-22,x_ss_mediastore,1790709808446.0,32.17,13717468.0,459.0,23.0,20410100.0
susN,refsim-procs-22,x_ss_mediastore,1790709810485.0,34.2,13827868.0,482.0,23.0,20372276.0
susN,refsim-procs-22,x_ss_mediastore,1790709812348.0,36.04,13865172.0,497.0,23.0,20307108.0
susN,refsim-procs-22,x_ss_mediastore,1790709814405.0,38.1,14008628.0,481.0,23.0,20208696.0
susN,refsim-procs-22,x_ss_mediastore,1790709816443.0,40.16,14074784.0,456.0,23.0,20187340.0
susN,refsim-procs-22,x_ss_mediastore,1790709818476.0,42.19,14103280.0,453.0,23.0,20141012.0
susN,refsim-procs-22,x_ss_mediastore,1790709820302.0,44.02,14212544.0,454.0,23.0,20039268.0
susN,refsim-procs-22,x_ss_mediastore,1790709822328.0,46.05,14257304.0,437.0,23.0,19992656.0
susN,refsim-procs-22,x_ss_mediastore,1790709824359.0,48.08,14303920.0,433.0,23.0,19971396.0
susN,refsim-procs-22,x_ss_mediastore,1790709826381.0,50.1,14396724.0,427.0,23.0,19896408.0
susN,refsim-procs-22,x_ss_mediastore,1790709828404.0,52.13,14435892.0,423.0,23.0,19837332.0
susN,refsim-procs-22,x_ss_mediastore,1790709830428.0,54.15,14501144.0,432.0,23.0,19791756.0
susN,refsim-procs-22,x_ss_mediastore,1790709832457.0,56.18,14547356.0,431.0,23.0,19743776.0
susN,refsim-procs-22,x_ss_mediastore,1790709834279.0,58.01,14616368.0,421.0,23.0,19684720.0
susN,refsim-procs-22,x_ss_mediastore,1790709836307.0,60.03,14701896.0,435.0,23.0,19600052.0
susN,refsim-procs-22,x_ss_mediastore,1790709838329.0,62.05,14772548.0,430.0,23.0,19539740.0
susN,refsim-procs-22,x_ss_mediastore,1790709840360.0,64.07,14845384.0,410.0,23.0,19467416.0
susN,refsim-procs-22,x_ss_mediastore,1790709842382.0,66.1,14919208.0,416.0,23.0,19386436.0
susN,refsim-procs-22,x_ss_mediastore,1790709844411.0,68.13,14983260.0,408.0,23.0,19333700.0
susN,refsim-procs-22,x_ss_mediastore,1790709846439.0,70.16,15059660.0,412.0,23.0,19265808.0
susN,refsim-procs-22,x_ss_mediastore,1790709848462.0,72.19,15129348.0,404.0,23.0,19203152.0
susN,refsim-procs-22,x_ss_mediastore,1790709850295.0,74.01,15196144.0,414.0,23.0,19126816.0
susN,refsim-procs-22,x_ss_mediastore,1790709852324.0,76.04,15265148.0,408.0,23.0,19037124.0
susN,refsim-procs-22,x_ss_mediastore,1790709854349.0,78.07,15347928.0,407.0,23.0,18973936.0
susN,refsim-procs-22,x_ss_mediastore,1790709856370.0,80.1,15422176.0,408.0,23.0,18899124.0
susN,refsim-procs-22,x_ss_mediastore,1790709858389.0,82.12,15484932.0,411.0,23.0,18819528.0
susN,refsim-procs-22,x_ss_mediastore,1790709860429.0,84.14,15579604.0,408.0,23.0,18729456.0
susN,refsim-procs-22,x_ss_mediastore,1790709862458.0,86.17,15640748.0,398.0,23.0,18668788.0
susN,refsim-procs-22,x_ss_mediastore,1790709864290.0,88.0,15719528.0,404.0,23.0,18601536.0
susN,refsim-procs-22,x_ss_mediastore,1790709866313.0,90.04,15791868.0,403.0,23.0,18526976.0
susN,refsim-procs-22,x_ss_mediastore,1790709868333.0,92.06,15871212.0,411.0,23.0,18441304.0
susN,refsim-procs-22,x_ss_mediastore,1790709870357.0,94.08,15952556.0,408.0,23.0,18364356.0
susN,refsim-procs-22,x_ss_mediastore,1790709872387.0,96.1,16026180.0,418.0,23.0,18282252.0
susN,refsim-procs-22,x_ss_mediastore,1790709874419.0,98.13,16101524.0,417.0,23.0,18228860.0
susN,refsim-procs-22,x_ss_mediastore,1790709876450.0,100.16,16195080.0,412.0,23.0,18154804.0
susN,refsim-procs-22,x_ss_mediastore,1790709878475.0,102.19,16255332.0,414.0,23.0,18072620.0
susN,refsim-procs-22,x_ss_mediastore,1790709880288.0,104.02,16339844.0,423.0,23.0,17972340.0
susN,refsim-procs-22,x_ss_mediastore,1790709882312.0,106.04,16402992.0,413.0,23.0,17894736.0
susN,refsim-procs-22,x_ss_mediastore,1790709884328.0,108.06,16495052.0,404.0,23.0,17826736.0
susN,refsim-procs-22,x_ss_mediastore,1790709886355.0,110.08,16575972.0,402.0,23.0,17735816.0
susN,refsim-procs-22,x_ss_mediastore,1790709888371.0,112.1,16628508.0,401.0,23.0,17665328.0
susN,refsim-procs-22,x_ss_mediastore,1790709890408.0,114.12,16711648.0,408.0,23.0,17585240.0
susN,refsim-procs-22,x_ss_mediastore,1790709892433.0,116.15,16774132.0,422.0,23.0,17530820.0
susN,refsim-procs-22,x_ss_mediastore,1790709894462.0,118.18,16862360.0,403.0,23.0,17463820.0
susN,refsim-procs-22,x_ss_mediastore,1790709896286.0,120.01,16926604.0,399.0,23.0,17397292.0
susN,refsim-procs-22,x_ss_mediastore,1790709898309.0,122.03,17014060.0,398.0,23.0,17284340.0
susN,refsim-procs-22,x_ss_mediastore,1790709900330.0,124.06,17097088.0,397.0,23.0,17188736.0
susN,refsim-procs-22,x_ss_mediastore,1790709902346.0,126.07,17178832.0,402.0,23.0,17103284.0
susN,refsim-procs-22,x_ss_mediastore,1790709904374.0,128.09,17260784.0,402.0,23.0,17046120.0
susN,refsim-procs-22,x_ss_mediastore,1790709906396.0,130.12,17343036.0,400.0,23.0,16959892.0
susN,refsim-procs-22,x_ss_mediastore,1790709908422.0,132.14,17425948.0,400.0,23.0,16870304.0
susN,refsim-procs-22,x_ss_mediastore,1790709910440.0,134.17,17513704.0,404.0,23.0,16775320.0
susN,refsim-procs-22,x_ss_mediastore,1790709912464.0,136.18,17593756.0,406.0,23.0,16698028.0
susN,refsim-procs-22,x_ss_mediastore,1790709914295.0,138.01,17669676.0,418.0,23.0,16619644.0
susN,refsim-procs-22,x_ss_mediastore,1790709916322.0,140.04,17787592.0,405.0,23.0,16512416.0
susN,refsim-procs-22,x_ss_mediastore,1790709918347.0,142.07,17868984.0,409.0,23.0,16406032.0
susN,refsim-procs-22,x_ss_mediastore,1790709920376.0,144.09,17956768.0,401.0,23.0,16321032.0
susN,refsim-procs-22,x_ss_mediastore,1790709922395.0,146.12,17983972.0,401.0,23.0,16273156.0
susN,refsim-procs-22,x_ss_mediastore,1790709924428.0,148.15,18067744.0,399.0,23.0,16224816.0
susN,refsim-procs-22,x_ss_mediastore,1790709926458.0,150.17,18154692.0,399.0,23.0,16150756.0
susN,refsim-procs-22,x_ss_mediastore,1790709928282.0,152.0,18213536.0,401.0,23.0,16083320.0
susN,refsim-procs-22,x_ss_mediastore,1790709930301.0,154.03,18300832.0,403.0,23.0,16004364.0
susN,refsim-procs-22,x_ss_mediastore,1790709932337.0,156.05,18373944.0,404.0,23.0,15910808.0
susN,refsim-procs-22,x_ss_mediastore,1790709934360.0,158.08,18452812.0,402.0,23.0,15858892.0
susN,refsim-procs-22,x_ss_mediastore,1790709936390.0,160.11,18544676.0,398.0,23.0,15756880.0
susN,refsim-procs-22,x_ss_mediastore,1790709938417.0,162.13,18627972.0,397.0,23.0,15669988.0
susN,refsim-procs-22,x_ss_mediastore,1790709940435.0,164.16,18716352.0,399.0,23.0,15569464.0
susN,refsim-procs-22,x_ss_mediastore,1790709942454.0,166.18,18801508.0,398.0,23.0,15485072.0
susN,refsim-procs-22,x_ss_mediastore,1790709944474.0,168.2,18882560.0,399.0,23.0,15423100.0
susN,refsim-procs-22,x_ss_mediastore,1790709946303.0,170.02,18962916.0,398.0,23.0,15342832.0
susN,refsim-procs-22,x_ss_mediastore,1790709948329.0,172.05,19036664.0,399.0,23.0,15257684.0
susN,refsim-procs-22,x_ss_mediastore,1790709950360.0,174.08,19122800.0,403.0,23.0,15141792.0
susN,refsim-procs-22,x_ss_mediastore,1790709952391.0,176.11,19207924.0,411.0,23.0,15044188.0
susN,refsim-procs-22,x_ss_mediastore,1790709954415.0,178.14,19285584.0,417.0,23.0,14975392.0
susN,refsim-procs-22,x_ss_mediastore,1790709956435.0,180.16,19370832.0,408.0,23.0,14903708.0
susN,refsim-procs-22,x_ss_mediastore,1790709958456.0,182.18,19460112.0,413.0,23.0,14829992.0
susN,refsim-procs-22,x_ss_mediastore,1790709960286.0,184.0,19530628.0,400.0,23.0,14764768.0
susN,refsim-procs-22,x_ss_mediastore,1790709962312.0,186.03,19620060.0,402.0,23.0,14657216.0
susN,simoxide-batch-22,x_ss_mediastore,1790738888692.0,0.0,21168.0,22.0,1.0,7912448.0
susN,simoxide-batch-22,x_ss_mediastore,1790738890712.0,2.02,68128.0,1.0,1.0,7620956.0
susN,simoxide-batch-22,x_ss_mediastore,1790738892730.0,4.04,68480.0,1.0,1.0,7758712.0
susN,simoxide-batch-22,x_ss_mediastore,1790738894749.0,6.06,69064.0,1.0,1.0,7477536.0
susN,simoxide-batch-22,x_ss_mediastore,1790738896772.0,8.08,31260.0,1.0,1.0,7680128.0
susN,simoxide-batch-22,x_ss_mediastore,1790738898793.0,10.1,70184.0,1.0,1.0,7737296.0
susN,simoxide-batch-22,x_ss_mediastore,1790738900813.0,12.12,70808.0,1.0,1.0,7351648.0
susN,simoxide-batch-22,x_ss_mediastore,1790738902831.0,14.14,19804.0,23.0,1.0,7492324.0
susN,simoxide-batch-22,x_ss_mediastore,1790738904851.0,16.16,71756.0,1.0,1.0,7777852.0
susN,simoxide-batch-22,x_ss_mediastore,1790738906870.0,18.18,71940.0,4.0,1.0,7583124.0
susN,simoxide-batch-22,x_ss_mediastore,1790738908883.0,20.19,72864.0,1.0,1.0,7679820.0
susN,simoxide-batch-22,x_ss_mediastore,1790738910700.0,22.01,72944.0,1.0,1.0,7531808.0
susN,simoxide-batch-22,x_ss_mediastore,1790738912715.0,24.03,17888.0,21.0,1.0,7574776.0
susN,simoxide-batch-22,x_ss_mediastore,1790738914737.0,26.04,73688.0,1.0,1.0,7692984.0
susN,simoxide-batch-22,x_ss_mediastore,1790738916751.0,28.06,71336.0,1.0,1.0,7466284.0
susN,simoxide-batch-22,x_ss_mediastore,1790738918770.0,30.08,43768.0,23.0,1.0,7481812.0
susN,simoxide-batch-22,x_ss_mediastore,1790738920790.0,32.1,20940.0,4.0,1.0,7505636.0
susN,simoxide-batch-22,x_ss_mediastore,1790738922808.0,34.12,75800.0,1.0,1.0,7313664.0
susN,simoxide-batch-22,x_ss_mediastore,1790738924830.0,36.14,76480.0,1.0,1.0,7544900.0
susN,simoxide-batch-22,x_ss_mediastore,1790738926850.0,38.15,77232.0,1.0,1.0,7470368.0
susN,simoxide-batch-22,x_ss_mediastore,1790738928868.0,40.18,77160.0,1.0,1.0,7574124.0
susN,simoxide-batch-22,x_ss_mediastore,1790738930881.0,42.19,77784.0,1.0,1.0,7469276.0
susN,simoxide-batch-22,x_ss_mediastore,1790738932698.0,44.01,78592.0,1.0,1.0,7554660.0
susN,simoxide-batch-22,x_ss_mediastore,1790738934711.0,46.02,79256.0,1.0,1.0,7628924.0
susN,simoxide-batch-22,x_ss_mediastore,1790738936728.0,48.04,53264.0,1.0,1.0,7284760.0
susN,simoxide-batch-22,x_ss_mediastore,1790738938746.0,50.06,79700.0,1.0,1.0,7077316.0
susN,simoxide-batch-22,x_ss_mediastore,1790738940765.0,52.07,60968.0,1.0,1.0,7542164.0
susN,simoxide-batch-22,x_ss_mediastore,1790738942788.0,54.1,81332.0,1.0,1.0,7913052.0
susN,simoxide-batch-22,x_ss_mediastore,1790738944803.0,56.11,80576.0,1.0,1.0,8256208.0
susN,simoxide-batch-22,x_ss_mediastore,1790738946820.0,58.13,74352.0,1.0,1.0,8277956.0
susN,simoxide-batch-22,x_ss_mediastore,1790738948840.0,60.15,26808.0,1.0,1.0,8627684.0
susN,simoxide-threads-22,x_ss_mediastore,1790738827233.0,0.0,7988.0,22.0,1.0,9771632.0
susN,simoxide-threads-22,x_ss_mediastore,1790738829267.0,2.03,43184.0,23.0,1.0,9755568.0
susN,simoxide-threads-22,x_ss_mediastore,1790738831304.0,4.05,39836.0,23.0,1.0,9764356.0
susN,simoxide-threads-22,x_ss_mediastore,1790738833334.0,6.09,41024.0,23.0,1.0,9434820.0
susN,simoxide-threads-22,x_ss_mediastore,1790738835367.0,8.12,43716.0,23.0,1.0,8940320.0
susN,simoxide-threads-22,x_ss_mediastore,1790738837417.0,10.16,42440.0,23.0,1.0,8171492.0
susN,simoxide-threads-22,x_ss_mediastore,1790738839247.0,12.01,42348.0,23.0,1.0,7939584.0
susN,simoxide-threads-22,x_ss_mediastore,1790738841294.0,14.04,44604.0,23.0,1.0,7522560.0
susN,simoxide-threads-22,x_ss_mediastore,1790738843323.0,16.08,45872.0,23.0,1.0,7531344.0
susN,simoxide-threads-22,x_ss_mediastore,1790738845352.0,18.11,47968.0,23.0,1.0,8253280.0
susN,simoxide-threads-22,x_ss_mediastore,1790738847383.0,20.14,44620.0,23.0,1.0,9155756.0
susN,simoxide-threads-22,x_ss_mediastore,1790738849422.0,22.18,47128.0,23.0,1.0,9428680.0
susN,simoxide-threads-22,x_ss_mediastore,1790738851272.0,24.02,52020.0,23.0,1.0,9201332.0
susN,simoxide-threads-22,x_ss_mediastore,1790738853308.0,26.06,51520.0,23.0,1.0,8551100.0
susN,simoxide-threads-22,x_ss_mediastore,1790738855332.0,28.09,51736.0,23.0,1.0,8159948.0
susN,simoxide-threads-22,x_ss_mediastore,1790738857368.0,30.12,50796.0,23.0,1.0,8152136.0
susN,simoxide-threads-22,x_ss_mediastore,1790738859417.0,32.17,52728.0,23.0,1.0,8165520.0
susN,simoxide-threads-22,x_ss_mediastore,1790738861262.0,34.01,53516.0,23.0,1.0,8174216.0
susN,simoxide-threads-22,x_ss_mediastore,1790738863292.0,36.04,53536.0,23.0,1.0,8181736.0
susN,simoxide-threads-22,x_ss_mediastore,1790738865332.0,38.08,54456.0,23.0,1.0,8208168.0
susN,simoxide-threads-22,x_ss_mediastore,1790738867368.0,40.12,55512.0,23.0,1.0,8222368.0
susN,simoxide-threads-22,x_ss_mediastore,1790738869416.0,42.16,56240.0,23.0,1.0,8207924.0
susN,simoxide-threads-22,x_ss_mediastore,1790738871254.0,44.0,57788.0,23.0,1.0,8163140.0
susN,simoxide-threads-22,x_ss_mediastore,1790738873293.0,46.04,60232.0,23.0,1.0,8075896.0
susN,simoxide-threads-22,x_ss_mediastore,1790738875326.0,48.08,61336.0,23.0,1.0,8024884.0
susN,simoxide-threads-22,x_ss_mediastore,1790738877356.0,50.11,61880.0,23.0,1.0,7945144.0
susN,simoxide-threads-22,x_ss_mediastore,1790738879404.0,52.15,60236.0,23.0,1.0,7872516.0
susN,simoxide-threads-22,x_ss_mediastore,1790738881439.0,54.2,63324.0,23.0,1.0,7932232.0
susN,simoxide-threads-22,x_ss_mediastore,1790738883287.0,56.03,62236.0,23.0,1.0,7922372.0
susN,simoxide-threads-22,x_ss_mediastore,1790738885315.0,58.07,65488.0,23.0,1.0,7918036.0
susN,simoxide-threads-22,x_ss_mediastore,1790738887332.0,60.1,35404.0,1.0,1.0,7906116.0
susN,simulizar-procs-16,x_ss_mediastore,1790711573859.0,0.0,4892.0,1.0,1.0,33522400.0
susN,simulizar-procs-16,x_ss_mediastore,1790711575891.0,2.02,4041256.0,311.0,17.0,29943628.0
susN,simulizar-procs-16,x_ss_mediastore,1790711577914.0,4.05,5059808.0,317.0,17.0,28946500.0
susN,simulizar-procs-16,x_ss_mediastore,1790711579944.0,6.07,5892128.0,311.0,17.0,28115692.0
susN,simulizar-procs-16,x_ss_mediastore,1790711582014.0,8.12,7325704.0,382.0,17.0,26612500.0
susN,simulizar-procs-16,x_ss_mediastore,1790711584043.0,10.18,7763628.0,334.0,17.0,26085076.0
susN,simulizar-procs-16,x_ss_mediastore,1790711586084.0,12.2,8261732.0,388.0,17.0,25782208.0
susN,simulizar-procs-16,x_ss_mediastore,1790711587952.0,14.06,8925992.0,370.0,17.0,25120960.0
susN,simulizar-procs-16,x_ss_mediastore,1790711589993.0,16.13,9061928.0,383.0,17.0,24931968.0
susN,simulizar-procs-16,x_ss_mediastore,1790711592019.0,18.15,9286504.0,387.0,17.0,24779200.0
susN,simulizar-procs-16,x_ss_mediastore,1790711594080.0,20.18,9498940.0,391.0,17.0,24526948.0
susN,simulizar-procs-16,x_ss_mediastore,1790711595915.0,22.04,9737332.0,389.0,17.0,24311488.0
susN,simulizar-procs-16,x_ss_mediastore,1790711597949.0,24.08,9807852.0,376.0,17.0,24255296.0
susN,simulizar-procs-16,x_ss_mediastore,1790711599989.0,26.11,9903532.0,381.0,17.0,24143892.0
susN,simulizar-procs-16,x_ss_mediastore,1790711602022.0,28.15,10044280.0,367.0,17.0,24038828.0
susN,simulizar-procs-16,x_ss_mediastore,1790711604059.0,30.18,10101744.0,346.0,17.0,23912180.0
susN,simulizar-procs-16,x_ss_mediastore,1790711605879.0,32.01,10189516.0,351.0,17.0,23845328.0
susN,simulizar-procs-16,x_ss_mediastore,1790711607906.0,34.04,10291980.0,322.0,17.0,23764292.0
susN,simulizar-procs-16,x_ss_mediastore,1790711609931.0,36.06,10385356.0,326.0,17.0,23700748.0
susN,simulizar-procs-16,x_ss_mediastore,1790711611958.0,38.09,10577336.0,324.0,17.0,23542428.0
susN,simulizar-procs-16,x_ss_mediastore,1790711613972.0,40.11,10737464.0,331.0,17.0,23398548.0
susN,simulizar-procs-16,x_ss_mediastore,1790711615994.0,42.12,10802516.0,332.0,17.0,23296176.0
susN,simulizar-procs-16,x_ss_mediastore,1790711618013.0,44.15,10896356.0,318.0,17.0,23222812.0
susN,simulizar-procs-16,x_ss_mediastore,1790711620025.0,46.17,10982380.0,343.0,17.0,23119884.0
susN,simulizar-procs-16,x_ss_mediastore,1790711622040.0,48.18,11089416.0,335.0,17.0,23041720.0
susN,simulizar-procs-16,x_ss_mediastore,1790711624057.0,50.19,11186744.0,314.0,17.0,22930256.0
susN,simulizar-procs-16,x_ss_mediastore,1790711625876.0,52.01,11263320.0,317.0,17.0,22867492.0
susN,simulizar-procs-16,x_ss_mediastore,1790711627896.0,54.03,11356196.0,319.0,17.0,22782588.0
susN,simulizar-procs-16,x_ss_mediastore,1790711629914.0,56.05,11456116.0,307.0,17.0,22662744.0
susN,simulizar-procs-16,x_ss_mediastore,1790711631926.0,58.07,11547800.0,309.0,17.0,22566784.0
susN,simulizar-procs-16,x_ss_mediastore,1790711633941.0,60.08,11643940.0,317.0,17.0,22483192.0
susN,simulizar-procs-16,x_ss_mediastore,1790711635957.0,62.09,11722944.0,307.0,17.0,22422160.0
susN,simulizar-procs-16,x_ss_mediastore,1790711637972.0,64.11,11829720.0,318.0,17.0,22300696.0
susN,simulizar-procs-16,x_ss_mediastore,1790711639994.0,66.13,11917532.0,316.0,17.0,22207348.0
susN,simulizar-procs-16,x_ss_mediastore,1790711642006.0,68.15,12014588.0,315.0,17.0,22117868.0
susN,simulizar-procs-16,x_ss_mediastore,1790711644025.0,70.16,12120360.0,308.0,17.0,22039024.0
susN,simulizar-procs-16,x_ss_mediastore,1790711646038.0,72.18,12223552.0,311.0,17.0,21933212.0
susN,simulizar-procs-16,x_ss_mediastore,1790711648064.0,74.2,12323824.0,314.0,17.0,21832716.0
susN,simulizar-procs-16,x_ss_mediastore,1790711649878.0,76.01,12381848.0,312.0,17.0,21763992.0
susN,simulizar-procs-16,x_ss_mediastore,1790711651902.0,78.04,12480160.0,309.0,17.0,21662516.0
susN,simulizar-procs-16,x_ss_mediastore,1790711653913.0,80.05,12579256.0,307.0,17.0,21560152.0
susN,simulizar-procs-16,x_ss_mediastore,1790711655926.0,82.06,12676076.0,305.0,17.0,21476504.0
susN,simulizar-procs-16,x_ss_mediastore,1790711657943.0,84.08,12763004.0,304.0,17.0,21394064.0
susN,simulizar-procs-16,x_ss_mediastore,1790711659958.0,86.09,12862080.0,306.0,17.0,21294276.0
susN,simulizar-procs-16,x_ss_mediastore,1790711661978.0,88.11,12955480.0,305.0,17.0,21195368.0
susN,simulizar-procs-16,x_ss_mediastore,1790711663993.0,90.13,13050892.0,308.0,17.0,21109052.0
susN,simulizar-procs-16,x_ss_mediastore,1790711666012.0,92.15,13144364.0,323.0,17.0,21018776.0
susN,simulizar-procs-16,x_ss_mediastore,1790711668028.0,94.16,13249148.0,324.0,17.0,20911844.0
susN,simulizar-procs-16,x_ss_mediastore,1790711670048.0,96.18,13344860.0,319.0,17.0,20807292.0
susN,simulizar-procs-16,x_ss_mediastore,1790711672062.0,98.2,13435236.0,308.0,17.0,20732064.0
susN,simulizar-procs-16,x_ss_mediastore,1790711673876.0,100.02,13519148.0,327.0,17.0,20650264.0
susN,simulizar-procs-16,x_ss_mediastore,1790711675895.0,102.03,13634308.0,335.0,17.0,20522740.0
susN,simulizar-procs-16,x_ss_mediastore,1790711677912.0,104.05,13723288.0,326.0,17.0,20434288.0
susN,simulizar-procs-16,x_ss_mediastore,1790711679922.0,106.06,13799108.0,308.0,17.0,20349984.0
susN,simulizar-procs-16,x_ss_mediastore,1790711681939.0,108.07,13894500.0,304.0,17.0,20261668.0
susN,simulizar-procs-16,x_ss_mediastore,1790711683951.0,110.09,13996104.0,304.0,17.0,20168648.0
susN,simulizar-procs-16,x_ss_mediastore,1790711685970.0,112.1,14078608.0,303.0,17.0,20099568.0
susN,simulizar-procs-16,x_ss_mediastore,1790711687982.0,114.12,14168532.0,307.0,17.0,20004352.0
susN,simulizar-procs-16,x_ss_mediastore,1790711689997.0,116.13,14258504.0,311.0,17.0,19914648.0
susN,simulizar-procs-16,x_ss_mediastore,1790711692017.0,118.15,14354704.0,316.0,17.0,19825636.0
susN,simulizar-procs-16,x_ss_mediastore,1790711694032.0,120.17,14443112.0,320.0,17.0,19726960.0
susN,simulizar-procs-16,x_ss_mediastore,1790711696055.0,122.2,14541396.0,317.0,17.0,19631576.0
susN,simulizar-procs-16,x_ss_mediastore,1790711697867.0,124.01,14624000.0,308.0,17.0,19544388.0
susN,simulizar-procs-16,x_ss_mediastore,1790711699880.0,126.02,14710364.0,305.0,17.0,19461480.0
susN,simulizar-procs-16,x_ss_mediastore,1790711701892.0,128.03,14812684.0,305.0,17.0,19363652.0
susN,simulizar-procs-16,x_ss_mediastore,1790711703902.0,130.04,14905404.0,303.0,17.0,19271452.0
susN,simulizar-procs-16,x_ss_mediastore,1790711705912.0,132.05,15008936.0,310.0,17.0,19158780.0
susN,simulizar-procs-16,x_ss_mediastore,1790711707925.0,134.07,15107104.0,307.0,17.0,19077092.0
susN,simulizar-procs-16,x_ss_mediastore,1790711709936.0,136.08,15573700.0,306.0,17.0,18568304.0
susN,simulizar-procs-16,x_ss_mediastore,1790711711952.0,138.09,16124428.0,308.0,17.0,18025800.0
susN,simulizar-procs-16,x_ss_mediastore,1790711713967.0,140.1,16659100.0,308.0,17.0,17463856.0
susN,simulizar-procs-16,x_ss_mediastore,1790711715977.0,142.12,16912808.0,307.0,17.0,17211412.0
susN,simulizar-procs-16,x_ss_mediastore,1790711718029.0,144.17,17037016.0,303.0,17.0,17117668.0
susN,simulizar-procs-16,x_ss_mediastore,1790711720044.0,146.18,17146220.0,304.0,17.0,17003008.0
susN,simulizar-procs-16,x_ss_mediastore,1790711722059.0,148.2,17260952.0,307.0,17.0,16896868.0
susN,simulizar-procs-16,x_ss_mediastore,1790711723871.0,150.01,17346072.0,310.0,17.0,16816760.0
susN,simulizar-procs-16,x_ss_mediastore,1790711725886.0,152.02,17442420.0,314.0,17.0,16728364.0
susN,simulizar-procs-16,x_ss_mediastore,1790711727905.0,154.04,17549716.0,315.0,17.0,16626096.0
susN,simulizar-procs-16,x_ss_mediastore,1790711729925.0,156.06,17655364.0,313.0,17.0,16499356.0
susN,simulizar-procs-16,x_ss_mediastore,1790711731942.0,158.08,17777944.0,315.0,17.0,16381204.0
susN,simulizar-procs-16,x_ss_mediastore,1790711733959.0,160.09,17878104.0,313.0,17.0,16276372.0
susN,simulizar-procs-16,x_ss_mediastore,1790711735970.0,162.11,17943208.0,309.0,17.0,16194416.0
susN,simulizar-procs-16,x_ss_mediastore,1790711737984.0,164.12,18042352.0,310.0,17.0,16111516.0
susN,simulizar-procs-16,x_ss_mediastore,1790711739998.0,166.14,18132524.0,309.0,17.0,16030372.0
susN,simulizar-procs-16,x_ss_mediastore,1790711742010.0,168.15,18232592.0,308.0,17.0,15921480.0
susN,simulizar-procs-16,x_ss_mediastore,1790711744025.0,170.16,18320340.0,306.0,17.0,15835308.0
susN,simulizar-procs-16,x_ss_mediastore,1790711746044.0,172.18,18408092.0,307.0,17.0,15749048.0
susN,simulizar-procs-16,x_ss_mediastore,1790711748059.0,174.2,18507080.0,306.0,17.0,15642384.0
susN,simulizar-procs-16,x_ss_mediastore,1790711749872.0,176.01,18580660.0,309.0,17.0,15554052.0
susN,simulizar-procs-16,x_ss_mediastore,1790711751890.0,178.02,18677396.0,314.0,17.0,15481656.0
susN,simulizar-procs-16,x_ss_mediastore,1790711753901.0,180.04,18777892.0,308.0,17.0,15381140.0
susN,simulizar-procs-16,x_ss_mediastore,1790711755915.0,182.05,18868848.0,303.0,17.0,15305572.0
susN,simulizar-procs-16,x_ss_mediastore,1790711757926.0,184.07,18968532.0,305.0,17.0,15181084.0
susN,simulizar-procs-16,x_ss_mediastore,1790711759941.0,186.08,19050500.0,305.0,17.0,15103752.0
susN,simulizar-procs-16,x_ss_mediastore,1790711761951.0,188.09,19149416.0,304.0,17.0,15002992.0
susN,simulizar-procs-16,x_ss_mediastore,1790711763968.0,190.1,19250208.0,302.0,17.0,14916812.0
susN,simulizar-procs-16,x_ss_mediastore,1790711765982.0,192.12,19352832.0,305.0,17.0,14818804.0
susN,simulizar-procs-16,x_ss_mediastore,1790711767998.0,194.13,19460432.0,304.0,17.0,14701904.0
susN,simulizar-procs-16,x_ss_mediastore,1790711770015.0,196.15,19554552.0,304.0,17.0,14594824.0
susN,simulizar-procs-16,x_ss_mediastore,1790711772027.0,198.17,19646704.0,303.0,17.0,14495872.0
susN,simulizar-procs-16,x_ss_mediastore,1790711774052.0,200.18,19733812.0,302.0,17.0,14422860.0
susN,simulizar-procs-16,x_ss_mediastore,1790711775863.0,202.0,19825524.0,305.0,17.0,14348276.0
susN,simulizar-procs-16,x_ss_mediastore,1790711777874.0,204.01,19910716.0,303.0,17.0,14250144.0
susN,simulizar-procs-16,x_ss_mediastore,1790711779887.0,206.03,20006432.0,304.0,17.0,14156892.0
susN,simulizar-procs-16,x_ss_mediastore,1790711781902.0,208.04,20103588.0,316.0,17.0,14046852.0
susN,simulizar-procs-16,x_ss_mediastore,1790711783914.0,210.05,20203232.0,324.0,17.0,13955392.0
susN,simulizar-procs-16,x_ss_mediastore,1790711785928.0,212.06,20299716.0,330.0,17.0,13864828.0
susN,simulizar-procs-16,x_ss_mediastore,1790711787939.0,214.08,20419324.0,319.0,17.0,13743012.0
susN,simulizar-procs-16,x_ss_mediastore,1790711789950.0,216.09,20499308.0,313.0,17.0,13645288.0
susN,simulizar-procs-16,x_ss_mediastore,1790711791963.0,218.1,20597688.0,305.0,17.0,13550568.0
susN,simulizar-procs-16,x_ss_mediastore,1790711793973.0,220.11,20691680.0,304.0,17.0,13466400.0
susN,simulizar-procs-16,x_ss_mediastore,1790711795985.0,222.12,20774876.0,305.0,17.0,13370988.0
susN,simulizar-procs-16,x_ss_mediastore,1790711797998.0,224.14,20873276.0,304.0,17.0,13294632.0
susN,simulizar-procs-16,x_ss_mediastore,1790711800010.0,226.15,20972344.0,302.0,17.0,13190060.0
susN,simulizar-procs-16,x_ss_mediastore,1790711802023.0,228.16,21194484.0,302.0,17.0,12933072.0
susN,simulizar-procs-16,x_ss_mediastore,1790711804047.0,230.18,21442540.0,304.0,17.0,12670492.0
susN,simulizar-procs-16,x_ss_mediastore,1790711806061.0,232.2,21586164.0,305.0,17.0,12545512.0
susN,simulizar-procs-16,x_ss_mediastore,1790711807876.0,234.01,21707904.0,304.0,17.0,12431632.0
susN,simulizar-procs-16,x_ss_mediastore,1790711809893.0,236.03,21842356.0,304.0,17.0,12304668.0
susN,simulizar-procs-16,x_ss_mediastore,1790711811906.0,238.04,21929448.0,304.0,17.0,12196216.0
susN,simulizar-procs-16,x_ss_mediastore,1790711813922.0,240.06,22013620.0,303.0,17.0,12128200.0
susN,simulizar-procs-16,x_ss_mediastore,1790711815937.0,242.07,22107840.0,303.0,17.0,12029508.0
susN,simulizar-procs-16,x_ss_mediastore,1790711817954.0,244.09,22194100.0,304.0,17.0,11950384.0
susN,simulizar-procs-16,x_ss_mediastore,1790711819967.0,246.1,22280296.0,304.0,17.0,11866316.0
susN,simulizar-procs-16,x_ss_mediastore,1790711821979.0,248.12,22370892.0,305.0,17.0,11762688.0
susN,simulizar-procs-16,x_ss_mediastore,1790711823996.0,250.13,22465228.0,305.0,17.0,11700192.0
susN,simulizar-procs-16,x_ss_mediastore,1790711826010.0,252.15,22563416.0,305.0,17.0,11618816.0
susN,simulizar-procs-16,x_ss_mediastore,1790711828021.0,254.16,22664600.0,305.0,17.0,11516000.0
susN,simulizar-procs-16,x_ss_mediastore,1790711830036.0,256.17,22783940.0,304.0,17.0,11394040.0
susN,simulizar-procs-16,x_ss_mediastore,1790711832055.0,258.19,22821436.0,305.0,17.0,11325592.0
susN,simulizar-procs-16,x_ss_mediastore,1790711833874.0,260.01,22842632.0,304.0,17.0,11310952.0
susN,simulizar-procs-16,x_ss_mediastore,1790711835892.0,262.03,22859004.0,304.0,17.0,11297040.0
susN,simulizar-procs-16,x_ss_mediastore,1790711837913.0,264.05,22859136.0,305.0,17.0,11304152.0
susN,simulizar-procs-16,x_ss_mediastore,1790711839937.0,266.07,22859084.0,304.0,17.0,11308372.0
susN,simulizar-procs-16,x_ss_mediastore,1790711841957.0,268.09,22851528.0,304.0,17.0,11321608.0
susN,simulizar-procs-16,x_ss_mediastore,1790711843969.0,270.11,22851564.0,304.0,17.0,11305724.0
susN,simulizar-procs-16,x_ss_mediastore,1790711845980.0,272.12,22851628.0,305.0,17.0,11310684.0
susN,simulizar-procs-16,x_ss_mediastore,1790711848000.0,274.13,22851588.0,304.0,17.0,11316916.0
susN,simulizar-procs-16,x_ss_mediastore,1790711850011.0,276.15,22851592.0,304.0,17.0,11318252.0
susN,simulizar-procs-16,x_ss_mediastore,1790711852026.0,278.17,22851472.0,302.0,17.0,11318252.0
susN,simulizar-procs-16,x_ss_mediastore,1790711854046.0,280.18,22851632.0,304.0,17.0,11311908.0
susN,simulizar-procs-16,x_ss_mediastore,1790711856059.0,282.2,22851532.0,302.0,17.0,11317884.0
susN,simulizar-procs-16,x_ss_mediastore,1790711857872.0,284.01,22851736.0,305.0,17.0,11319816.0
susN,simulizar-procs-16,x_ss_mediastore,1790711859884.0,286.02,22851748.0,305.0,17.0,11319744.0
susN,simulizar-procs-16,x_ss_mediastore,1790711861909.0,288.04,22851756.0,304.0,17.0,11320896.0
susN,simulizar-procs-16,x_ss_mediastore,1790711863923.0,290.06,22851640.0,304.0,17.0,11312852.0
susN,simulizar-procs-16,x_ss_mediastore,1790711865935.0,292.07,22851768.0,309.0,17.0,11310980.0
susN,simulizar-procs-16,x_ss_mediastore,1790711867954.0,294.09,22851836.0,313.0,17.0,11310728.0
susN,simulizar-procs-16,x_ss_mediastore,1790711869966.0,296.11,22852024.0,308.0,17.0,11311820.0
susN,simulizar-procs-16,x_ss_mediastore,1790711871980.0,298.12,22852092.0,303.0,17.0,11312620.0
susN,simulizar-procs-16,x_ss_mediastore,1790711874009.0,300.14,22852156.0,304.0,17.0,11319612.0
susN,simulizar-procs-16,x_ss_mediastore,1790711876028.0,302.16,22852312.0,306.0,17.0,11320188.0
susN,simulizar-procs-16,x_ss_mediastore,1790711878049.0,304.18,22852324.0,309.0,17.0,11320680.0
susN,simulizar-procs-16,x_ss_mediastore,1790711879861.0,306.0,18591628.0,252.0,14.0,15501196.0
susN,simulizar-procs-16,x_ss_mediastore,1790711881872.0,308.01,10009840.0,138.0,8.0,23925388.0
susN,simulizar-procs-16,x_ss_mediastore,1790711883883.0,310.02,5742804.0,78.0,5.0,28100580.0
susN,simulizar-procs-22,x_ss_mediastore,1790708765824.0,0.0,4700.0,1.0,1.0,33738152.0
susN,simulizar-procs-22,x_ss_mediastore,1790708767848.0,2.02,5330872.0,421.0,23.0,28807744.0
susN,simulizar-procs-22,x_ss_mediastore,1790708769884.0,4.04,6756648.0,435.0,23.0,27364364.0
susN,simulizar-procs-22,x_ss_mediastore,1790708771904.0,6.08,7104632.0,438.0,23.0,27006524.0
susN,simulizar-procs-22,x_ss_mediastore,1790708773933.0,8.1,8337776.0,448.0,23.0,25772740.0
susN,simulizar-procs-22,x_ss_mediastore,1790708776024.0,10.14,9787924.0,537.0,23.0,24305148.0
susN,simulizar-procs-22,x_ss_mediastore,1790708777841.0,12.02,10500928.0,434.0,23.0,23770580.0
susN,simulizar-procs-22,x_ss_mediastore,1790708779859.0,14.03,10853228.0,455.0,23.0,23300356.0
susN,simulizar-procs-22,x_ss_mediastore,1790708781926.0,16.06,11473300.0,535.0,23.0,22788600.0
susN,simulizar-procs-22,x_ss_mediastore,1790708783988.0,18.13,12317012.0,513.0,23.0,21929324.0
susN,simulizar-procs-22,x_ss_mediastore,1790708786044.0,20.19,12389896.0,510.0,23.0,21663716.0
susN,simulizar-procs-22,x_ss_mediastore,1790708787865.0,22.04,12700532.0,516.0,23.0,21497196.0
susN,simulizar-procs-22,x_ss_mediastore,1790708789894.0,24.06,12897636.0,521.0,23.0,21337184.0
susN,simulizar-procs-22,x_ss_mediastore,1790708791925.0,26.09,12826188.0,527.0,23.0,21281156.0
susN,simulizar-procs-22,x_ss_mediastore,1790708793949.0,28.12,13240128.0,510.0,23.0,20930912.0
susN,simulizar-procs-22,x_ss_mediastore,1790708795990.0,30.15,13379496.0,482.0,23.0,20812152.0
susN,simulizar-procs-22,x_ss_mediastore,1790708798023.0,32.18,13433020.0,474.0,23.0,20769816.0
susN,simulizar-procs-22,x_ss_mediastore,1790708799863.0,34.02,13561932.0,503.0,23.0,20653116.0
susN,simulizar-procs-22,x_ss_mediastore,1790708801925.0,36.06,13616308.0,509.0,23.0,20582636.0
susN,simulizar-procs-22,x_ss_mediastore,1790708803992.0,38.12,13772892.0,503.0,23.0,20497508.0
susN,simulizar-procs-22,x_ss_mediastore,1790708806034.0,40.19,13832364.0,461.0,23.0,20390416.0
susN,simulizar-procs-22,x_ss_mediastore,1790708807860.0,42.02,14028816.0,481.0,23.0,20268940.0
susN,simulizar-procs-22,x_ss_mediastore,1790708809896.0,44.05,14207200.0,471.0,23.0,20092780.0
susN,simulizar-procs-22,x_ss_mediastore,1790708811923.0,46.09,14168928.0,451.0,23.0,20086796.0
susN,simulizar-procs-22,x_ss_mediastore,1790708813950.0,48.12,14334692.0,454.0,23.0,19934796.0
susN,simulizar-procs-22,x_ss_mediastore,1790708815971.0,50.14,14472572.0,448.0,23.0,19829944.0
susN,simulizar-procs-22,x_ss_mediastore,1790708818006.0,52.16,14538272.0,435.0,23.0,19742568.0
susN,simulizar-procs-22,x_ss_mediastore,1790708819840.0,54.0,14662328.0,450.0,23.0,19616580.0
susN,simulizar-procs-22,x_ss_mediastore,1790708821872.0,56.03,14772108.0,459.0,23.0,19514680.0
susN,simulizar-procs-22,x_ss_mediastore,1790708823898.0,58.06,14906684.0,456.0,23.0,19408000.0
susN,simulizar-procs-22,x_ss_mediastore,1790708825918.0,60.09,15034068.0,458.0,23.0,19289576.0
susN,simulizar-procs-22,x_ss_mediastore,1790708827944.0,62.11,15167356.0,460.0,23.0,19178708.0
susN,simulizar-procs-22,x_ss_mediastore,1790708829972.0,64.13,15315208.0,457.0,23.0,19032564.0
susN,simulizar-procs-22,x_ss_mediastore,1790708831992.0,66.16,15460344.0,438.0,23.0,18878092.0
susN,simulizar-procs-22,x_ss_mediastore,1790708834012.0,68.18,15609916.0,435.0,23.0,18730172.0
susN,simulizar-procs-22,x_ss_mediastore,1790708835848.0,70.0,15729268.0,434.0,23.0,18602156.0
susN,simulizar-procs-22,x_ss_mediastore,1790708837872.0,72.04,15867140.0,436.0,23.0,18463296.0
susN,simulizar-procs-22,x_ss_mediastore,1790708839887.0,74.06,16016212.0,424.0,23.0,18326756.0
susN,simulizar-procs-22,x_ss_mediastore,1790708841918.0,76.08,16156392.0,433.0,23.0,18176336.0
susN,simulizar-procs-22,x_ss_mediastore,1790708843946.0,78.11,16299956.0,424.0,23.0,18034488.0
susN,simulizar-procs-22,x_ss_mediastore,1790708845964.0,80.13,16455600.0,431.0,23.0,17881020.0
susN,simulizar-procs-22,x_ss_mediastore,1790708847976.0,82.15,16575652.0,436.0,23.0,17738088.0
susN,simulizar-procs-22,x_ss_mediastore,1790708849999.0,84.17,16720132.0,425.0,23.0,17628512.0
susN,simulizar-procs-22,x_ss_mediastore,1790708852026.0,86.19,16845048.0,426.0,23.0,17487924.0
susN,simulizar-procs-22,x_ss_mediastore,1790708853851.0,88.02,16978032.0,431.0,23.0,17370780.0
susN,simulizar-procs-22,x_ss_mediastore,1790708855871.0,90.04,17103160.0,432.0,23.0,17226660.0
susN,simulizar-procs-22,x_ss_mediastore,1790708857889.0,92.06,17230172.0,427.0,23.0,17084524.0
susN,simulizar-procs-22,x_ss_mediastore,1790708859907.0,94.08,17367000.0,422.0,23.0,16962332.0
susN,simulizar-procs-22,x_ss_mediastore,1790708861931.0,96.09,17486040.0,424.0,23.0,16823240.0
susN,simulizar-procs-22,x_ss_mediastore,1790708863963.0,98.12,17627724.0,417.0,23.0,16685648.0
susN,simulizar-procs-22,x_ss_mediastore,1790708865983.0,100.15,17746880.0,423.0,23.0,16557892.0
susN,simulizar-procs-22,x_ss_mediastore,1790708868001.0,102.17,17907196.0,430.0,23.0,16405396.0
susN,simulizar-procs-22,x_ss_mediastore,1790708870015.0,104.19,18024196.0,428.0,23.0,16298816.0
susN,simulizar-procs-22,x_ss_mediastore,1790708871840.0,106.0,18142548.0,447.0,23.0,16184156.0
susN,simulizar-procs-22,x_ss_mediastore,1790708873869.0,108.03,18279800.0,432.0,23.0,16059988.0
susN,simulizar-procs-22,x_ss_mediastore,1790708875901.0,110.06,18411760.0,441.0,23.0,15915112.0
susN,simulizar-procs-22,x_ss_mediastore,1790708877929.0,112.09,18547720.0,439.0,23.0,15792152.0
susN,simulizar-procs-22,x_ss_mediastore,1790708879948.0,114.12,18692984.0,443.0,23.0,15627408.0
susN,simulizar-procs-22,x_ss_mediastore,1790708881977.0,116.14,18833180.0,443.0,23.0,15483676.0
susN,simulizar-procs-22,x_ss_mediastore,1790708884002.0,118.16,18975132.0,436.0,23.0,15350888.0
susN,simulizar-procs-22,x_ss_mediastore,1790708886019.0,120.19,19103260.0,433.0,23.0,15227164.0
susN,simulizar-procs-22,x_ss_mediastore,1790708887838.0,122.01,19197444.0,424.0,23.0,15131940.0
susN,simulizar-procs-22,x_ss_mediastore,1790708889863.0,124.03,19327600.0,423.0,23.0,14999616.0
susN,simulizar-procs-22,x_ss_mediastore,1790708891901.0,126.05,19462028.0,423.0,23.0,14857540.0
susN,simulizar-procs-22,x_ss_mediastore,1790708893917.0,128.09,19584392.0,431.0,23.0,14736112.0
susN,simulizar-procs-22,x_ss_mediastore,1790708895949.0,130.11,19727376.0,427.0,23.0,14595012.0
susN,simulizar-procs-22,x_ss_mediastore,1790708897975.0,132.14,19868820.0,441.0,23.0,14433228.0
susN,simulizar-procs-22,x_ss_mediastore,1790708899996.0,134.16,19999220.0,438.0,23.0,14323172.0
susN,simulizar-procs-22,x_ss_mediastore,1790708902019.0,136.19,20126308.0,433.0,23.0,14183068.0
susN,simulizar-procs-22,x_ss_mediastore,1790708903853.0,138.01,20264340.0,431.0,23.0,14063380.0
susN,simulizar-procs-22,x_ss_mediastore,1790708905885.0,140.04,20402220.0,422.0,23.0,13889776.0
susN,simulizar-procs-22,x_ss_mediastore,1790708907901.0,142.07,20576208.0,420.0,23.0,13719684.0
susN,simulizar-procs-22,x_ss_mediastore,1790708909916.0,144.09,20792560.0,421.0,23.0,13503768.0
susN,simulizar-procs-22,x_ss_mediastore,1790708911943.0,146.1,20920076.0,416.0,23.0,13387104.0
susN,simulizar-procs-22,x_ss_mediastore,1790708913975.0,148.13,21205580.0,423.0,23.0,13113964.0
susN,simulizar-procs-22,x_ss_mediastore,1790708915998.0,150.16,21638564.0,425.0,23.0,12638440.0
susN,simulizar-procs-22,x_ss_mediastore,1790708918013.0,152.19,22211588.0,421.0,23.0,12055060.0
susN,simulizar-procs-22,x_ss_mediastore,1790708919852.0,154.0,22802316.0,424.0,23.0,11472956.0
susN,simulizar-procs-22,x_ss_mediastore,1790708921869.0,156.04,23198640.0,419.0,23.0,11067244.0
susN,simulizar-procs-22,x_ss_mediastore,1790708923893.0,158.06,23465072.0,422.0,23.0,10799132.0
susN,simulizar-procs-22,x_ss_mediastore,1790708925923.0,160.08,23620844.0,421.0,23.0,10671128.0
susN,simulizar-procs-22,x_ss_mediastore,1790708927944.0,162.11,23741976.0,421.0,23.0,10539844.0
susN,simulizar-procs-22,x_ss_mediastore,1790708929964.0,164.13,23884364.0,424.0,23.0,10422376.0
susN,simulizar-procs-22,x_ss_mediastore,1790708931991.0,166.15,24048816.0,436.0,23.0,10254332.0
susN,simulizar-procs-22,x_ss_mediastore,1790708934015.0,168.18,24210228.0,434.0,23.0,10080276.0
susN,simulizar-procs-22,x_ss_mediastore,1790708935834.0,170.01,24343832.0,436.0,23.0,9974456.0
susN,simulizar-procs-22,x_ss_mediastore,1790708937858.0,172.02,24505628.0,434.0,23.0,9780000.0
susN,simulizar-procs-22,x_ss_mediastore,1790708939876.0,174.04,24651380.0,434.0,23.0,9642468.0
susN,simulizar-procs-22,x_ss_mediastore,1790708941905.0,176.07,24750056.0,421.0,23.0,9501456.0
susN,simulizar-procs-22,x_ss_mediastore,1790708943938.0,178.09,24899600.0,420.0,23.0,9418808.0
susN,simulizar-procs-22,x_ss_mediastore,1790708945962.0,180.13,25036844.0,423.0,23.0,9279456.0
susN,simulizar-procs-22,x_ss_mediastore,1790708947984.0,182.15,25139652.0,422.0,23.0,9158248.0
susN,simulizar-procs-22,x_ss_mediastore,1790708950002.0,184.17,25279172.0,420.0,23.0,9015168.0
susN,simulizar-procs-22,x_ss_mediastore,1790708952041.0,186.2,25379312.0,418.0,23.0,8906312.0
susN,simulizar-procs-22,x_ss_mediastore,1790708953877.0,188.03,25477124.0,419.0,23.0,8824672.0
susN,simulizar-procs-22,x_ss_mediastore,1790708955900.0,190.06,25620704.0,422.0,23.0,8676752.0
susN,simulizar-procs-22,x_ss_mediastore,1790708957932.0,192.09,25711364.0,427.0,23.0,8580352.0
susN,simulizar-procs-22,x_ss_mediastore,1790708959952.0,194.12,25847140.0,424.0,23.0,8435744.0
susN,simulizar-procs-22,x_ss_mediastore,1790708961985.0,196.14,25914096.0,429.0,23.0,8360200.0
susN,simulizar-procs-22,x_ss_mediastore,1790708964009.0,198.17,26016952.0,424.0,23.0,8273288.0
susN,simulizar-procs-22,x_ss_mediastore,1790708965835.0,200.0,26123376.0,424.0,23.0,8167400.0
susN,simulizar-procs-22,x_ss_mediastore,1790708967853.0,202.02,26250012.0,415.0,23.0,8029316.0
susN,simulizar-threads-22,x_ss_mediastore,1790708430836.0,0.07,13236.0,2.0,1.0,33121416.0
susN,simulizar-threads-22,x_ss_mediastore,1790708432847.0,2.08,558556.0,37.0,1.0,32748344.0
susN,simulizar-threads-22,x_ss_mediastore,1790708434858.0,4.09,479236.0,47.0,1.0,32774888.0
susN,simulizar-threads-22,x_ss_mediastore,1790708436869.0,6.1,596096.0,49.0,1.0,32733652.0
susN,simulizar-threads-22,x_ss_mediastore,1790708438880.0,8.11,835316.0,49.0,1.0,32503192.0
susN,simulizar-threads-22,x_ss_mediastore,1790708440893.0,10.12,1365316.0,137.0,1.0,32037152.0
susN,simulizar-threads-22,x_ss_mediastore,1790708442909.0,12.14,4239264.0,129.0,1.0,29224088.0
susN,simulizar-threads-22,x_ss_mediastore,1790708444925.0,14.15,5883044.0,149.0,1.0,27491340.0
susN,simulizar-threads-22,x_ss_mediastore,1790708446937.0,16.17,6646680.0,179.0,1.0,26723804.0
susN,simulizar-threads-22,x_ss_mediastore,1790708448955.0,18.18,7005200.0,197.0,1.0,26361944.0
susN,simulizar-threads-22,x_ss_mediastore,1790708450971.0,20.2,7287236.0,217.0,1.0,26077192.0
susN,simulizar-threads-22,x_ss_mediastore,1790708452782.0,22.01,7555964.0,240.0,1.0,25804288.0
susN,simulizar-threads-22,x_ss_mediastore,1790708454799.0,24.03,7922672.0,261.0,1.0,25457568.0
susN,simulizar-threads-22,x_ss_mediastore,1790708456812.0,26.04,8141736.0,281.0,1.0,25247948.0
susN,simulizar-threads-22,x_ss_mediastore,1790708458829.0,28.06,8487760.0,307.0,1.0,24946824.0
susN,simulizar-threads-22,x_ss_mediastore,1790708460848.0,30.07,8792620.0,326.0,1.0,24614440.0
susN,simulizar-threads-22,x_ss_mediastore,1790708462866.0,32.09,8799504.0,348.0,1.0,24569348.0
susN,simulizar-threads-22,x_ss_mediastore,1790708464882.0,34.11,8985972.0,371.0,1.0,24413676.0
susN,simulizar-threads-22,x_ss_mediastore,1790708466895.0,36.12,9170740.0,392.0,1.0,24205784.0
susN,simulizar-threads-22,x_ss_mediastore,1790708468911.0,38.14,9378840.0,413.0,1.0,24023856.0
susN,simulizar-threads-22,x_ss_mediastore,1790708470926.0,40.15,9586388.0,435.0,1.0,23796172.0
susN,simulizar-threads-22,x_ss_mediastore,1790708472941.0,42.17,9733420.0,461.0,1.0,23680356.0
susN,simulizar-threads-22,x_ss_mediastore,1790708474953.0,44.18,9886304.0,479.0,1.0,23529312.0
susN,simulizar-threads-22,x_ss_mediastore,1790708476966.0,46.2,10034144.0,502.0,1.0,23397780.0
susN,simulizar-threads-22,x_ss_mediastore,1790708478774.0,48.01,10232896.0,525.0,1.0,23186468.0
susN,simulizar-threads-22,x_ss_mediastore,1790708480786.0,50.02,10360028.0,546.0,1.0,23080232.0
susN,simulizar-threads-22,x_ss_mediastore,1790708482799.0,52.03,10505364.0,568.0,1.0,22957792.0
susN,simulizar-threads-22,x_ss_mediastore,1790708484819.0,54.04,10535604.0,588.0,1.0,22960016.0
susN,simulizar-threads-22,x_ss_mediastore,1790708486838.0,56.06,10633476.0,612.0,1.0,22843908.0
susN,simulizar-threads-22,x_ss_mediastore,1790708488853.0,58.08,10749488.0,637.0,1.0,22760732.0
susN,simulizar-threads-22,x_ss_mediastore,1790708490872.0,60.1,10890732.0,655.0,1.0,22608204.0
susN,simulizar-threads-22,x_ss_mediastore,1790708492888.0,62.11,10991928.0,678.0,1.0,22524336.0
susN,simulizar-threads-22,x_ss_mediastore,1790708494906.0,64.13,11004128.0,701.0,1.0,22519804.0
susN,simulizar-threads-22,x_ss_mediastore,1790708496925.0,66.15,11111720.0,721.0,1.0,22414984.0
susN,simulizar-threads-22,x_ss_mediastore,1790708498943.0,68.17,11225532.0,743.0,1.0,22342112.0
susN,simulizar-threads-22,x_ss_mediastore,1790708500958.0,70.19,11741392.0,768.0,1.0,21777576.0
susN,simulizar-threads-22,x_ss_mediastore,1790708502969.0,72.2,11745752.0,786.0,1.0,21768512.0
susN,simulizar-threads-22,x_ss_mediastore,1790708504780.0,74.01,11953780.0,802.0,1.0,21580840.0
susN,simulizar-threads-22,x_ss_mediastore,1790708506791.0,76.02,11983476.0,824.0,1.0,21572456.0
susN,simulizar-threads-22,x_ss_mediastore,1790708508802.0,78.03,12184720.0,837.0,1.0,21380948.0
susN,simulizar-threads-22,x_ss_mediastore,1790708510811.0,80.04,12189208.0,853.0,1.0,21379720.0
susN,simulizar-threads-22,x_ss_mediastore,1790708512827.0,82.06,12443608.0,875.0,1.0,21082156.0
susN,simulizar-threads-22,x_ss_mediastore,1790708514840.0,84.07,12475600.0,897.0,1.0,21073776.0
susN,simulizar-threads-22,x_ss_mediastore,1790708516854.0,86.08,12733252.0,919.0,1.0,20809632.0
susN,simulizar-threads-22,x_ss_mediastore,1790708518867.0,88.1,12749088.0,941.0,1.0,20792764.0
susN,simulizar-threads-22,x_ss_mediastore,1790708520902.0,90.11,12823116.0,961.0,1.0,20783792.0
susN,simulizar-threads-22,x_ss_mediastore,1790708522914.0,92.14,12909644.0,983.0,1.0,20664816.0
susN,simulizar-threads-22,x_ss_mediastore,1790708524924.0,94.16,12911380.0,1001.0,1.0,20669644.0
susN,simulizar-threads-22,x_ss_mediastore,1790708526934.0,96.16,13043436.0,1022.0,1.0,20548308.0
susN,simulizar-threads-22,x_ss_mediastore,1790708528946.0,98.17,13046328.0,1043.0,1.0,20554876.0
susN,simulizar-threads-22,x_ss_mediastore,1790708530959.0,100.19,13071304.0,1061.0,1.0,20547872.0
susN,simulizar-threads-22,x_ss_mediastore,1790708532973.0,102.2,13072396.0,1083.0,1.0,20557440.0
susN,simulizar-threads-22,x_ss_mediastore,1790708534782.0,104.01,13106500.0,1095.0,1.0,20538348.0
susN,simulizar-threads-22,x_ss_mediastore,1790708536798.0,106.02,13106996.0,1117.0,1.0,20545312.0
susN,simulizar-threads-22,x_ss_mediastore,1790708538810.0,108.04,13181752.0,1139.0,1.0,20481716.0
susN,simulizar-threads-22,x_ss_mediastore,1790708540819.0,110.05,13183444.0,1159.0,1.0,20483104.0
susN,simulizar-threads-22,x_ss_mediastore,1790708542830.0,112.06,13249632.0,1181.0,1.0,20417332.0
susN,simulizar-threads-22,x_ss_mediastore,1790708544845.0,114.07,13251604.0,1202.0,1.0,20418204.0
susN,simulizar-threads-22,x_ss_mediastore,1790708546856.0,116.09,13318800.0,1216.0,1.0,20353756.0
susN,simulizar-threads-22,x_ss_mediastore,1790708548868.0,118.1,13319444.0,1237.0,1.0,20353572.0
susN,simulizar-threads-22,x_ss_mediastore,1790708550880.0,120.11,13336812.0,1257.0,1.0,20348796.0
susN,simulizar-threads-22,x_ss_mediastore,1790708552889.0,122.12,13337700.0,1276.0,1.0,20343924.0
susN,simulizar-threads-22,x_ss_mediastore,1790708554906.0,124.13,13379516.0,1295.0,1.0,20306252.0
susN,simulizar-threads-22,x_ss_mediastore,1790708556918.0,126.15,13380748.0,1315.0,1.0,20291208.0
susN,simulizar-threads-22,x_ss_mediastore,1790708558928.0,128.16,13422008.0,1337.0,1.0,20267604.0
susN,simulizar-threads-22,x_ss_mediastore,1790708560939.0,130.17,13423612.0,1357.0,1.0,20266380.0
susN,simulizar-threads-22,x_ss_mediastore,1790708562949.0,132.18,13424132.0,1378.0,1.0,20265408.0
susN,simulizar-threads-22,x_ss_mediastore,1790708564958.0,134.19,13457540.0,1399.0,1.0,20236208.0
susN,simulizar-threads-22,x_ss_mediastore,1790708566769.0,136.0,13558536.0,1410.0,1.0,20098128.0
susN,simulizar-threads-22,x_ss_mediastore,1790708568785.0,138.01,13559128.0,1430.0,1.0,20097408.0
susN,simulizar-threads-22,x_ss_mediastore,1790708570795.0,140.03,13559732.0,1449.0,1.0,20098056.0
susN,simulizar-threads-22,x_ss_mediastore,1790708572811.0,142.04,13560272.0,1468.0,1.0,20100988.0
susN,simulizar-threads-22,x_ss_mediastore,1790708574826.0,144.05,13561204.0,1490.0,1.0,20103856.0
susN,simulizar-threads-22,x_ss_mediastore,1790708576841.0,146.07,13561740.0,1510.0,1.0,20097632.0
susN,simulizar-threads-22,x_ss_mediastore,1790708578855.0,148.08,13562324.0,1530.0,1.0,20098728.0
susN,simulizar-threads-22,x_ss_mediastore,1790708580868.0,150.1,13562848.0,1552.0,1.0,20110644.0
susN,simulizar-threads-22,x_ss_mediastore,1790708582879.0,152.11,13563468.0,1572.0,1.0,20110320.0
susN,simulizar-threads-22,x_ss_mediastore,1790708584889.0,154.12,13564168.0,1592.0,1.0,20110212.0
susN,simulizar-threads-22,x_ss_mediastore,1790708586901.0,156.13,13564472.0,1603.0,1.0,20093760.0
susN,simulizar-threads-22,x_ss_mediastore,1790708588913.0,158.14,13565112.0,1624.0,1.0,20095088.0
susN,simulizar-threads-22,x_ss_mediastore,1790708590926.0,160.15,13565716.0,1643.0,1.0,20098012.0
susN,simulizar-threads-22,x_ss_mediastore,1790708592936.0,162.17,13566256.0,1664.0,1.0,20098304.0
susN,simulizar-threads-22,x_ss_mediastore,1790708594947.0,164.18,13566876.0,1684.0,1.0,20097908.0
susN,simulizar-threads-22,x_ss_mediastore,1790708596961.0,166.19,13567348.0,1704.0,1.0,20090592.0
susN,simulizar-threads-22,x_ss_mediastore,1790708598770.0,168.0,13582080.0,1724.0,1.0,20078000.0
susN,simulizar-threads-22,x_ss_mediastore,1790708600788.0,170.01,13582564.0,1737.0,1.0,20077340.0
susN,simulizar-threads-22,x_ss_mediastore,1790708602798.0,172.03,13583376.0,1754.0,1.0,20077628.0
susN,simulizar-threads-22,x_ss_mediastore,1790708604809.0,174.04,13583864.0,1776.0,1.0,20076912.0
susN,simulizar-threads-22,x_ss_mediastore,1790708606820.0,176.05,13585056.0,1796.0,1.0,20079144.0
susN,simulizar-threads-22,x_ss_mediastore,1790708608836.0,178.06,13585696.0,1816.0,1.0,20078904.0
susN,simulizar-threads-22,x_ss_mediastore,1790708610850.0,180.08,13586216.0,1833.0,1.0,20081140.0
susN,simulizar-threads-22,x_ss_mediastore,1790708612862.0,182.09,13586768.0,1854.0,1.0,20080932.0
susN,simulizar-threads-22,x_ss_mediastore,1790708614874.0,184.11,13587184.0,1864.0,1.0,20083880.0
susN,simulizar-threads-22,x_ss_mediastore,1790708616887.0,186.12,13587664.0,1884.0,1.0,20078268.0
susN,simulizar-threads-22,x_ss_mediastore,1790708618900.0,188.13,13588248.0,1904.0,1.0,20077520.0
susN,simulizar-threads-22,x_ss_mediastore,1790708620912.0,190.14,13588844.0,1925.0,1.0,20077724.0
susN,simulizar-threads-22,x_ss_mediastore,1790708622921.0,192.15,13589300.0,1944.0,1.0,20078468.0
susN,simulizar-threads-22,x_ss_mediastore,1790708624936.0,194.16,13589936.0,1964.0,1.0,20076804.0
susN,simulizar-threads-22,x_ss_mediastore,1790708626951.0,196.18,13590100.0,1972.0,1.0,20074812.0
susN,simulizar-threads-22,x_ss_mediastore,1790708628963.0,198.19,13590800.0,1994.0,1.0,20074640.0
susN,simulizar-threads-22,x_ss_mediastore,1790708630772.0,200.0,13591120.0,2012.0,1.0,20072920.0
susN,simulizar-threads-22,x_ss_mediastore,1790708632785.0,202.02,13591904.0,2031.0,1.0,20072200.0
susN,simulizar-threads-22,x_ss_mediastore,1790708634797.0,204.03,13592268.0,2049.0,1.0,20072460.0
susN,simulizar-threads-22,x_ss_mediastore,1790708636807.0,206.04,13592880.0,2062.0,1.0,20064140.0
susN,simulizar-threads-22,x_ss_mediastore,1790708638818.0,208.05,13593184.0,2080.0,1.0,20065952.0
susN,simulizar-threads-22,x_ss_mediastore,1790708640832.0,210.06,13593924.0,2100.0,1.0,20069896.0
susN,simulizar-threads-22,x_ss_mediastore,1790708642845.0,212.07,13594256.0,2118.0,1.0,20072832.0
susN,simulizar-threads-22,x_ss_mediastore,1790708644853.0,214.09,13648284.0,2128.0,1.0,20012684.0
susN,simulizar-threads-22,x_ss_mediastore,1790708646869.0,216.1,13612084.0,2144.0,1.0,20022068.0
susN,simulizar-threads-22,x_ss_mediastore,1790708648882.0,218.11,13612384.0,2162.0,1.0,20028884.0
susN,simulizar-threads-22,x_ss_mediastore,1790708650898.0,220.13,13612636.0,2178.0,1.0,20034544.0
susN,simulizar-threads-22,x_ss_mediastore,1790708652908.0,222.14,13612848.0,2193.0,1.0,20035956.0
susN,simulizar-threads-22,x_ss_mediastore,1790708654918.0,224.15,13659348.0,2209.0,1.0,20003084.0
susN,simulizar-threads-22,x_ss_mediastore,1790708656927.0,226.16,13655036.0,2215.0,1.0,19984772.0
susN,simulizar-threads-22,x_ss_mediastore,1790708658940.0,228.17,13681788.0,2224.0,1.0,19957972.0
susN,simulizar-threads-22,x_ss_mediastore,1790708660949.0,230.18,13671956.0,2229.0,1.0,19970112.0
susN,simulizar-threads-22,x_ss_mediastore,1790708662961.0,232.19,13647952.0,2229.0,1.0,19996548.0
susN,simulizar-threads-22,x_ss_mediastore,1790708664781.0,234.0,13677848.0,2229.0,1.0,19973568.0
susN,simulizar-threads-22,x_ss_mediastore,1790708666791.0,236.02,13667588.0,2229.0,1.0,19963000.0
susN,simulizar-threads-22,x_ss_mediastore,1790708668806.0,238.04,13675840.0,2229.0,1.0,19956196.0
susN,simulizar-threads-22,x_ss_mediastore,1790708670844.0,240.07,13670664.0,2232.0,1.0,19960644.0
susN,simulizar-threads-22,x_ss_mediastore,1790708672886.0,242.12,13652824.0,2232.0,1.0,19958076.0
susN,simulizar-threads-22,x_ss_mediastore,1790708674898.0,244.13,13658572.0,2233.0,1.0,19974408.0
susN,simulizar-threads-22,x_ss_mediastore,1790708676911.0,246.14,13676752.0,2233.0,1.0,19933876.0
susN,simulizar-threads-22,x_ss_mediastore,1790708678928.0,248.15,13679916.0,2233.0,1.0,19935732.0
susN,simulizar-threads-22,x_ss_mediastore,1790708680939.0,250.17,13677816.0,2233.0,1.0,19938212.0
susN,simulizar-threads-22,x_ss_mediastore,1790708682950.0,252.18,13681708.0,2234.0,1.0,19966984.0
susN,simulizar-threads-22,x_ss_mediastore,1790708684959.0,254.19,13680248.0,2235.0,1.0,19955072.0
susN,simulizar-threads-22,x_ss_mediastore,1790708686770.0,256.0,13652080.0,2235.0,1.0,19971488.0
susN,simulizar-threads-22,x_ss_mediastore,1790708688783.0,258.01,13662684.0,2235.0,1.0,19956792.0
susN,simulizar-threads-22,x_ss_mediastore,1790708690793.0,260.02,13689864.0,2236.0,1.0,19925488.0
susN,simulizar-threads-22,x_ss_mediastore,1790708692803.0,262.03,13691236.0,2236.0,1.0,19945560.0
susN,simulizar-threads-22,x_ss_mediastore,1790708694815.0,264.04,13692852.0,2239.0,1.0,19917724.0
susN,simulizar-threads-22,x_ss_mediastore,1790708696831.0,266.06,13694880.0,2246.0,1.0,19911100.0
susN,simulizar-threads-22,x_ss_mediastore,1790708698840.0,268.07,13684944.0,2246.0,1.0,19932944.0
susN,simulizar-threads-22,x_ss_mediastore,1790708700850.0,270.08,13688232.0,2246.0,1.0,19935520.0
susN,simulizar-threads-22,x_ss_mediastore,1790708702859.0,272.09,13673672.0,2246.0,1.0,19949836.0
susN,simulizar-threads-22,x_ss_mediastore,1790708704869.0,274.1,13690092.0,2246.0,1.0,19927236.0
susN,simulizar-threads-22,x_ss_mediastore,1790708706899.0,276.11,13684916.0,2249.0,1.0,19919456.0
susN,simulizar-threads-22,x_ss_mediastore,1790708708909.0,278.14,13691316.0,2249.0,1.0,19927008.0
susN,simulizar-threads-22,x_ss_mediastore,1790708710919.0,280.15,13686776.0,2252.0,1.0,19938840.0
susN,simulizar-threads-22,x_ss_mediastore,1790708712928.0,282.16,13697336.0,2252.0,1.0,19934796.0
susN,simulizar-threads-22,x_ss_mediastore,1790708714937.0,284.17,13681600.0,2252.0,1.0,19939552.0
susN,simulizar-threads-22,x_ss_mediastore,1790708716950.0,286.18,13661116.0,2252.0,1.0,19950756.0
susN,simulizar-threads-22,x_ss_mediastore,1790708718962.0,288.19,13696656.0,2252.0,1.0,19913264.0
susN,simulizar-threads-22,x_ss_mediastore,1790708720770.0,290.0,13696228.0,2253.0,1.0,19905708.0
susN,simulizar-threads-22,x_ss_mediastore,1790708722779.0,292.01,13700228.0,2255.0,1.0,19911140.0
susN,simulizar-threads-22,x_ss_mediastore,1790708724788.0,294.02,13687972.0,2255.0,1.0,19918752.0
susN,simulizar-threads-22,x_ss_mediastore,1790708726796.0,296.03,13694104.0,2255.0,1.0,19929316.0
susN,simulizar-threads-22,x_ss_mediastore,1790708728808.0,298.04,13700248.0,2255.0,1.0,19953056.0
susN,simulizar-threads-22,x_ss_mediastore,1790708730819.0,300.05,13700360.0,2256.0,1.0,19955124.0
susN,simulizar-threads-22,x_ss_mediastore,1790708732840.0,302.06,13682832.0,2256.0,1.0,19953960.0
susN,simulizar-threads-22,x_ss_mediastore,1790708734849.0,304.08,13703268.0,2256.0,1.0,19931500.0
susN,simulizar-threads-22,x_ss_mediastore,1790708736859.0,306.09,13700948.0,2257.0,1.0,19943448.0
susN,simulizar-threads-22,x_ss_mediastore,1790708738869.0,308.1,13691324.0,2257.0,1.0,19959144.0
susN,simulizar-threads-22,x_ss_mediastore,1790708740881.0,310.11,13686776.0,2258.0,1.0,19959632.0
susN,simulizar-threads-22,x_ss_mediastore,1790708742897.0,312.12,13679220.0,2258.0,1.0,19963356.0
susN,simulizar-threads-22,x_ss_mediastore,1790708744906.0,314.14,13690704.0,2257.0,1.0,19951488.0
susN,simulizar-threads-22,x_ss_mediastore,1790708746917.0,316.15,13705968.0,2262.0,1.0,19936684.0
susN,simulizar-threads-22,x_ss_mediastore,1790708748925.0,318.16,13701696.0,2258.0,1.0,19922912.0
susN,simulizar-threads-22,x_ss_mediastore,1790708750934.0,320.17,13683204.0,2254.0,1.0,19936744.0
susN,simulizar-threads-22,x_ss_mediastore,1790708752944.0,322.18,13680304.0,2248.0,1.0,19939196.0
susN,simulizar-threads-22,x_ss_mediastore,1790708754954.0,324.18,13699876.0,2248.0,1.0,19931864.0
susN,simulizar-threads-22,x_ss_mediastore,1790708756964.0,326.19,13704512.0,2245.0,1.0,19916560.0
susN,simulizar-threads-22,x_ss_mediastore,1790708758774.0,328.01,13693664.0,2242.0,1.0,19929740.0
susN,simulizar-threads-22,x_ss_mediastore,1790708760784.0,330.01,13677636.0,2242.0,1.0,19955588.0
susN,simulizar-threads-22,x_ss_mediastore,1790708762794.0,332.02,13696088.0,2239.0,1.0,19955560.0
susN,simulizar-vt-threads-22,x_ss_mediastore,1790708970660.0,0.07,13676.0,2.0,1.0,33737264.0
susN,simulizar-vt-threads-22,x_ss_mediastore,1790708972668.0,2.08,522012.0,38.0,1.0,33210488.0
susN,simulizar-vt-threads-22,x_ss_mediastore,1790708974677.0,4.08,483996.0,46.0,1.0,33226620.0
susN,simulizar-vt-threads-22,x_ss_mediastore,1790708976685.0,6.09,579180.0,52.0,1.0,33123360.0
susN,simulizar-vt-threads-22,x_ss_mediastore,1790708978695.0,8.1,593836.0,52.0,1.0,33095708.0
susN,simulizar-vt-threads-22,x_ss_mediastore,1790708980710.0,10.11,1064948.0,77.0,1.0,32619832.0
susN,simulizar-vt-threads-22,x_ss_mediastore,1790708982723.0,12.13,4240396.0,112.0,1.0,29410912.0
susN,simulizar-vt-threads-22,x_ss_mediastore,1790708984740.0,14.14,4834668.0,127.0,1.0,28791072.0
susN,simulizar-vt-threads-22,x_ss_mediastore,1790708986758.0,16.16,5862340.0,160.0,1.0,27737220.0
susN,simulizar-vt-threads-22,x_ss_mediastore,1790708988777.0,18.17,6467772.0,178.0,1.0,27139008.0
susN,simulizar-vt-threads-22,x_ss_mediastore,1790708990791.0,20.19,7202244.0,198.0,1.0,26329128.0
susN,simulizar-vt-threads-22,x_ss_mediastore,1790708992603.0,22.01,7599472.0,218.0,1.0,25935816.0
susN,simulizar-vt-threads-22,x_ss_mediastore,1790708994630.0,24.03,7853384.0,239.0,1.0,25703484.0
susN,simulizar-vt-threads-22,x_ss_mediastore,1790708996642.0,26.05,8129156.0,263.0,1.0,25454064.0
susN,simulizar-vt-threads-22,x_ss_mediastore,1790708998660.0,28.06,8593368.0,287.0,1.0,24966988.0
susN,simulizar-vt-threads-22,x_ss_mediastore,1790709000673.0,30.08,8829736.0,305.0,1.0,24745940.0
susN,simulizar-vt-threads-22,x_ss_mediastore,1790709002690.0,32.1,9016408.0,330.0,1.0,24545352.0
susN,simulizar-vt-threads-22,x_ss_mediastore,1790709004703.0,34.11,9209244.0,351.0,1.0,24356648.0
susN,simulizar-vt-threads-22,x_ss_mediastore,1790709006720.0,36.12,9399228.0,373.0,1.0,24179280.0
susN,simulizar-vt-threads-22,x_ss_mediastore,1790709008735.0,38.14,9561116.0,394.0,1.0,24039428.0
susN,simulizar-vt-threads-22,x_ss_mediastore,1790709010751.0,40.16,9713656.0,416.0,1.0,23890112.0
susN,simulizar-vt-threads-22,x_ss_mediastore,1790709012768.0,42.17,9863864.0,438.0,1.0,23704168.0
susN,simulizar-vt-threads-22,x_ss_mediastore,1790709014781.0,44.19,10020928.0,463.0,1.0,23562360.0
susN,simulizar-vt-threads-22,x_ss_mediastore,1790709016795.0,46.2,10141216.0,485.0,1.0,23451232.0
susN,simulizar-vt-threads-22,x_ss_mediastore,1790709018607.0,48.01,10149176.0,504.0,1.0,23448716.0
susN,simulizar-vt-threads-22,x_ss_mediastore,1790709020624.0,50.03,10294912.0,524.0,1.0,23267348.0
susN,simulizar-vt-threads-22,x_ss_mediastore,1790709022639.0,52.04,10411748.0,546.0,1.0,23179156.0
susN,simulizar-vt-threads-22,x_ss_mediastore,1790709024656.0,54.06,10527700.0,568.0,1.0,23030260.0
susN,simulizar-vt-threads-22,x_ss_mediastore,1790709026674.0,56.08,10646456.0,591.0,1.0,22938060.0
susN,simulizar-vt-threads-22,x_ss_mediastore,1790709028694.0,58.1,10755448.0,615.0,1.0,22819932.0
susN,simulizar-vt-threads-22,x_ss_mediastore,1790709030710.0,60.11,10861992.0,634.0,1.0,22743676.0
susN,simulizar-vt-threads-22,x_ss_mediastore,1790709032723.0,62.13,10963976.0,656.0,1.0,22626528.0
susN,simulizar-vt-threads-22,x_ss_mediastore,1790709034740.0,64.14,11057596.0,679.0,1.0,22544896.0
susN,simulizar-vt-threads-22,x_ss_mediastore,1790709036762.0,66.16,11065564.0,700.0,1.0,22527816.0
susN,simulizar-vt-threads-22,x_ss_mediastore,1790709038785.0,68.18,11159028.0,720.0,1.0,22433408.0
susN,simulizar-vt-threads-22,x_ss_mediastore,1790709040597.0,70.0,11268416.0,744.0,1.0,22346836.0
susN,simulizar-vt-threads-22,x_ss_mediastore,1790709042615.0,72.02,11427948.0,763.0,1.0,22156612.0
susN,simulizar-vt-threads-22,x_ss_mediastore,1790709044633.0,74.04,11549300.0,785.0,1.0,22042780.0
susN,simulizar-vt-threads-22,x_ss_mediastore,1790709046655.0,76.06,12042340.0,804.0,1.0,21515192.0
susN,simulizar-vt-threads-22,x_ss_mediastore,1790709048672.0,78.08,12044556.0,818.0,1.0,21515752.0
susN,simulizar-vt-threads-22,x_ss_mediastore,1790709050689.0,80.09,12502476.0,835.0,1.0,21058400.0
susN,simulizar-vt-threads-22,x_ss_mediastore,1790709052703.0,82.11,12733620.0,857.0,1.0,20815000.0
susN,simulizar-vt-threads-22,x_ss_mediastore,1790709054718.0,84.12,12739904.0,877.0,1.0,20814764.0
susN,simulizar-vt-threads-22,x_ss_mediastore,1790709056740.0,86.14,12923760.0,900.0,1.0,20639908.0
susN,simulizar-vt-threads-22,x_ss_mediastore,1790709058761.0,88.16,12929820.0,922.0,1.0,20639912.0
susN,simulizar-vt-threads-22,x_ss_mediastore,1790709060777.0,90.18,13105276.0,943.0,1.0,20492876.0
susN,simulizar-vt-threads-22,x_ss_mediastore,1790709062795.0,92.2,13108596.0,963.0,1.0,20484568.0
susN,simulizar-vt-threads-22,x_ss_mediastore,1790709064607.0,94.01,13112164.0,983.0,1.0,20483904.0
susN,simulizar-vt-threads-22,x_ss_mediastore,1790709066630.0,96.04,13158220.0,1005.0,1.0,20439764.0
susN,simulizar-vt-threads-22,x_ss_mediastore,1790709068650.0,98.05,13159096.0,1024.0,1.0,20439968.0
susN,simulizar-vt-threads-22,x_ss_mediastore,1790709070667.0,100.07,13193292.0,1046.0,1.0,20431220.0
susN,simulizar-vt-threads-22,x_ss_mediastore,1790709072686.0,102.09,13194140.0,1066.0,1.0,20440436.0
susN,simulizar-vt-threads-22,x_ss_mediastore,1790709074707.0,104.11,13252344.0,1085.0,1.0,20390084.0
susN,simulizar-vt-threads-22,x_ss_mediastore,1790709076720.0,106.13,13254232.0,1106.0,1.0,20393476.0
susN,simulizar-vt-threads-22,x_ss_mediastore,1790709078737.0,108.14,13287536.0,1124.0,1.0,20368928.0
susN,simulizar-vt-threads-22,x_ss_mediastore,1790709080764.0,110.16,13289176.0,1139.0,1.0,20368692.0
susN,simulizar-vt-threads-22,x_ss_mediastore,1790709082786.0,112.19,13306468.0,1161.0,1.0,20357588.0
susN,simulizar-vt-threads-22,x_ss_mediastore,1790709084601.0,114.01,13307620.0,1181.0,1.0,20362504.0
susN,simulizar-vt-threads-22,x_ss_mediastore,1790709086623.0,116.02,13324496.0,1203.0,1.0,20350304.0
susN,simulizar-vt-threads-22,x_ss_mediastore,1790709088642.0,118.04,13325792.0,1225.0,1.0,20347372.0
susN,simulizar-vt-threads-22,x_ss_mediastore,1790709090661.0,120.06,13359932.0,1244.0,1.0,20303824.0
susN,simulizar-vt-threads-22,x_ss_mediastore,1790709092681.0,122.08,13400996.0,1267.0,1.0,20269848.0
susN,simulizar-vt-threads-22,x_ss_mediastore,1790709094702.0,124.1,13407956.0,1290.0,1.0,20265692.0
susN,simulizar-vt-threads-22,x_ss_mediastore,1790709096720.0,126.12,13416992.0,1311.0,1.0,20253096.0
susN,simulizar-vt-threads-22,x_ss_mediastore,1790709098740.0,128.14,13417988.0,1329.0,1.0,20254264.0
susN,simulizar-vt-threads-22,x_ss_mediastore,1790709100763.0,130.16,13435036.0,1349.0,1.0,20231044.0
susN,simulizar-vt-threads-22,x_ss_mediastore,1790709102788.0,132.19,13451776.0,1371.0,1.0,20219668.0
susN,simulizar-vt-threads-22,x_ss_mediastore,1790709104603.0,134.01,13503260.0,1382.0,1.0,20159436.0
susN,simulizar-vt-threads-22,x_ss_mediastore,1790709106629.0,136.03,13504256.0,1402.0,1.0,20157860.0
susN,simulizar-vt-threads-22,x_ss_mediastore,1790709108642.0,138.05,13505192.0,1424.0,1.0,20156384.0
susN,simulizar-vt-threads-22,x_ss_mediastore,1790709110664.0,140.06,13505996.0,1443.0,1.0,20164408.0
susN,simulizar-vt-threads-22,x_ss_mediastore,1790709112684.0,142.09,13506920.0,1465.0,1.0,20159764.0
susN,simulizar-vt-threads-22,x_ss_mediastore,1790709114707.0,144.1,13507744.0,1485.0,1.0,20159624.0
susN,simulizar-vt-threads-22,x_ss_mediastore,1790709116720.0,146.13,13510552.0,1505.0,1.0,20158144.0
susN,simulizar-vt-threads-22,x_ss_mediastore,1790709118738.0,148.14,13511012.0,1526.0,1.0,20156424.0
susN,simulizar-vt-threads-22,x_ss_mediastore,1790709120759.0,150.16,13511560.0,1545.0,1.0,20152252.0
susN,simulizar-vt-threads-22,x_ss_mediastore,1790709122775.0,152.18,13512064.0,1567.0,1.0,20153404.0
susN,simulizar-vt-threads-22,x_ss_mediastore,1790709124795.0,154.19,13512576.0,1589.0,1.0,20153180.0
susN,simulizar-vt-threads-22,x_ss_mediastore,1790709126614.0,156.02,13512980.0,1598.0,1.0,20152944.0
susN,simulizar-vt-threads-22,x_ss_mediastore,1790709128630.0,158.03,13513560.0,1620.0,1.0,20152248.0
susN,simulizar-vt-threads-22,x_ss_mediastore,1790709130645.0,160.05,13514244.0,1640.0,1.0,20143540.0
susN,simulizar-vt-threads-22,x_ss_mediastore,1790709132661.0,162.06,13514700.0,1659.0,1.0,20146728.0
susN,simulizar-vt-threads-22,x_ss_mediastore,1790709134679.0,164.08,13515352.0,1677.0,1.0,20142472.0
susN,simulizar-vt-threads-22,x_ss_mediastore,1790709136702.0,166.1,13515708.0,1699.0,1.0,20143172.0
susN,simulizar-vt-threads-22,x_ss_mediastore,1790709138717.0,168.12,13516484.0,1719.0,1.0,20143984.0
susN,simulizar-vt-threads-22,x_ss_mediastore,1790709140737.0,170.14,13516800.0,1732.0,1.0,20148972.0
susN,simulizar-vt-threads-22,x_ss_mediastore,1790709142755.0,172.16,13517588.0,1752.0,1.0,20145832.0
susN,simulizar-vt-threads-22,x_ss_mediastore,1790709144770.0,174.17,13518088.0,1772.0,1.0,20147296.0
susN,simulizar-vt-threads-22,x_ss_mediastore,1790709146787.0,176.19,13518808.0,1793.0,1.0,20146796.0
susN,simulizar-vt-threads-22,x_ss_mediastore,1790709148607.0,178.01,13519104.0,1809.0,1.0,20144812.0
susN,simulizar-vt-threads-22,x_ss_mediastore,1790709150624.0,180.03,13519824.0,1831.0,1.0,20143560.0
susN,simulizar-vt-threads-22,x_ss_mediastore,1790709152637.0,182.04,13520220.0,1851.0,1.0,20147404.0
susN,simulizar-vt-threads-22,x_ss_mediastore,1790709154651.0,184.06,13521076.0,1873.0,1.0,20146436.0
susN,simulizar-vt-threads-22,x_ss_mediastore,1790709156675.0,186.07,13521296.0,1883.0,1.0,20145396.0
susN,simulizar-vt-threads-22,x_ss_mediastore,1790709158690.0,188.1,13522020.0,1904.0,1.0,20143564.0
susN,simulizar-vt-threads-22,x_ss_mediastore,1790709160706.0,190.11,13521976.0,1916.0,1.0,20134472.0
susN,slingshot-iso-22,x_ss_mediastore,1790709163388.0,0.0,14528.0,3.0,2.0,33728468.0
susN,slingshot-iso-22,x_ss_mediastore,1790709165403.0,2.01,939004.0,91.0,2.0,32720116.0
susN,slingshot-iso-22,x_ss_mediastore,1790709167416.0,4.03,1650604.0,113.0,2.0,32040500.0
susN,slingshot-iso-22,x_ss_mediastore,1790709169429.0,6.04,1956532.0,135.0,2.0,31727524.0
susN,slingshot-iso-22,x_ss_mediastore,1790709171438.0,8.05,2135720.0,135.0,2.0,31587080.0
susN,slingshot-iso-22,x_ss_mediastore,1790709173452.0,10.06,2359912.0,135.0,2.0,31313156.0
susN,slingshot-iso-22,x_ss_mediastore,1790709175476.0,12.08,2669220.0,135.0,2.0,31000692.0
susN,slingshot-iso-22,x_ss_mediastore,1790709177503.0,14.1,2695932.0,135.0,2.0,30965916.0
susN,slingshot-iso-22,x_ss_mediastore,1790709179521.0,16.13,2992620.0,135.0,2.0,30661004.0
susN,slingshot-iso-22,x_ss_mediastore,1790709181536.0,18.15,3171588.0,135.0,2.0,30476196.0
susN,slingshot-iso-22,x_ss_mediastore,1790709183548.0,20.16,3552848.0,135.0,2.0,30075264.0
susN,slingshot-iso-22,x_ss_mediastore,1790709185563.0,22.18,3561312.0,135.0,2.0,30075272.0
susN,slingshot-iso-22,x_ss_mediastore,1790709187579.0,24.19,4025676.0,135.0,2.0,29636540.0
susN,slingshot-iso-22,x_ss_mediastore,1790709189395.0,26.0,3036240.0,137.0,2.0,30582372.0
susN,slingshot-iso-22,x_ss_mediastore,1790709191409.0,28.02,3393884.0,153.0,2.0,30254588.0
susN,slingshot-iso-22,x_ss_mediastore,1790709193426.0,30.04,3812428.0,156.0,2.0,29803760.0
susN,slingshot-iso-22,x_ss_mediastore,1790709195444.0,32.05,3376304.0,157.0,2.0,30025620.0
susN,slingshot-iso-22,x_ss_mediastore,1790709197463.0,34.07,4007472.0,157.0,2.0,29543816.0
susN,slingshot-iso-22,x_ss_mediastore,1790709199477.0,36.09,4005156.0,157.0,2.0,29548076.0
susN,slingshot-iso-22,x_ss_mediastore,1790709201502.0,38.11,4536544.0,157.0,2.0,29091720.0
susN,slingshot-iso-22,x_ss_mediastore,1790709203514.0,40.13,3678200.0,169.0,2.0,29909436.0
susN,slingshot-iso-22,x_ss_mediastore,1790709205524.0,42.14,4187824.0,177.0,2.0,29439308.0
susN,slingshot-iso-22,x_ss_mediastore,1790709207542.0,44.15,4747208.0,179.0,2.0,28882896.0
susN,slingshot-iso-22,x_ss_mediastore,1790709209555.0,46.17,5290788.0,179.0,2.0,28329764.0
susN,slingshot-iso-22,x_ss_mediastore,1790709211570.0,48.18,5295004.0,179.0,2.0,28318980.0
susN,slingshot-iso-22,x_ss_mediastore,1790709213578.0,50.19,3874448.0,190.0,2.0,29534580.0
susN,slingshot-iso-22,x_ss_mediastore,1790709215390.0,52.0,4397988.0,199.0,2.0,29142624.0
susN,slingshot-iso-22,x_ss_mediastore,1790709217403.0,54.01,4963776.0,201.0,2.0,28634104.0
susN,slingshot-iso-22,x_ss_mediastore,1790709219424.0,56.04,3894484.0,201.0,2.0,29612924.0
susN,slingshot-iso-22,x_ss_mediastore,1790709221435.0,58.05,4881376.0,204.0,2.0,28743024.0
susN,slingshot-iso-22,x_ss_mediastore,1790709223446.0,60.06,4885128.0,212.0,2.0,28733952.0
susN,slingshot-iso-22,x_ss_mediastore,1790709225465.0,62.07,5433632.0,218.0,2.0,28150576.0
susN,slingshot-iso-22,x_ss_mediastore,1790709227478.0,64.09,4219048.0,223.0,2.0,29172992.0
susN,slingshot-iso-22,x_ss_mediastore,1790709229489.0,66.1,5438332.0,225.0,2.0,28178464.0
susN,slingshot-iso-22,x_ss_mediastore,1790709231503.0,68.11,5445508.0,231.0,2.0,28149084.0
susN,slingshot-iso-22,x_ss_mediastore,1790709233514.0,70.13,5198508.0,238.0,2.0,28458144.0
susN,slingshot-iso-22,x_ss_mediastore,1790709235526.0,72.14,5204964.0,244.0,2.0,28441268.0
susN,slingshot-iso-22,x_ss_mediastore,1790709237545.0,74.15,4931032.0,247.0,2.0,28633084.0
susN,slingshot-iso-22,x_ss_mediastore,1790709239560.0,76.17,3807144.0,252.0,2.0,29217696.0
susN,slingshot-iso-22,x_ss_mediastore,1790709241574.0,78.18,3784016.0,257.0,2.0,29442332.0
susN,slingshot-iso-22,x_ss_mediastore,1790709243584.0,80.2,3773928.0,262.0,2.0,29456152.0
susN,slingshot-iso-22,x_ss_mediastore,1790709245394.0,82.0,5271500.0,266.0,2.0,28274028.0
susN,slingshot-iso-22,x_ss_mediastore,1790709247408.0,84.02,3787176.0,270.0,2.0,29405300.0
susN,slingshot-iso-22,x_ss_mediastore,1790709249428.0,86.03,3729592.0,275.0,2.0,29129804.0
susN,slingshot-iso-22,x_ss_mediastore,1790709251443.0,88.05,3731420.0,280.0,2.0,29196052.0
susN,slingshot-iso-22,x_ss_mediastore,1790709253460.0,90.07,4255928.0,285.0,2.0,29013368.0
susN,slingshot-iso-22,x_ss_mediastore,1790709255479.0,92.08,4931540.0,290.0,2.0,28451860.0
susN,slingshot-iso-22,x_ss_mediastore,1790709257496.0,94.1,4812372.0,294.0,2.0,28478160.0
susN,slingshot-iso-22,x_ss_mediastore,1790709259508.0,96.12,3771704.0,299.0,2.0,28939972.0
susN,slingshot-iso-22,x_ss_mediastore,1790709261523.0,98.13,3764732.0,304.0,2.0,28979436.0
susN,slingshot-iso-22,x_ss_mediastore,1790709263541.0,100.15,4115136.0,309.0,2.0,28877648.0
susN,slingshot-iso-22,x_ss_mediastore,1790709265557.0,102.17,4577628.0,314.0,2.0,28339380.0
susN,slingshot-iso-22,x_ss_mediastore,1790709267571.0,104.18,3836528.0,317.0,2.0,29031440.0
susN,slingshot-iso-22,x_ss_mediastore,1790709269586.0,106.2,3839200.0,323.0,2.0,28838468.0
susN,slingshot-iso-22,x_ss_mediastore,1790709271401.0,108.01,3780356.0,328.0,2.0,28854996.0
susN,slingshot-iso-22,x_ss_mediastore,1790709273419.0,110.03,3843816.0,333.0,2.0,28912184.0
susN,slingshot-iso-22,x_ss_mediastore,1790709275439.0,112.05,5021832.0,336.0,2.0,28261116.0
susN,slingshot-iso-22,x_ss_mediastore,1790709277453.0,114.06,5089096.0,341.0,2.0,28308640.0
susN,slingshot-iso-22,x_ss_mediastore,1790709279469.0,116.07,5355648.0,345.0,2.0,28080436.0
susN,slingshot-iso-22,x_ss_mediastore,1790709281481.0,118.09,3858616.0,351.0,2.0,28898284.0
susN,slingshot-iso-22,x_ss_mediastore,1790709283493.0,120.11,3888392.0,357.0,2.0,29048868.0
susN,slingshot-iso-22,x_ss_mediastore,1790709285508.0,122.12,4046160.0,359.0,2.0,28932832.0
susN,slingshot-iso-22,x_ss_mediastore,1790709287523.0,124.13,3910484.0,365.0,2.0,29067664.0
susN,slingshot-iso-22,x_ss_mediastore,1790709289538.0,126.15,3822792.0,368.0,2.0,29135500.0
susN,slingshot-iso-22,x_ss_mediastore,1790709291548.0,128.16,3845784.0,373.0,2.0,29295204.0
susN,slingshot-iso-22,x_ss_mediastore,1790709293559.0,130.17,3788180.0,377.0,2.0,29363108.0
susN,slingshot-iso-22,x_ss_mediastore,1790709295569.0,132.18,5773316.0,384.0,2.0,27851952.0
susN,slingshot-iso-22,x_ss_mediastore,1790709297578.0,134.19,5812320.0,397.0,2.0,27808636.0
susN,slingshot-iso-22,x_ss_mediastore,1790709299391.0,136.0,5832312.0,400.0,2.0,27783436.0
susN,slingshot-iso-22,x_ss_mediastore,1790709301403.0,138.01,4120432.0,398.0,2.0,28991820.0
susN,slingshot-iso-22,x_ss_mediastore,1790709303424.0,140.03,5486136.0,404.0,2.0,28041160.0
susN,slingshot-iso-22,x_ss_mediastore,1790709305436.0,142.05,3954832.0,413.0,2.0,29265212.0
susN,slingshot-iso-22,x_ss_mediastore,1790709307449.0,144.06,4018992.0,419.0,2.0,29112540.0
susN,slingshot-iso-22,x_ss_mediastore,1790709309469.0,146.07,4617500.0,423.0,2.0,28726220.0
susN,slingshot-iso-22,x_ss_mediastore,1790709311480.0,148.09,4198996.0,424.0,2.0,28929060.0
susN,slingshot-iso-22,x_ss_mediastore,1790709313492.0,150.1,4357596.0,429.0,2.0,28507492.0
susN,slingshot-iso-22,x_ss_mediastore,1790709315504.0,152.12,4347588.0,439.0,2.0,28260884.0
susN,slingshot-iso-22,x_ss_mediastore,1790709317519.0,154.13,4770424.0,444.0,2.0,28187496.0
susN,slingshot-iso-22,x_ss_mediastore,1790709319530.0,156.14,5687904.0,445.0,2.0,27738408.0
susN,slingshot-iso-22,x_ss_mediastore,1790709321540.0,158.15,5950896.0,443.0,2.0,27513644.0
susN,slingshot-iso-22,x_ss_mediastore,1790709323559.0,160.17,4714984.0,456.0,2.0,28678384.0
susN,slingshot-iso-22,x_ss_mediastore,1790709325573.0,162.18,4543228.0,465.0,2.0,28807852.0
susN,slingshot-iso-22,x_ss_mediastore,1790709327586.0,164.19,4686484.0,467.0,2.0,28618616.0
susN,slingshot-iso-22,x_ss_mediastore,1790709329399.0,166.01,6173404.0,471.0,2.0,27390292.0
susN,slingshot-iso-22,x_ss_mediastore,1790709331415.0,168.02,4739296.0,475.0,2.0,28284132.0
susN,slingshot-iso-22,x_ss_mediastore,1790709333428.0,170.04,4748388.0,481.0,2.0,28213452.0
susN,slingshot-iso-22,x_ss_mediastore,1790709335444.0,172.05,5121872.0,487.0,2.0,27716064.0
susN,slingshot-iso-22,x_ss_mediastore,1790709337463.0,174.07,6281740.0,490.0,2.0,26944692.0
susN,slingshot-iso-22,x_ss_mediastore,1790709339475.0,176.09,5382420.0,497.0,2.0,27451912.0
susN,slingshot-iso-22,x_ss_mediastore,1790709341486.0,178.1,6433204.0,501.0,2.0,26953964.0
susN,slingshot-iso-22,x_ss_mediastore,1790709343500.0,180.11,6376832.0,508.0,2.0,26999572.0
susN,slingshot-iso-22,x_ss_mediastore,1790709345517.0,182.12,6500192.0,517.0,2.0,26794456.0
susN,slingshot-iso-22,x_ss_mediastore,1790709347531.0,184.14,6730372.0,519.0,2.0,26517004.0
susN,slingshot-iso-22,x_ss_mediastore,1790709349544.0,186.16,5297512.0,517.0,2.0,27614572.0
susN,slingshot-iso-22,x_ss_mediastore,1790709351559.0,188.17,6908968.0,525.0,2.0,26560104.0
susN,slingshot-iso-22,x_ss_mediastore,1790709353574.0,190.18,5361012.0,535.0,2.0,27733012.0
susN,slingshot-iso-22,x_ss_mediastore,1790709355585.0,192.2,7200292.0,538.0,2.0,26319908.0
susN,slingshot-iso-22,x_ss_mediastore,1790709357394.0,194.01,7223328.0,535.0,2.0,26317892.0
susN,slingshot-iso-22,x_ss_mediastore,1790709359407.0,196.02,7139140.0,541.0,2.0,26343672.0
susN,slingshot-iso-22,x_ss_mediastore,1790709361428.0,198.03,5726776.0,557.0,2.0,27564996.0
susN,slingshot-iso-22,x_ss_mediastore,1790709363441.0,200.05,7488932.0,556.0,2.0,26107556.0
susN,slingshot-iso-22,x_ss_mediastore,1790709365455.0,202.07,7459324.0,558.0,2.0,26095208.0
susN,slingshot-iso-22,x_ss_mediastore,1790709367465.0,204.08,7960484.0,560.0,2.0,25613900.0
susN,slingshot-iso-22,x_ss_mediastore,1790709369476.0,206.09,7962916.0,569.0,2.0,25613652.0
susN,slingshot-iso-22,x_ss_mediastore,1790709371490.0,208.1,6170672.0,579.0,2.0,27140880.0
susN,slingshot-iso-22,x_ss_mediastore,1790709373502.0,210.11,7689672.0,581.0,2.0,25882508.0
susN,slingshot-iso-22,x_ss_mediastore,1790709375513.0,212.12,7663560.0,583.0,2.0,25874448.0
susN,slingshot-iso-22,x_ss_mediastore,1790709377523.0,214.13,7665648.0,594.0,2.0,25874456.0
susN,slingshot-iso-22,x_ss_mediastore,1790709379535.0,216.14,7666456.0,599.0,2.0,25873700.0
susN,slingshot-iso-22,x_ss_mediastore,1790709381545.0,218.16,7667032.0,601.0,2.0,25876868.0
susN,slingshot-iso-22,x_ss_mediastore,1790709383557.0,220.17,7667808.0,606.0,2.0,25884940.0
susN,slingshot-iso-22,x_ss_mediastore,1790709385568.0,222.18,6596736.0,621.0,2.0,26969156.0
susN,slingshot-iso-22,x_ss_mediastore,1790709387580.0,224.19,7729376.0,623.0,2.0,25856664.0
susN,slingshot-iso-22,x_ss_mediastore,1790709389389.0,226.0,7730280.0,625.0,2.0,25854900.0
susN,slingshot-iso-22,x_ss_mediastore,1790709391401.0,228.01,7730772.0,629.0,2.0,25856212.0
susN,slingshot-iso-22,x_ss_mediastore,1790709393413.0,230.02,7733004.0,644.0,2.0,25856212.0
susN,slingshot-iso-22,x_ss_mediastore,1790709395448.0,232.06,7733408.0,644.0,2.0,25856216.0
susN,slingshot-iso-22,x_ss_mediastore,1790709397460.0,234.07,7733852.0,646.0,2.0,25856144.0
susN,slingshot-iso-22,x_ss_mediastore,1790709399471.0,236.08,7735160.0,655.0,2.0,25856152.0
susN,slingshot-iso-22,x_ss_mediastore,1790709401484.0,238.09,7736900.0,665.0,2.0,25860200.0
susN,slingshot-iso-22,x_ss_mediastore,1790709403494.0,240.11,7737504.0,667.0,2.0,25880072.0
susN,slingshot-iso-22,x_ss_mediastore,1790709405504.0,242.12,7737956.0,670.0,2.0,25903332.0
susN,slingshot-iso-22,x_ss_mediastore,1790709407515.0,244.13,7740604.0,684.0,2.0,25922804.0
susN,slingshot-iso-22,x_ss_mediastore,1790709409530.0,246.14,6883576.0,688.0,2.0,26790124.0
susN,slingshot-iso-22,x_ss_mediastore,1790709411540.0,248.15,7491232.0,693.0,2.0,26126548.0
susN,slingshot-iso-22,x_ss_mediastore,1790709413552.0,250.16,7491532.0,694.0,2.0,26126548.0
susN,slingshot-iso-22,x_ss_mediastore,1790709415563.0,252.17,7505296.0,709.0,2.0,26110180.0
susN,slingshot-iso-22,x_ss_mediastore,1790709417573.0,254.18,7505484.0,710.0,2.0,26110180.0
susN,slingshot-iso-22,x_ss_mediastore,1790709419585.0,256.19,7505784.0,713.0,2.0,26114268.0
susN,slingshot-iso-22,x_ss_mediastore,1790709421394.0,258.01,8015072.0,717.0,2.0,25613660.0
susN,slingshot-iso-22,x_ss_mediastore,1790709423404.0,260.02,8016736.0,729.0,2.0,25611392.0
susN,slingshot-iso-22,x_ss_mediastore,1790709425418.0,262.03,8017168.0,732.0,2.0,25611396.0
susN,slingshot-iso-22,x_ss_mediastore,1790709427428.0,264.04,8017556.0,735.0,2.0,25611676.0
susN,slingshot-iso-22,x_ss_mediastore,1790709429439.0,266.05,8018568.0,743.0,2.0,25615064.0
susN,slingshot-iso-22,x_ss_mediastore,1790709431449.0,268.06,8019704.0,752.0,2.0,25621844.0
susN,slingshot-iso-22,x_ss_mediastore,1790709433459.0,270.07,8020044.0,755.0,2.0,25631044.0
susN,slingshot-iso-22,x_ss_mediastore,1790709435469.0,272.08,8020528.0,758.0,2.0,25647260.0
susN,slingshot-iso-22,x_ss_mediastore,1790709437481.0,274.09,8022136.0,769.0,2.0,25653484.0
susN,slingshot-iso-22,x_ss_mediastore,1790709439491.0,276.1,8023352.0,776.0,2.0,25655416.0
susN,slingshot-iso-22,x_ss_mediastore,1790709441502.0,278.11,8023688.0,778.0,2.0,25650976.0
susN,slingshot-iso-22,x_ss_mediastore,1790709443512.0,280.12,6748980.0,783.0,2.0,26926660.0
susN,slingshot-iso-22,x_ss_mediastore,1790709445524.0,282.14,7375576.0,798.0,2.0,26280716.0
susN,slingshot-iso-22,x_ss_mediastore,1790709447534.0,284.15,7892968.0,799.0,2.0,25768148.0
susN,slingshot-iso-22,x_ss_mediastore,1790709449544.0,286.16,7893296.0,801.0,2.0,25766160.0
susN,slingshot-iso-22,x_ss_mediastore,1790709451557.0,288.17,7893660.0,805.0,2.0,25756208.0
susN,slingshot-iso-22,x_ss_mediastore,1790709453568.0,290.18,7895196.0,818.0,2.0,25756212.0
susN,slingshot-iso-22,x_ss_mediastore,1790709455579.0,292.19,7895452.0,820.0,2.0,25756212.0
susN,slingshot-iso-22,x_ss_mediastore,1790709457588.0,294.2,7895788.0,823.0,2.0,25752956.0
susN,slingshot-iso-22,x_ss_mediastore,1790709459395.0,296.01,7896300.0,827.0,2.0,25755496.0
susN,slingshot-iso-22,x_ss_mediastore,1790709461404.0,298.02,7897860.0,840.0,2.0,25760428.0
susN,slingshot-iso-22,x_ss_mediastore,1790709463420.0,300.03,7898216.0,842.0,2.0,25765976.0
susN,slingshot-iso-22,x_ss_mediastore,1790709465431.0,302.04,7898728.0,845.0,2.0,25779672.0
susN,slingshot-iso-22,x_ss_mediastore,1790709467441.0,304.05,7896716.0,829.0,2.0,25783268.0
susN,slingshot-procs-22,x_ss_mediastore,1790709469904.0,0.0,4428.0,1.0,1.0,33731044.0
susN,slingshot-procs-22,x_ss_mediastore,1790709471953.0,2.02,4740536.0,433.0,23.0,29526412.0
susN,slingshot-procs-22,x_ss_mediastore,1790709473980.0,4.08,6015112.0,427.0,23.0,28152312.0
susN,slingshot-procs-22,x_ss_mediastore,1790709476068.0,6.11,8653112.0,545.0,23.0,25512480.0
susN,slingshot-procs-22,x_ss_mediastore,1790709478118.0,8.2,9176868.0,520.0,23.0,24672564.0
susN,slingshot-procs-22,x_ss_mediastore,1790709479975.0,10.04,9767268.0,477.0,23.0,24336200.0
susN,slingshot-procs-22,x_ss_mediastore,1790709482020.0,12.09,9894692.0,471.0,23.0,24227476.0
susN,slingshot-procs-22,x_ss_mediastore,1790709484054.0,14.14,10104540.0,479.0,23.0,24017812.0
susN,slingshot-procs-22,x_ss_mediastore,1790709486117.0,16.18,10242480.0,437.0,23.0,23854304.0
susN,slingshot-procs-22,x_ss_mediastore,1790709487975.0,18.04,10403140.0,412.0,23.0,23710668.0
susN,slingshot-procs-22,x_ss_mediastore,1790709490028.0,20.09,10458776.0,408.0,23.0,23624008.0
susN,slingshot-procs-22,x_ss_mediastore,1790709492080.0,22.15,10561340.0,407.0,23.0,23543700.0
susN,slingshot-procs-22,x_ss_mediastore,1790709494107.0,24.19,10723628.0,433.0,23.0,23391332.0
susN,slingshot-procs-22,x_ss_mediastore,1790709495945.0,26.02,10828084.0,473.0,23.0,23253576.0
susN,slingshot-procs-22,x_ss_mediastore,1790709497997.0,28.06,11042972.0,455.0,23.0,23097376.0
susN,slingshot-procs-22,x_ss_mediastore,1790709500034.0,30.12,11129780.0,389.0,23.0,22993304.0
susN,slingshot-procs-22,x_ss_mediastore,1790709502079.0,32.15,11157616.0,449.0,23.0,22982984.0
susN,slingshot-procs-22,x_ss_mediastore,1790709504102.0,34.19,11205648.0,411.0,23.0,22955572.0
susN,slingshot-procs-22,x_ss_mediastore,1790709505928.0,36.01,11186300.0,465.0,23.0,22953676.0
susN,slingshot-procs-22,x_ss_mediastore,1790709507955.0,38.04,11293992.0,502.0,23.0,22866888.0
susN,slingshot-procs-22,x_ss_mediastore,1790709509987.0,40.07,11334632.0,472.0,23.0,22816188.0
susN,slingshot-procs-22,x_ss_mediastore,1790709512009.0,42.1,11392292.0,512.0,23.0,22782264.0
susN,slingshot-procs-22,x_ss_mediastore,1790709514048.0,44.12,11480632.0,542.0,23.0,22711128.0
susN,slingshot-procs-22,x_ss_mediastore,1790709516087.0,46.17,11456368.0,544.0,23.0,22671556.0
susN,slingshot-procs-22,x_ss_mediastore,1790709518111.0,48.2,11475432.0,571.0,23.0,22663324.0
susN,slingshot-procs-22,x_ss_mediastore,1790709519936.0,50.02,11513136.0,568.0,23.0,22643212.0
susN,slingshot-procs-22,x_ss_mediastore,1790709521967.0,52.05,11512656.0,598.0,23.0,22668960.0
susN,slingshot-procs-22,x_ss_mediastore,1790709523998.0,54.08,11587984.0,591.0,23.0,22605344.0
susN,slingshot-procs-22,x_ss_mediastore,1790709526025.0,56.11,11613880.0,625.0,23.0,22570592.0
susN,slingshot-procs-22,x_ss_mediastore,1790709528051.0,58.14,11790064.0,657.0,23.0,22381196.0
susN,slingshot-procs-22,x_ss_mediastore,1790709530084.0,60.16,11830288.0,646.0,23.0,22347960.0
susN,slingshot-procs-22,x_ss_mediastore,1790709532117.0,62.2,11856352.0,673.0,23.0,22317124.0
susN,slingshot-procs-22,x_ss_mediastore,1790709533944.0,64.03,11935644.0,684.0,23.0,22241552.0
susN,slingshot-procs-22,x_ss_mediastore,1790709535988.0,66.06,12057648.0,681.0,23.0,22084148.0
susN,slingshot-procs-22,x_ss_mediastore,1790709538003.0,68.1,12087976.0,729.0,23.0,22058568.0
susN,slingshot-procs-22,x_ss_mediastore,1790709540042.0,70.12,12099876.0,726.0,23.0,22050008.0
susN,slingshot-procs-22,x_ss_mediastore,1790709542080.0,72.15,12165316.0,759.0,23.0,22007980.0
susN,slingshot-procs-22,x_ss_mediastore,1790709544104.0,74.19,12216600.0,784.0,23.0,21937384.0
susN,slingshot-procs-22,x_ss_mediastore,1790709545930.0,76.02,12201892.0,793.0,23.0,21941352.0
susN,slingshot-procs-22,x_ss_mediastore,1790709547964.0,78.05,12258420.0,808.0,23.0,21904832.0
susN,slingshot-procs-22,x_ss_mediastore,1790709549987.0,80.07,12321476.0,824.0,23.0,21843700.0
susN,slingshot-procs-22,x_ss_mediastore,1790709552015.0,82.1,12338404.0,856.0,23.0,21810080.0
susN,slingshot-procs-22,x_ss_mediastore,1790709554046.0,84.13,12371576.0,878.0,23.0,21794340.0
susN,slingshot-procs-22,x_ss_mediastore,1790709556076.0,86.16,12387796.0,901.0,23.0,21786516.0
susN,slingshot-procs-22,x_ss_mediastore,1790709558107.0,88.19,12419568.0,925.0,23.0,21754832.0
susN,slingshot-procs-22,x_ss_mediastore,1790709559931.0,90.02,12529804.0,951.0,23.0,21640764.0
susN,slingshot-procs-22,x_ss_mediastore,1790709561955.0,92.04,12569168.0,985.0,23.0,21596800.0
susN,slingshot-procs-22,x_ss_mediastore,1790709563980.0,94.07,12621392.0,970.0,23.0,21537908.0
susN,slingshot-procs-22,x_ss_mediastore,1790709566010.0,96.09,12666484.0,984.0,23.0,21473676.0
susN,slingshot-procs-22,x_ss_mediastore,1790709568041.0,98.12,12725500.0,970.0,23.0,21413324.0
susN,slingshot-procs-22,x_ss_mediastore,1790709570069.0,100.15,12782552.0,978.0,23.0,21379896.0
susN,slingshot-procs-22,x_ss_mediastore,1790709572098.0,102.18,12840940.0,1004.0,23.0,21294500.0
susN,slingshot-procs-22,x_ss_mediastore,1790709573923.0,104.01,12887100.0,1032.0,23.0,21263036.0
susN,slingshot-procs-22,x_ss_mediastore,1790709575952.0,106.03,12936992.0,1077.0,23.0,21204180.0
susN,slingshot-procs-22,x_ss_mediastore,1790709577984.0,108.06,12996372.0,1100.0,23.0,21162096.0
susN,slingshot-procs-22,x_ss_mediastore,1790709580002.0,110.1,13044188.0,1096.0,23.0,21086332.0
susN,slingshot-procs-22,x_ss_mediastore,1790709582032.0,112.12,13088440.0,1109.0,23.0,21059040.0
susN,slingshot-procs-22,x_ss_mediastore,1790709584075.0,114.14,13119684.0,1131.0,23.0,21037544.0
susN,slingshot-procs-22,x_ss_mediastore,1790709586105.0,116.19,13178232.0,1144.0,23.0,20966208.0
susN,slingshot-procs-22,x_ss_mediastore,1790709587934.0,118.02,13205240.0,1161.0,23.0,20944736.0
susN,slingshot-procs-22,x_ss_mediastore,1790709589968.0,120.04,13268628.0,1184.0,23.0,20878192.0
susN,slingshot-procs-22,x_ss_mediastore,1790709591994.0,122.08,13365208.0,1228.0,23.0,20735732.0
susN,slingshot-procs-22,x_ss_mediastore,1790709594042.0,124.12,13528184.0,1259.0,23.0,20556564.0
susN,slingshot-procs-22,x_ss_mediastore,1790709596083.0,126.16,13576208.0,1271.0,23.0,20466460.0
susN,slingshot-procs-22,x_ss_mediastore,1790709598109.0,128.2,13606804.0,1255.0,23.0,20471152.0
susN,slingshot-procs-22,x_ss_mediastore,1790709599933.0,130.02,13629488.0,1261.0,23.0,20450304.0
susN,slingshot-procs-22,x_ss_mediastore,1790709601958.0,132.05,13637604.0,1276.0,23.0,20489204.0
susN,slingshot-procs-22,x_ss_mediastore,1790709603994.0,134.07,13726328.0,1310.0,23.0,20424120.0
susN,slingshot-procs-22,x_ss_mediastore,1790709606030.0,136.1,13751308.0,1332.0,23.0,20366580.0
susN,slingshot-procs-22,x_ss_mediastore,1790709608053.0,138.14,13819560.0,1339.0,23.0,20286252.0
susN,slingshot-procs-22,x_ss_mediastore,1790709610086.0,140.17,13868644.0,1355.0,23.0,20256616.0
susN,slingshot-procs-22,x_ss_mediastore,1790709612120.0,142.2,13950052.0,1381.0,23.0,20152836.0
susN,slingshot-procs-22,x_ss_mediastore,1790709613939.0,144.03,13981256.0,1390.0,23.0,20119600.0
susN,slingshot-procs-22,x_ss_mediastore,1790709615975.0,146.05,14016652.0,1436.0,23.0,20082440.0
susN,slingshot-procs-22,x_ss_mediastore,1790709618014.0,148.09,14076288.0,1437.0,23.0,20045480.0
susN,slingshot-procs-22,x_ss_mediastore,1790709620048.0,150.13,14155616.0,1449.0,23.0,19952928.0
susN,slingshot-procs-22,x_ss_mediastore,1790709622083.0,152.16,14197212.0,1465.0,23.0,19905156.0
susN,slingshot-procs-22,x_ss_mediastore,1790709624121.0,154.19,14283564.0,1492.0,23.0,19805864.0
susN,slingshot-procs-22,x_ss_mediastore,1790709625951.0,156.03,14287192.0,1503.0,23.0,19814584.0
susN,slingshot-procs-22,x_ss_mediastore,1790709627979.0,158.06,14321308.0,1528.0,23.0,19785372.0
susN,slingshot-procs-22,x_ss_mediastore,1790709630005.0,160.09,14368668.0,1550.0,23.0,19744024.0
susN,slingshot-procs-22,x_ss_mediastore,1790709632042.0,162.12,14408052.0,1567.0,23.0,19717580.0
susN,slingshot-procs-22,x_ss_mediastore,1790709634068.0,164.15,14432032.0,1576.0,23.0,19700664.0
susN,slingshot-procs-22,x_ss_mediastore,1790709636097.0,166.18,14441640.0,1588.0,23.0,19687748.0
susN,slingshot-procs-22,x_ss_mediastore,1790709637929.0,168.0,14478396.0,1603.0,23.0,19661268.0
susN,slingshot-procs-22,x_ss_mediastore,1790709639964.0,170.04,14500600.0,1626.0,23.0,19640700.0
susN,slingshot-procs-22,x_ss_mediastore,1790709641985.0,172.07,14528848.0,1645.0,23.0,19621788.0
susN,slingshot-procs-22,x_ss_mediastore,1790709644022.0,174.1,14563908.0,1663.0,23.0,19577576.0
susN,slingshot-procs-22,x_ss_mediastore,1790709646064.0,176.14,14614268.0,1679.0,23.0,19517032.0
susN,slingshot-procs-22,x_ss_mediastore,1790709648093.0,178.18,14675600.0,1708.0,23.0,19428788.0
susN,slingshot-procs-22,x_ss_mediastore,1790709649928.0,180.0,14693688.0,1724.0,23.0,19398668.0
susN,slingshot-procs-22,x_ss_mediastore,1790709651970.0,182.04,14751244.0,1759.0,23.0,19349152.0
susN,slingshot-procs-22,x_ss_mediastore,1790709653989.0,184.08,14780864.0,1792.0,23.0,19329352.0
susN,slingshot-procs-22,x_ss_mediastore,1790709656022.0,186.1,14755848.0,1803.0,23.0,19335264.0
susN,slingshot-procs-22,x_ss_mediastore,1790709658050.0,188.14,14776608.0,1804.0,23.0,19333412.0
susN,slingshot-procs-22,x_ss_mediastore,1790709660086.0,190.16,14784376.0,1806.0,23.0,19335252.0
susN,slingshot-procs-22,x_ss_mediastore,1790709662110.0,192.2,14774700.0,1821.0,23.0,19349992.0
susN,slingshot-procs-22,x_ss_mediastore,1790709663943.0,194.02,14807500.0,1841.0,23.0,19330100.0
susN,slingshot-procs-22,x_ss_mediastore,1790709665967.0,196.06,14811044.0,1856.0,23.0,19319816.0
susN,slingshot-procs-22,x_ss_mediastore,1790709667988.0,198.07,14851184.0,1876.0,23.0,19273312.0
susN,slingshot-procs-22,x_ss_mediastore,1790709670015.0,200.09,14935436.0,1898.0,23.0,19171380.0
susN,slingshot-procs-22,x_ss_mediastore,1790709672053.0,202.13,14922332.0,1920.0,23.0,19180736.0
susN,slingshot-procs-22,x_ss_mediastore,1790709674088.0,204.17,14917488.0,1933.0,23.0,19190416.0
susN,slingshot-procs-22,x_ss_mediastore,1790709676112.0,206.2,14938312.0,1950.0,23.0,19155936.0
susN,slingshot-procs-22,x_ss_mediastore,1790709677949.0,208.02,15004632.0,1974.0,23.0,19088144.0
susN,slingshot-procs-22,x_ss_mediastore,1790709679975.0,210.06,15016808.0,1990.0,23.0,19075660.0
susN,slingshot-procs-22,x_ss_mediastore,1790709682005.0,212.08,15001552.0,2011.0,23.0,19091700.0
susN,slingshot-procs-22,x_ss_mediastore,1790709684039.0,214.12,15033068.0,2027.0,23.0,19080484.0
susN,slingshot-procs-22,x_ss_mediastore,1790709686089.0,216.15,15029476.0,2047.0,23.0,19084204.0
susN,slingshot-procs-22,x_ss_mediastore,1790709687918.0,218.0,15036336.0,2061.0,23.0,19085656.0
susN,slingshot-procs-22,x_ss_mediastore,1790709689956.0,220.03,15045948.0,2084.0,23.0,19079552.0
susN,slingshot-procs-22,x_ss_mediastore,1790709691978.0,222.07,15052152.0,2098.0,23.0,19076708.0
susN,slingshot-procs-22,x_ss_mediastore,1790709694006.0,224.09,15074376.0,2121.0,23.0,19057912.0
susN,slingshot-procs-22,x_ss_mediastore,1790709696026.0,226.12,15121700.0,2142.0,23.0,18985132.0
susN,slingshot-procs-22,x_ss_mediastore,1790709698066.0,228.14,15199232.0,2162.0,23.0,18893788.0
susN,slingshot-procs-22,x_ss_mediastore,1790709700101.0,230.18,15241048.0,2178.0,23.0,18851940.0
susN,slingshot-procs-22,x_ss_mediastore,1790709701938.0,232.01,15248448.0,2200.0,23.0,18845588.0
susN,slingshot-procs-22,x_ss_mediastore,1790709703970.0,234.05,15288272.0,2236.0,23.0,18802424.0
susN,slingshot-procs-22,x_ss_mediastore,1790709706000.0,236.08,15270776.0,2268.0,23.0,18805028.0
susN,slingshot-procs-22,x_ss_mediastore,1790709708022.0,238.11,15294212.0,2283.0,23.0,18785300.0
susN,slingshot-procs-22,x_ss_mediastore,1790709710051.0,240.14,15301060.0,2284.0,23.0,18790264.0
susN,slingshot-procs-22,x_ss_mediastore,1790709712084.0,242.16,15272848.0,2294.0,23.0,18820324.0
susN,slingshot-procs-22,x_ss_mediastore,1790709714105.0,244.19,15278728.0,2308.0,23.0,18821412.0
susN,slingshot-procs-22,x_ss_mediastore,1790709715928.0,246.02,15284596.0,2329.0,23.0,18821284.0
susN,slingshot-procs-22,x_ss_mediastore,1790709717953.0,248.04,15305300.0,2347.0,23.0,18803420.0
susN,slingshot-procs-22,x_ss_mediastore,1790709719986.0,250.06,15321896.0,2367.0,23.0,18778268.0
susN,slingshot-procs-22,x_ss_mediastore,1790709722010.0,252.1,15345868.0,2384.0,23.0,18762100.0
susN,slingshot-procs-22,x_ss_mediastore,1790709724033.0,254.12,15364168.0,2403.0,23.0,18734900.0
susN,slingshot-procs-22,x_ss_mediastore,1790709726065.0,256.14,15353864.0,2425.0,23.0,18749508.0
susN,slingshot-procs-22,x_ss_mediastore,1790709728112.0,258.17,15358776.0,2448.0,23.0,18745084.0
susN,slingshot-procs-22,x_ss_mediastore,1790709729940.0,260.02,15364244.0,2464.0,23.0,18745316.0
susN,slingshot-procs-22,x_ss_mediastore,1790709731978.0,262.05,15379960.0,2479.0,23.0,18734176.0
susN,slingshot-procs-22,x_ss_mediastore,1790709734005.0,264.09,15386472.0,2495.0,23.0,18727768.0
susN,slingshot-procs-22,x_ss_mediastore,1790709736043.0,266.12,15393408.0,2511.0,23.0,18721820.0
susN,slingshot-procs-22,x_ss_mediastore,1790709738089.0,268.16,15397432.0,2526.0,23.0,18719812.0
susN,slingshot-procs-22,x_ss_mediastore,1790709740123.0,270.2,15400604.0,2542.0,23.0,18717608.0
susN,slingshot-procs-22,x_ss_mediastore,1790709741950.0,272.03,15400368.0,2564.0,23.0,18712912.0
susN,slingshot-procs-22,x_ss_mediastore,1790709744006.0,274.06,15404996.0,2586.0,23.0,18703072.0
susN,slingshot-procs-22,x_ss_mediastore,1790709746036.0,276.12,15411316.0,2606.0,23.0,18701976.0
susN,slingshot-procs-22,x_ss_mediastore,1790709748079.0,278.15,15414568.0,2625.0,23.0,18698396.0
susN,slingshot-procs-22,x_ss_mediastore,1790709750110.0,280.19,15418384.0,2645.0,23.0,18689488.0
susN,slingshot-procs-22,x_ss_mediastore,1790709751937.0,282.02,15420860.0,2658.0,23.0,18690912.0
susN,slingshot-procs-22,x_ss_mediastore,1790709753972.0,284.06,15423868.0,2675.0,23.0,18682260.0
susN,slingshot-procs-22,x_ss_mediastore,1790709756004.0,286.08,15427316.0,2696.0,23.0,18681028.0
susN,slingshot-procs-22,x_ss_mediastore,1790709758031.0,288.12,15432340.0,2721.0,23.0,18676404.0
susN,slingshot-procs-22,x_ss_mediastore,1790709760053.0,290.14,15441128.0,2743.0,23.0,18664392.0
susN,slingshot-procs-22,x_ss_mediastore,1790709762090.0,292.17,15445440.0,2760.0,23.0,18652500.0
susN,slingshot-procs-22,x_ss_mediastore,1790709763921.0,294.0,15460044.0,2786.0,23.0,18633132.0
susN,slingshot-procs-22,x_ss_mediastore,1790709765956.0,296.03,15460588.0,2801.0,23.0,18636576.0
susN,slingshot-procs-22,x_ss_mediastore,1790709767988.0,298.07,15469980.0,2818.0,23.0,18629620.0
susN,slingshot-procs-22,x_ss_mediastore,1790709770017.0,300.1,15484116.0,2838.0,23.0,18618440.0
susN,slingshot-procs-22,x_ss_mediastore,1790709772048.0,302.13,15480712.0,2854.0,23.0,18618304.0
susN,slingshot-procs-22,x_ss_mediastore,1790709774067.0,304.16,9789608.0,1830.0,16.0,23866296.0
